myownaccuracy,respcorrs,minNrPractice,considerNrTrials,Instr_resp.keys,Instr_resp.rt,key_resp_2.keys,key_resp_2.rt,instruction_loop.thisRepN,instruction_loop.thisTrialN,instruction_loop.thisN,instruction_loop.thisIndex,instruction_loop.ran,slides,participant,Expra Code,date,expName,psychopyVersion,OS,frameRate
[],[],10,10,space,48.9475,space,0.8901,0,0,0,0,1,stimuli/slide1.png,,,2021-11-25_17h05.00.774,MemLear_ses-01_part-01_label-phase1,2020.1.3,MacIntel,60
,,,,,,space,0.7492,0,1,1,1,1,stimuli/slide2.png,,,2021-11-25_17h05.00.774,MemLear_ses-01_part-01_label-phase1,2020.1.3,MacIntel,60
,,,,,,space,0.4813,0,2,2,2,1,stimuli/slide3.png,,,2021-11-25_17h05.00.774,MemLear_ses-01_part-01_label-phase1,2020.1.3,MacIntel,60
,,,,,,space,0.3113,0,3,3,3,1,stimuli/slide4.png,,,2021-11-25_17h05.00.774,MemLear_ses-01_part-01_label-phase1,2020.1.3,MacIntel,60
,,,,,,space,3.0352,0,4,4,4,1,stimuli/slide5.png,,,2021-11-25_17h05.00.774,MemLear_ses-01_part-01_label-phase1,2020.1.3,MacIntel,60
,,,,,,space,1.1458,0,5,5,5,1,stimuli/slide6.png,,,2021-11-25_17h05.00.774,MemLear_ses-01_part-01_label-phase1,2020.1.3,MacIntel,60
