myownaccuracy,respcorrs,minNrPractice,considerNrTrials,Instr_resp.keys,Instr_resp.rt,key_resp_2.keys,key_resp_2.rt,instruction_loop.thisRepN,instruction_loop.thisTrialN,instruction_loop.thisN,instruction_loop.thisIndex,instruction_loop.ran,slides,participant,Expra Code,date,expName,psychopyVersion,OS,frameRate,taskGoresp.keys,taskGoresp.rt,pract_resp.keys,pract_resp.corr,pract_resp.rt,myownaccuracyCORR,pract_loop.thisRepN,pract_loop.thisTrialN,pract_loop.thisN,pract_loop.thisIndex,pract_loop.ran,character,left_categ,centleft_categ,centright_categ,right_categ,trial_cond,corr_ans,corr_ans_num,type,img,rep_resp.keys,rep_resp.rt,repeat_practice.thisRepN,repeat_practice.thisTrialN,repeat_practice.thisN,repeat_practice.thisIndex,repeat_practice.ran,task_response.keys,task_response.corr,task_response.rt,task_loop.thisRepN,task_loop.thisTrialN,task_loop.thisN,task_loop.thisIndex,task_loop.ran,condition
[],[],10,10,space,0.6107,space,0.3196,0,0,0,0,1,stimuli/slide1.png,12,,2021-12-17_18h05.31.806,MemLear_ses-01_part-01_label-phase1,2020.1.3,Win32,60,,,,,,,,,,,,,,,,,,,,,,,,,,,,,,,,,,,,,
,,,,,,space,0.1307,0,1,1,1,1,stimuli/slide2.png,12,,2021-12-17_18h05.31.806,MemLear_ses-01_part-01_label-phase1,2020.1.3,Win32,60,,,,,,,,,,,,,,,,,,,,,,,,,,,,,,,,,,,,,
,,,,,,space,0.1382,0,2,2,2,1,stimuli/slide3.png,12,,2021-12-17_18h05.31.806,MemLear_ses-01_part-01_label-phase1,2020.1.3,Win32,60,,,,,,,,,,,,,,,,,,,,,,,,,,,,,,,,,,,,,
,,,,,,space,0.1961,0,3,3,3,1,stimuli/slide4.png,12,,2021-12-17_18h05.31.806,MemLear_ses-01_part-01_label-phase1,2020.1.3,Win32,60,,,,,,,,,,,,,,,,,,,,,,,,,,,,,,,,,,,,,
,,,,,,space,0.3382,0,4,4,4,1,stimuli/slide5.png,12,,2021-12-17_18h05.31.806,MemLear_ses-01_part-01_label-phase1,2020.1.3,Win32,60,,,,,,,,,,,,,,,,,,,,,,,,,,,,,,,,,,,,,
,,,,,,space,0.6351,0,5,5,5,1,stimuli/slide6.png,12,,2021-12-17_18h05.31.806,MemLear_ses-01_part-01_label-phase1,2020.1.3,Win32,60,,,,,,,,,,,,,,,,,,,,,,,,,,,,,,,,,,,,,
1,[],,,,,,,,,,,,,12,,2021-12-17_18h05.31.806,MemLear_ses-01_part-01_label-phase1,2020.1.3,Win32,60,space,41.076,1,1,3.1073,1,0,0,0,0,1,stimuli/m_red.jpg,stimuli/Food.png,stimuli/Gamestoy & entertainment.png,stimuli/Vehicle.png,stimuli/Clothing.png,1,Food,1,1,stimuli/objects/chocolatecroissant.jpg,,,,,,,,,,,,,,,,
0,[1],,,,,,,,,,,,,12,,2021-12-17_18h05.31.806,MemLear_ses-01_part-01_label-phase1,2020.1.3,Win32,60,,,3,0,2.2591,1,0,1,1,1,1,stimuli/m_red.jpg,stimuli/Clothing.png,stimuli/Food.png,stimuli/Gamestoy & entertainment.png,stimuli/Vehicle.png,0,Vehicle,4,0,stimuli/objects/tricycle.jpg,,,,,,,,,,,,,,,,
1,[1],,,,,,,,,,,,,12,,2021-12-17_18h05.31.806,MemLear_ses-01_part-01_label-phase1,2020.1.3,Win32,60,,,4,1,2.3214,1,0,2,2,2,1,stimuli/m_blue.jpg,stimuli/Vehicle.png,stimuli/Clothing.png,stimuli/Gamestoy & entertainment.png,stimuli/Food.png,0,Food,4,0,stimuli/objects/cracker02.jpg,,,,,,,,,,,,,,,,
1,[1],,,,,,,,,,,,,12,,2021-12-17_18h05.31.806,MemLear_ses-01_part-01_label-phase1,2020.1.3,Win32,60,,,4,1,2.6141,1,0,3,3,3,1,stimuli/m_red.jpg,stimuli/Clothing.png,stimuli/Vehicle.png,stimuli/Gamestoy & entertainment.png,stimuli/Food.png,1,Food,4,1,stimuli/objects/hotdog.jpg,,,,,,,,,,,,,,,,
1,"[1,1]",,,,,,,,,,,,,12,,2021-12-17_18h05.31.806,MemLear_ses-01_part-01_label-phase1,2020.1.3,Win32,60,,,3,1,1.4123,1,0,4,4,4,1,stimuli/m_red.jpg,stimuli/Clothing.png,stimuli/Gamestoy & entertainment.png,stimuli/Food.png,stimuli/Vehicle.png,1,Food,3,1,stimuli/objects/kiwi03.jpg,,,,,,,,,,,,,,,,
1,"[1,1,1]",,,,,,,,,,,,,12,,2021-12-17_18h05.31.806,MemLear_ses-01_part-01_label-phase1,2020.1.3,Win32,60,,,3,1,3.6589,1,0,5,5,5,1,stimuli/m_red.jpg,stimuli/Vehicle.png,stimuli/Gamestoy & entertainment.png,stimuli/Food.png,stimuli/Clothing.png,1,Food,3,1,stimuli/objects/greenolive.jpg,,,,,,,,,,,,,,,,
0,"[1,1,1,1]",,,,,,,,,,,,,12,,2021-12-17_18h05.31.806,MemLear_ses-01_part-01_label-phase1,2020.1.3,Win32,60,,,1,0,1.4642,0,0,6,6,6,1,stimuli/m_blue.jpg,stimuli/Food.png,stimuli/Clothing.png,stimuli/Vehicle.png,stimuli/Gamestoy & entertainment.png,1,Gamestoy & entertainment,4,1,stimuli/objects/paperairplane.jpg,,,,,,,,,,,,,,,,
0,"[1,1,1,1,0]",,,,,,,,,,,,,12,,2021-12-17_18h05.31.806,MemLear_ses-01_part-01_label-phase1,2020.1.3,Win32,60,,,4,0,2.4557,0,0,7,7,7,1,stimuli/m_blue.jpg,stimuli/Vehicle.png,stimuli/Gamestoy & entertainment.png,stimuli/Food.png,stimuli/Clothing.png,1,Gamestoy & entertainment,2,1,stimuli/objects/toyanimal02.jpg,,,,,,,,,,,,,,,,
1,"[1,1,1,1,0,0]",,,,,,,,,,,,,12,,2021-12-17_18h05.31.806,MemLear_ses-01_part-01_label-phase1,2020.1.3,Win32,60,,,4,1,1.4588,1,0,8,8,8,1,stimuli/m_red.jpg,stimuli/Vehicle.png,stimuli/Clothing.png,stimuli/Gamestoy & entertainment.png,stimuli/Food.png,1,Food,4,1,stimuli/objects/casabamelon.jpg,,,,,,,,,,,,,,,,
1,"[1,1,1,1,0,0,1]",,,,,,,,,,,,,12,,2021-12-17_18h05.31.806,MemLear_ses-01_part-01_label-phase1,2020.1.3,Win32,60,,,1,1,2.3905,1,0,9,9,9,1,stimuli/m_blue.jpg,stimuli/Gamestoy & entertainment.png,stimuli/Clothing.png,stimuli/Vehicle.png,stimuli/Food.png,1,Gamestoy & entertainment,1,1,stimuli/objects/paddleball.jpg,,,,,,,,,,,,,,,,
1,"[1,1,1,1,0,0,1,1]",,,,,,,,,,,,,12,,2021-12-17_18h05.31.806,MemLear_ses-01_part-01_label-phase1,2020.1.3,Win32,60,,,1,1,0.8933,1,0,10,10,10,1,stimuli/m_blue.jpg,stimuli/Gamestoy & entertainment.png,stimuli/Clothing.png,stimuli/Food.png,stimuli/Vehicle.png,1,Gamestoy & entertainment,1,1,stimuli/objects/rockinghorse.jpg,,,,,,,,,,,,,,,,
1,"[1,1,1,1,0,0,1,1,1]",,,,,,,,,,,,,12,,2021-12-17_18h05.31.806,MemLear_ses-01_part-01_label-phase1,2020.1.3,Win32,60,,,2,1,0.9591,1,0,11,11,11,1,stimuli/m_red.jpg,stimuli/Vehicle.png,stimuli/Food.png,stimuli/Clothing.png,stimuli/Gamestoy & entertainment.png,1,Food,2,1,stimuli/objects/arugula.jpg,,,,,,,,,,,,,,,,
,,,,,,,,,,,,,,12,,2021-12-17_18h05.31.806,MemLear_ses-01_part-01_label-phase1,2020.1.3,Win32,60,,,,,,,,,,,,,,,,,,,,,,n,69.3662,0,0,0,0,1,,,,,,,,,
,,,,,,,,,,,,,,12,,2021-12-17_18h05.31.806,MemLear_ses-01_part-01_label-phase1,2020.1.3,Win32,60,,,,,,,,,,,,stimuli/m_black.jpg,stimuli/Hand labour tool & accessory.png,stimuli/Outdoor activity & sport item.png,stimuli/Kitchen & utensil.png,stimuli/Electronic device & accessory.png,,Outdoor activity & sport item,2,1,stimuli/objects/gymnasticring.jpg,,,,,,,,2,1,1.51,0,0,0,0,1,1
,,,,,,,,,,,,,,12,,2021-12-17_18h05.31.806,MemLear_ses-01_part-01_label-phase1,2020.1.3,Win32,60,,,,,,,,,,,,stimuli/m_black.jpg,stimuli/Outdoor activity & sport item.png,stimuli/Kitchen & utensil.png,stimuli/Electronic device & accessory.png,stimuli/Hand labour tool & accessory.png,,Outdoor activity & sport item,1,1,stimuli/objects/exercisebench.jpg,,,,,,,,1,1,1.5644,0,1,1,1,1,1
,,,,,,,,,,,,,,12,,2021-12-17_18h05.31.806,MemLear_ses-01_part-01_label-phase1,2020.1.3,Win32,60,,,,,,,,,,,,stimuli/m_orange.jpg,stimuli/Outdoor activity & sport item.png,stimuli/Kitchen & utensil.png,stimuli/Hand labour tool & accessory.png,stimuli/Electronic device & accessory.png,,Hand labour tool & accessory,3,1,stimuli/objects/jumpercables.jpg,,,,,,,,3,1,1.71,0,2,2,2,1,0
,,,,,,,,,,,,,,12,,2021-12-17_18h05.31.806,MemLear_ses-01_part-01_label-phase1,2020.1.3,Win32,60,,,,,,,,,,,,stimuli/m_orange.jpg,stimuli/Electronic device & accessory.png,stimuli/Hand labour tool & accessory.png,stimuli/Kitchen & utensil.png,stimuli/Outdoor activity & sport item.png,,Hand labour tool & accessory,2,1,stimuli/objects/pipewrench.jpg,,,,,,,,4,0,1.7015,0,3,3,3,1,0
,,,,,,,,,,,,,,12,,2021-12-17_18h05.31.806,MemLear_ses-01_part-01_label-phase1,2020.1.3,Win32,60,,,,,,,,,,,,stimuli/m_orange.jpg,stimuli/Kitchen & utensil.png,stimuli/Hand labour tool & accessory.png,stimuli/Outdoor activity & sport item.png,stimuli/Electronic device & accessory.png,,Hand labour tool & accessory,2,1,stimuli/objects/tape02a.jpg,,,,,,,,3,0,2.0615,0,4,4,4,1,0
,,,,,,,,,,,,,,12,,2021-12-17_18h05.31.806,MemLear_ses-01_part-01_label-phase1,2020.1.3,Win32,60,,,,,,,,,,,,stimuli/m_black.jpg,stimuli/Kitchen & utensil.png,stimuli/Hand labour tool & accessory.png,stimuli/Outdoor activity & sport item.png,stimuli/Electronic device & accessory.png,,Outdoor activity & sport item,3,1,stimuli/objects/swing.jpg,,,,,,,,3,1,3.0087,0,5,5,5,1,1
,,,,,,,,,,,,,,12,,2021-12-17_18h05.31.806,MemLear_ses-01_part-01_label-phase1,2020.1.3,Win32,60,,,,,,,,,,,,stimuli/m_black.jpg,stimuli/Hand labour tool & accessory.png,stimuli/Electronic device & accessory.png,stimuli/Kitchen & utensil.png,stimuli/Outdoor activity & sport item.png,,Kitchen & utensil,3,0,stimuli/objects/tray.jpg,,,,,,,,1,0,2.1264,0,6,6,6,1,1
,,,,,,,,,,,,,,12,,2021-12-17_18h05.31.806,MemLear_ses-01_part-01_label-phase1,2020.1.3,Win32,60,,,,,,,,,,,,stimuli/m_orange.jpg,stimuli/Hand labour tool & accessory.png,stimuli/Outdoor activity & sport item.png,stimuli/Electronic device & accessory.png,stimuli/Kitchen & utensil.png,,Hand labour tool & accessory,1,1,stimuli/objects/wirestripper.jpg,,,,,,,,2,0,3.5538,0,7,7,7,1,0
,,,,,,,,,,,,,,12,,2021-12-17_18h05.31.806,MemLear_ses-01_part-01_label-phase1,2020.1.3,Win32,60,,,,,,,,,,,,stimuli/m_orange.jpg,stimuli/Outdoor activity & sport item.png,stimuli/Electronic device & accessory.png,stimuli/Kitchen & utensil.png,stimuli/Hand labour tool & accessory.png,,Hand labour tool & accessory,4,1,stimuli/objects/carjack.jpg,,,,,,,,,0,,0,8,8,8,1,0
,,,,,,,,,,,,,,12,,2021-12-17_18h05.31.806,MemLear_ses-01_part-01_label-phase1,2020.1.3,Win32,60,,,,,,,,,,,,stimuli/m_orange.jpg,stimuli/Electronic device & accessory.png,stimuli/Outdoor activity & sport item.png,stimuli/Hand labour tool & accessory.png,stimuli/Kitchen & utensil.png,,Hand labour tool & accessory,3,1,stimuli/objects/hedgeshears.jpg,,,,,,,,2,0,2.8678,0,9,9,9,1,0
,,,,,,,,,,,,,,12,,2021-12-17_18h05.31.806,MemLear_ses-01_part-01_label-phase1,2020.1.3,Win32,60,,,,,,,,,,,,stimuli/m_orange.jpg,stimuli/Kitchen & utensil.png,stimuli/Outdoor activity & sport item.png,stimuli/Electronic device & accessory.png,stimuli/Hand labour tool & accessory.png,,Hand labour tool & accessory,4,1,stimuli/objects/jumpingjack.jpg,,,,,,,,3,0,2.3182,0,10,10,10,1,0
,,,,,,,,,,,,,,12,,2021-12-17_18h05.31.806,MemLear_ses-01_part-01_label-phase1,2020.1.3,Win32,60,,,,,,,,,,,,stimuli/m_black.jpg,stimuli/Electronic device & accessory.png,stimuli/Kitchen & utensil.png,stimuli/Hand labour tool & accessory.png,stimuli/Outdoor activity & sport item.png,,Outdoor activity & sport item,4,1,stimuli/objects/beachumbrella01.jpg,,,,,,,,4,1,2.1124,0,11,11,11,1,1
,,,,,,,,,,,,,,12,,2021-12-17_18h05.31.806,MemLear_ses-01_part-01_label-phase1,2020.1.3,Win32,60,,,,,,,,,,,,stimuli/m_orange.jpg,stimuli/Kitchen & utensil.png,stimuli/Outdoor activity & sport item.png,stimuli/Electronic device & accessory.png,stimuli/Hand labour tool & accessory.png,,Hand labour tool & accessory,4,1,stimuli/objects/metalbrush.jpg,,,,,,,,3,0,2.0675,0,12,12,12,1,0
,,,,,,,,,,,,,,12,,2021-12-17_18h05.31.806,MemLear_ses-01_part-01_label-phase1,2020.1.3,Win32,60,,,,,,,,,,,,stimuli/m_orange.jpg,stimuli/Outdoor activity & sport item.png,stimuli/Electronic device & accessory.png,stimuli/Kitchen & utensil.png,stimuli/Hand labour tool & accessory.png,,Hand labour tool & accessory,4,1,stimuli/objects/gavel.jpg,,,,,,,,1,0,2.1464,0,13,13,13,1,0
,,,,,,,,,,,,,,12,,2021-12-17_18h05.31.806,MemLear_ses-01_part-01_label-phase1,2020.1.3,Win32,60,,,,,,,,,,,,stimuli/m_black.jpg,stimuli/Outdoor activity & sport item.png,stimuli/Electronic device & accessory.png,stimuli/Hand labour tool & accessory.png,stimuli/Kitchen & utensil.png,,Hand labour tool & accessory,3,0,stimuli/objects/shopvac.jpg,,,,,,,,3,1,2.8805,0,14,14,14,1,1
,,,,,,,,,,,,,,12,,2021-12-17_18h05.31.806,MemLear_ses-01_part-01_label-phase1,2020.1.3,Win32,60,,,,,,,,,,,,stimuli/m_orange.jpg,stimuli/Kitchen & utensil.png,stimuli/Outdoor activity & sport item.png,stimuli/Hand labour tool & accessory.png,stimuli/Electronic device & accessory.png,,Hand labour tool & accessory,3,1,stimuli/objects/file.jpg,,,,,,,,2,0,1.493,0,15,15,15,1,0
,,,,,,,,,,,,,,12,,2021-12-17_18h05.31.806,MemLear_ses-01_part-01_label-phase1,2020.1.3,Win32,60,,,,,,,,,,,,stimuli/m_orange.jpg,stimuli/Kitchen & utensil.png,stimuli/Electronic device & accessory.png,stimuli/Outdoor activity & sport item.png,stimuli/Hand labour tool & accessory.png,,Hand labour tool & accessory,4,1,stimuli/objects/gardenshears01a.jpg,,,,,,,,,0,,0,16,16,16,1,0
,,,,,,,,,,,,,,12,,2021-12-17_18h05.31.806,MemLear_ses-01_part-01_label-phase1,2020.1.3,Win32,60,,,,,,,,,,,,stimuli/m_black.jpg,stimuli/Kitchen & utensil.png,stimuli/Hand labour tool & accessory.png,stimuli/Electronic device & accessory.png,stimuli/Outdoor activity & sport item.png,,Electronic device & accessory,3,0,stimuli/objects/avcable.jpg,,,,,,,,3,1,1.1603,0,17,17,17,1,1
,,,,,,,,,,,,,,12,,2021-12-17_18h05.31.806,MemLear_ses-01_part-01_label-phase1,2020.1.3,Win32,60,,,,,,,,,,,,stimuli/m_orange.jpg,stimuli/Kitchen & utensil.png,stimuli/Electronic device & accessory.png,stimuli/Hand labour tool & accessory.png,stimuli/Outdoor activity & sport item.png,,Hand labour tool & accessory,3,1,stimuli/objects/bowrake.jpg,,,,,,,,4,0,1.8477,0,18,18,18,1,0
,,,,,,,,,,,,,,12,,2021-12-17_18h05.31.806,MemLear_ses-01_part-01_label-phase1,2020.1.3,Win32,60,,,,,,,,,,,,stimuli/m_black.jpg,stimuli/Kitchen & utensil.png,stimuli/Hand labour tool & accessory.png,stimuli/Outdoor activity & sport item.png,stimuli/Electronic device & accessory.png,,Outdoor activity & sport item,3,1,stimuli/objects/bikepump01.jpg,,,,,,,,4,0,2.8945,0,19,19,19,1,1
,,,,,,,,,,,,,,12,,2021-12-17_18h05.31.806,MemLear_ses-01_part-01_label-phase1,2020.1.3,Win32,60,,,,,,,,,,,,stimuli/m_black.jpg,stimuli/Outdoor activity & sport item.png,stimuli/Hand labour tool & accessory.png,stimuli/Kitchen & utensil.png,stimuli/Electronic device & accessory.png,,Outdoor activity & sport item,1,1,stimuli/objects/golfball.jpg,,,,,,,,1,1,2.7324,0,20,20,20,1,1
,,,,,,,,,,,,,,12,,2021-12-17_18h05.31.806,MemLear_ses-01_part-01_label-phase1,2020.1.3,Win32,60,,,,,,,,,,,,stimuli/m_black.jpg,stimuli/Kitchen & utensil.png,stimuli/Outdoor activity & sport item.png,stimuli/Electronic device & accessory.png,stimuli/Hand labour tool & accessory.png,,Hand labour tool & accessory,4,0,stimuli/objects/caulking.jpg,,,,,,,,2,0,3.0208,0,21,21,21,1,1
,,,,,,,,,,,,,,12,,2021-12-17_18h05.31.806,MemLear_ses-01_part-01_label-phase1,2020.1.3,Win32,60,,,,,,,,,,,,stimuli/m_orange.jpg,stimuli/Electronic device & accessory.png,stimuli/Kitchen & utensil.png,stimuli/Outdoor activity & sport item.png,stimuli/Hand labour tool & accessory.png,,Hand labour tool & accessory,4,1,stimuli/objects/staplegun.jpg,,,,,,,,3,0,3.3832,0,22,22,22,1,0
,,,,,,,,,,,,,,12,,2021-12-17_18h05.31.806,MemLear_ses-01_part-01_label-phase1,2020.1.3,Win32,60,,,,,,,,,,,,stimuli/m_black.jpg,stimuli/Electronic device & accessory.png,stimuli/Hand labour tool & accessory.png,stimuli/Kitchen & utensil.png,stimuli/Outdoor activity & sport item.png,,Outdoor activity & sport item,4,1,stimuli/objects/tennisball01b.jpg,,,,,,,,1,0,3.5705,0,23,23,23,1,1
,,,,,,,,,,,,,,12,,2021-12-17_18h05.31.806,MemLear_ses-01_part-01_label-phase1,2020.1.3,Win32,60,,,,,,,,,,,,stimuli/m_black.jpg,stimuli/Kitchen & utensil.png,stimuli/Electronic device & accessory.png,stimuli/Outdoor activity & sport item.png,stimuli/Hand labour tool & accessory.png,,Outdoor activity & sport item,3,1,stimuli/objects/umbrella04.jpg,,,,,,,,3,1,2.7792,0,24,24,24,1,1
,,,,,,,,,,,,,,12,,2021-12-17_18h05.31.806,MemLear_ses-01_part-01_label-phase1,2020.1.3,Win32,60,,,,,,,,,,,,stimuli/m_orange.jpg,stimuli/Hand labour tool & accessory.png,stimuli/Electronic device & accessory.png,stimuli/Outdoor activity & sport item.png,stimuli/Kitchen & utensil.png,,Hand labour tool & accessory,1,1,stimuli/objects/flashlight02b.jpg,,,,,,,,2,0,3.48,0,25,25,25,1,0
,,,,,,,,,,,,,,12,,2021-12-17_18h05.31.806,MemLear_ses-01_part-01_label-phase1,2020.1.3,Win32,60,,,,,,,,,,,,stimuli/m_orange.jpg,stimuli/Kitchen & utensil.png,stimuli/Hand labour tool & accessory.png,stimuli/Outdoor activity & sport item.png,stimuli/Electronic device & accessory.png,,Hand labour tool & accessory,2,1,stimuli/objects/lock03a.jpg,,,,,,,,3,0,0.9411,0,26,26,26,1,0
,,,,,,,,,,,,,,12,,2021-12-17_18h05.31.806,MemLear_ses-01_part-01_label-phase1,2020.1.3,Win32,60,,,,,,,,,,,,stimuli/m_orange.jpg,stimuli/Electronic device & accessory.png,stimuli/Outdoor activity & sport item.png,stimuli/Kitchen & utensil.png,stimuli/Hand labour tool & accessory.png,,Hand labour tool & accessory,4,1,stimuli/objects/sledgehammer.jpg,,,,,,,,3,0,2.6271,0,27,27,27,1,0
,,,,,,,,,,,,,,12,,2021-12-17_18h05.31.806,MemLear_ses-01_part-01_label-phase1,2020.1.3,Win32,60,,,,,,,,,,,,stimuli/m_black.jpg,stimuli/Electronic device & accessory.png,stimuli/Outdoor activity & sport item.png,stimuli/Kitchen & utensil.png,stimuli/Hand labour tool & accessory.png,,Outdoor activity & sport item,2,1,stimuli/objects/binoculars01b.jpg,,,,,,,,2,1,1.2889,0,28,28,28,1,1
,,,,,,,,,,,,,,12,,2021-12-17_18h05.31.806,MemLear_ses-01_part-01_label-phase1,2020.1.3,Win32,60,,,,,,,,,,,,stimuli/m_black.jpg,stimuli/Outdoor activity & sport item.png,stimuli/Kitchen & utensil.png,stimuli/Hand labour tool & accessory.png,stimuli/Electronic device & accessory.png,,Outdoor activity & sport item,1,1,stimuli/objects/weight01.jpg,,,,,,,,1,1,1.3492,0,29,29,29,1,1
,,,,,,,,,,,,,,12,,2021-12-17_18h05.31.806,MemLear_ses-01_part-01_label-phase1,2020.1.3,Win32,60,,,,,,,,,,,,stimuli/m_black.jpg,stimuli/Kitchen & utensil.png,stimuli/Hand labour tool & accessory.png,stimuli/Outdoor activity & sport item.png,stimuli/Electronic device & accessory.png,,Outdoor activity & sport item,3,1,stimuli/objects/bikelock.jpg,,,,,,,,,0,,0,30,30,30,1,1
,,,,,,,,,,,,,,12,,2021-12-17_18h05.31.806,MemLear_ses-01_part-01_label-phase1,2020.1.3,Win32,60,,,,,,,,,,,,stimuli/m_orange.jpg,stimuli/Outdoor activity & sport item.png,stimuli/Kitchen & utensil.png,stimuli/Hand labour tool & accessory.png,stimuli/Electronic device & accessory.png,,Outdoor activity & sport item,1,0,stimuli/objects/frisbee.jpg,,,,,,,,2,0,3.6491,0,31,31,31,1,0
,,,,,,,,,,,,,,12,,2021-12-17_18h05.31.806,MemLear_ses-01_part-01_label-phase1,2020.1.3,Win32,60,,,,,,,,,,,,stimuli/m_black.jpg,stimuli/Electronic device & accessory.png,stimuli/Hand labour tool & accessory.png,stimuli/Kitchen & utensil.png,stimuli/Outdoor activity & sport item.png,,Electronic device & accessory,1,0,stimuli/objects/monitor.jpg,,,,,,,,4,0,1.9935,0,32,32,32,1,1
,,,,,,,,,,,,,,12,,2021-12-17_18h05.31.806,MemLear_ses-01_part-01_label-phase1,2020.1.3,Win32,60,,,,,,,,,,,,stimuli/m_orange.jpg,stimuli/Hand labour tool & accessory.png,stimuli/Kitchen & utensil.png,stimuli/Outdoor activity & sport item.png,stimuli/Electronic device & accessory.png,,Hand labour tool & accessory,1,1,stimuli/objects/loppingshears.jpg,,,,,,,,1,1,2.3421,0,33,33,33,1,0
,,,,,,,,,,,,,,12,,2021-12-17_18h05.31.806,MemLear_ses-01_part-01_label-phase1,2020.1.3,Win32,60,,,,,,,,,,,,stimuli/m_black.jpg,stimuli/Outdoor activity & sport item.png,stimuli/Kitchen & utensil.png,stimuli/Hand labour tool & accessory.png,stimuli/Electronic device & accessory.png,,Outdoor activity & sport item,1,1,stimuli/objects/hockeygoalieglove.jpg,,,,,,,,1,1,2.8767,0,34,34,34,1,1
,,,,,,,,,,,,,,12,,2021-12-17_18h05.31.806,MemLear_ses-01_part-01_label-phase1,2020.1.3,Win32,60,,,,,,,,,,,,stimuli/m_black.jpg,stimuli/Hand labour tool & accessory.png,stimuli/Electronic device & accessory.png,stimuli/Outdoor activity & sport item.png,stimuli/Kitchen & utensil.png,,Outdoor activity & sport item,3,1,stimuli/objects/sportbag.jpg,,,,,,,,3,1,2.0765,0,35,35,35,1,1
,,,,,,,,,,,,,,12,,2021-12-17_18h05.31.806,MemLear_ses-01_part-01_label-phase1,2020.1.3,Win32,60,,,,,,,,,,,,stimuli/m_orange.jpg,stimuli/Hand labour tool & accessory.png,stimuli/Electronic device & accessory.png,stimuli/Kitchen & utensil.png,stimuli/Outdoor activity & sport item.png,,Outdoor activity & sport item,4,0,stimuli/objects/anchor.jpg,,,,,,,,1,0,2.5101,0,36,36,36,1,0
,,,,,,,,,,,,,,12,,2021-12-17_18h05.31.806,MemLear_ses-01_part-01_label-phase1,2020.1.3,Win32,60,,,,,,,,,,,,stimuli/m_orange.jpg,stimuli/Electronic device & accessory.png,stimuli/Kitchen & utensil.png,stimuli/Hand labour tool & accessory.png,stimuli/Outdoor activity & sport item.png,,Hand labour tool & accessory,3,1,stimuli/objects/solderingwire.jpg,,,,,,,,4,0,1.4404,0,37,37,37,1,0
,,,,,,,,,,,,,,12,,2021-12-17_18h05.31.806,MemLear_ses-01_part-01_label-phase1,2020.1.3,Win32,60,,,,,,,,,,,,stimuli/m_black.jpg,stimuli/Outdoor activity & sport item.png,stimuli/Kitchen & utensil.png,stimuli/Hand labour tool & accessory.png,stimuli/Electronic device & accessory.png,,Kitchen & utensil,2,0,stimuli/objects/blender.jpg,,,,,,,,3,0,3.3272,0,38,38,38,1,1
,,,,,,,,,,,,,,12,,2021-12-17_18h05.31.806,MemLear_ses-01_part-01_label-phase1,2020.1.3,Win32,60,,,,,,,,,,,,stimuli/m_orange.jpg,stimuli/Kitchen & utensil.png,stimuli/Electronic device & accessory.png,stimuli/Hand labour tool & accessory.png,stimuli/Outdoor activity & sport item.png,,Hand labour tool & accessory,3,1,stimuli/objects/gluetube.jpg,,,,,,,,4,0,1.4919,0,39,39,39,1,0
,,,,,,,,,,,,,,12,,2021-12-17_18h05.31.806,MemLear_ses-01_part-01_label-phase1,2020.1.3,Win32,60,,,,,,,,,,,,stimuli/m_black.jpg,stimuli/Electronic device & accessory.png,stimuli/Hand labour tool & accessory.png,stimuli/Kitchen & utensil.png,stimuli/Outdoor activity & sport item.png,,Electronic device & accessory,1,0,stimuli/objects/alarmsystem.jpg,,,,,,,,1,1,2.2036,0,40,40,40,1,1
,,,,,,,,,,,,,,12,,2021-12-17_18h05.31.806,MemLear_ses-01_part-01_label-phase1,2020.1.3,Win32,60,,,,,,,,,,,,stimuli/m_black.jpg,stimuli/Electronic device & accessory.png,stimuli/Outdoor activity & sport item.png,stimuli/Hand labour tool & accessory.png,stimuli/Kitchen & utensil.png,,Outdoor activity & sport item,2,1,stimuli/objects/punchingball.jpg,,,,,,,,1,0,2.3443,0,41,41,41,1,1
,,,,,,,,,,,,,,12,,2021-12-17_18h05.31.806,MemLear_ses-01_part-01_label-phase1,2020.1.3,Win32,60,,,,,,,,,,,,stimuli/m_orange.jpg,stimuli/Electronic device & accessory.png,stimuli/Outdoor activity & sport item.png,stimuli/Hand labour tool & accessory.png,stimuli/Kitchen & utensil.png,,Hand labour tool & accessory,3,1,stimuli/objects/tablesaw.jpg,,,,,,,,2,0,1.5115,0,42,42,42,1,0
,,,,,,,,,,,,,,12,,2021-12-17_18h05.31.806,MemLear_ses-01_part-01_label-phase1,2020.1.3,Win32,60,,,,,,,,,,,,stimuli/m_orange.jpg,stimuli/Outdoor activity & sport item.png,stimuli/Electronic device & accessory.png,stimuli/Hand labour tool & accessory.png,stimuli/Kitchen & utensil.png,,Kitchen & utensil,4,0,stimuli/objects/bowl02a.jpg,,,,,,,,1,0,1.8057,0,43,43,43,1,0
,,,,,,,,,,,,,,12,,2021-12-17_18h05.31.806,MemLear_ses-01_part-01_label-phase1,2020.1.3,Win32,60,,,,,,,,,,,,stimuli/m_orange.jpg,stimuli/Electronic device & accessory.png,stimuli/Hand labour tool & accessory.png,stimuli/Outdoor activity & sport item.png,stimuli/Kitchen & utensil.png,,Outdoor activity & sport item,3,0,stimuli/objects/boogieboard.jpg,,,,,,,,4,0,2.7168,0,44,44,44,1,0
,,,,,,,,,,,,,,12,,2021-12-17_18h05.31.806,MemLear_ses-01_part-01_label-phase1,2020.1.3,Win32,60,,,,,,,,,,,,stimuli/m_black.jpg,stimuli/Electronic device & accessory.png,stimuli/Hand labour tool & accessory.png,stimuli/Outdoor activity & sport item.png,stimuli/Kitchen & utensil.png,,Outdoor activity & sport item,3,1,stimuli/objects/exercisemachine.jpg,,,,,,,,3,1,1.9746,0,45,45,45,1,1
,,,,,,,,,,,,,,12,,2021-12-17_18h05.31.806,MemLear_ses-01_part-01_label-phase1,2020.1.3,Win32,60,,,,,,,,,,,,stimuli/m_black.jpg,stimuli/Hand labour tool & accessory.png,stimuli/Outdoor activity & sport item.png,stimuli/Electronic device & accessory.png,stimuli/Kitchen & utensil.png,,Outdoor activity & sport item,2,1,stimuli/objects/charcoalbarbecue.jpg,,,,,,,,3,0,2.1445,0,46,46,46,1,1
,,,,,,,,,,,,,,12,,2021-12-17_18h05.31.806,MemLear_ses-01_part-01_label-phase1,2020.1.3,Win32,60,,,,,,,,,,,,stimuli/m_orange.jpg,stimuli/Hand labour tool & accessory.png,stimuli/Outdoor activity & sport item.png,stimuli/Kitchen & utensil.png,stimuli/Electronic device & accessory.png,,Hand labour tool & accessory,1,1,stimuli/objects/pliers02b.jpg,,,,,,,,2,0,1.3361,0,47,47,47,1,0
,,,,,,,,,,,,,,12,,2021-12-17_18h05.31.806,MemLear_ses-01_part-01_label-phase1,2020.1.3,Win32,60,,,,,,,,,,,,stimuli/m_black.jpg,stimuli/Kitchen & utensil.png,stimuli/Hand labour tool & accessory.png,stimuli/Electronic device & accessory.png,stimuli/Outdoor activity & sport item.png,,Hand labour tool & accessory,2,0,stimuli/objects/painttray.jpg,,,,,,,,3,0,2.3388,0,48,48,48,1,1
,,,,,,,,,,,,,,12,,2021-12-17_18h05.31.806,MemLear_ses-01_part-01_label-phase1,2020.1.3,Win32,60,,,,,,,,,,,,stimuli/m_orange.jpg,stimuli/Hand labour tool & accessory.png,stimuli/Electronic device & accessory.png,stimuli/Kitchen & utensil.png,stimuli/Outdoor activity & sport item.png,,Hand labour tool & accessory,1,1,stimuli/objects/measuringtape01.jpg,,,,,,,,4,0,1.512,0,49,49,49,1,0
,,,,,,,,,,,,,,12,,2021-12-17_18h05.31.806,MemLear_ses-01_part-01_label-phase1,2020.1.3,Win32,60,,,,,,,,,,,,stimuli/m_orange.jpg,stimuli/Hand labour tool & accessory.png,stimuli/Kitchen & utensil.png,stimuli/Outdoor activity & sport item.png,stimuli/Electronic device & accessory.png,,Hand labour tool & accessory,1,1,stimuli/objects/hammer01.jpg,,,,,,,,1,1,2.9203,0,50,50,50,1,0
,,,,,,,,,,,,,,12,,2021-12-17_18h05.31.806,MemLear_ses-01_part-01_label-phase1,2020.1.3,Win32,60,,,,,,,,,,,,stimuli/m_orange.jpg,stimuli/Outdoor activity & sport item.png,stimuli/Hand labour tool & accessory.png,stimuli/Electronic device & accessory.png,stimuli/Kitchen & utensil.png,,Outdoor activity & sport item,1,0,stimuli/objects/bikehelmet.jpg,,,,,,,,2,0,1.5456,0,51,51,51,1,0
,,,,,,,,,,,,,,12,,2021-12-17_18h05.31.806,MemLear_ses-01_part-01_label-phase1,2020.1.3,Win32,60,,,,,,,,,,,,stimuli/m_orange.jpg,stimuli/Kitchen & utensil.png,stimuli/Hand labour tool & accessory.png,stimuli/Electronic device & accessory.png,stimuli/Outdoor activity & sport item.png,,Electronic device & accessory,3,0,stimuli/objects/carlighter02.jpg,,,,,,,,2,0,3.2093,0,52,52,52,1,0
,,,,,,,,,,,,,,12,,2021-12-17_18h05.31.806,MemLear_ses-01_part-01_label-phase1,2020.1.3,Win32,60,,,,,,,,,,,,stimuli/m_black.jpg,stimuli/Kitchen & utensil.png,stimuli/Electronic device & accessory.png,stimuli/Hand labour tool & accessory.png,stimuli/Outdoor activity & sport item.png,,Outdoor activity & sport item,4,1,stimuli/objects/basketballhoop01.jpg,,,,,,,,2,0,1.4146,0,53,53,53,1,1
,,,,,,,,,,,,,,12,,2021-12-17_18h05.31.806,MemLear_ses-01_part-01_label-phase1,2020.1.3,Win32,60,,,,,,,,,,,,stimuli/m_black.jpg,stimuli/Outdoor activity & sport item.png,stimuli/Hand labour tool & accessory.png,stimuli/Kitchen & utensil.png,stimuli/Electronic device & accessory.png,,Kitchen & utensil,3,0,stimuli/objects/fonduefork01.jpg,,,,,,,,4,0,2.3631,0,54,54,54,1,1
,,,,,,,,,,,,,,12,,2021-12-17_18h05.31.806,MemLear_ses-01_part-01_label-phase1,2020.1.3,Win32,60,,,,,,,,,,,,stimuli/m_black.jpg,stimuli/Kitchen & utensil.png,stimuli/Electronic device & accessory.png,stimuli/Outdoor activity & sport item.png,stimuli/Hand labour tool & accessory.png,,Outdoor activity & sport item,3,1,stimuli/objects/snowboard.jpg,,,,,,,,,0,,0,55,55,55,1,1
,,,,,,,,,,,,,,12,,2021-12-17_18h05.31.806,MemLear_ses-01_part-01_label-phase1,2020.1.3,Win32,60,,,,,,,,,,,,stimuli/m_black.jpg,stimuli/Hand labour tool & accessory.png,stimuli/Electronic device & accessory.png,stimuli/Kitchen & utensil.png,stimuli/Outdoor activity & sport item.png,,Hand labour tool & accessory,1,0,stimuli/objects/pickaxe02.jpg,,,,,,,,4,0,1.5758,0,56,56,56,1,1
,,,,,,,,,,,,,,12,,2021-12-17_18h05.31.806,MemLear_ses-01_part-01_label-phase1,2020.1.3,Win32,60,,,,,,,,,,,,stimuli/m_black.jpg,stimuli/Electronic device & accessory.png,stimuli/Outdoor activity & sport item.png,stimuli/Kitchen & utensil.png,stimuli/Hand labour tool & accessory.png,,Electronic device & accessory,1,0,stimuli/objects/cellphone.jpg,,,,,,,,2,0,2.4443,0,57,57,57,1,1
,,,,,,,,,,,,,,12,,2021-12-17_18h05.31.806,MemLear_ses-01_part-01_label-phase1,2020.1.3,Win32,60,,,,,,,,,,,,stimuli/m_black.jpg,stimuli/Hand labour tool & accessory.png,stimuli/Outdoor activity & sport item.png,stimuli/Electronic device & accessory.png,stimuli/Kitchen & utensil.png,,Outdoor activity & sport item,2,1,stimuli/objects/bowlingball.jpg,,,,,,,,3,0,1.4024,0,58,58,58,1,1
,,,,,,,,,,,,,,12,,2021-12-17_18h05.31.806,MemLear_ses-01_part-01_label-phase1,2020.1.3,Win32,60,,,,,,,,,,,,stimuli/m_black.jpg,stimuli/Outdoor activity & sport item.png,stimuli/Hand labour tool & accessory.png,stimuli/Electronic device & accessory.png,stimuli/Kitchen & utensil.png,,Outdoor activity & sport item,1,1,stimuli/objects/podium.jpg,,,,,,,,1,1,2.8617,0,59,59,59,1,1
,,,,,,,,,,,,,,12,,2021-12-17_18h05.31.806,MemLear_ses-01_part-01_label-phase1,2020.1.3,Win32,60,,,,,,,,,,,,stimuli/m_orange.jpg,stimuli/Outdoor activity & sport item.png,stimuli/Electronic device & accessory.png,stimuli/Hand labour tool & accessory.png,stimuli/Kitchen & utensil.png,,Hand labour tool & accessory,3,1,stimuli/objects/cheeseknife01.jpg,,,,,,,,4,0,1.9187,0,60,60,60,1,0
,,,,,,,,,,,,,,12,,2021-12-17_18h05.31.806,MemLear_ses-01_part-01_label-phase1,2020.1.3,Win32,60,,,,,,,,,,,,stimuli/m_black.jpg,stimuli/Electronic device & accessory.png,stimuli/Kitchen & utensil.png,stimuli/Hand labour tool & accessory.png,stimuli/Outdoor activity & sport item.png,,Outdoor activity & sport item,4,1,stimuli/objects/magneticcompass.jpg,,,,,,,,3,0,0.9606,0,61,61,61,1,1
,,,,,,,,,,,,,,12,,2021-12-17_18h05.31.806,MemLear_ses-01_part-01_label-phase1,2020.1.3,Win32,60,,,,,,,,,,,,stimuli/m_black.jpg,stimuli/Electronic device & accessory.png,stimuli/Hand labour tool & accessory.png,stimuli/Outdoor activity & sport item.png,stimuli/Kitchen & utensil.png,,Outdoor activity & sport item,3,1,stimuli/objects/bikewheel.jpg,,,,,,,,3,1,2.2386,0,62,62,62,1,1
,,,,,,,,,,,,,,12,,2021-12-17_18h05.31.806,MemLear_ses-01_part-01_label-phase1,2020.1.3,Win32,60,,,,,,,,,,,,stimuli/m_black.jpg,stimuli/Kitchen & utensil.png,stimuli/Outdoor activity & sport item.png,stimuli/Hand labour tool & accessory.png,stimuli/Electronic device & accessory.png,,Outdoor activity & sport item,2,1,stimuli/objects/reflector.jpg,,,,,,,,2,1,0.9529,0,63,63,63,1,1
,,,,,,,,,,,,,,12,,2021-12-17_18h05.31.806,MemLear_ses-01_part-01_label-phase1,2020.1.3,Win32,60,,,,,,,,,,,,stimuli/m_black.jpg,stimuli/Hand labour tool & accessory.png,stimuli/Outdoor activity & sport item.png,stimuli/Kitchen & utensil.png,stimuli/Electronic device & accessory.png,,Electronic device & accessory,4,0,stimuli/objects/scanner.jpg,,,,,,,,1,0,1.4785,0,64,64,64,1,1
,,,,,,,,,,,,,,12,,2021-12-17_18h05.31.806,MemLear_ses-01_part-01_label-phase1,2020.1.3,Win32,60,,,,,,,,,,,,stimuli/m_black.jpg,stimuli/Kitchen & utensil.png,stimuli/Outdoor activity & sport item.png,stimuli/Electronic device & accessory.png,stimuli/Hand labour tool & accessory.png,,Outdoor activity & sport item,2,1,stimuli/objects/swimgoggles.jpg,,,,,,,,2,1,1.0524,0,65,65,65,1,1
,,,,,,,,,,,,,,12,,2021-12-17_18h05.31.806,MemLear_ses-01_part-01_label-phase1,2020.1.3,Win32,60,,,,,,,,,,,,stimuli/m_black.jpg,stimuli/Hand labour tool & accessory.png,stimuli/Kitchen & utensil.png,stimuli/Outdoor activity & sport item.png,stimuli/Electronic device & accessory.png,,Outdoor activity & sport item,3,1,stimuli/objects/tennisracket.jpg,,,,,,,,3,1,1.0918,0,66,66,66,1,1
,,,,,,,,,,,,,,12,,2021-12-17_18h05.31.806,MemLear_ses-01_part-01_label-phase1,2020.1.3,Win32,60,,,,,,,,,,,,stimuli/m_black.jpg,stimuli/Outdoor activity & sport item.png,stimuli/Electronic device & accessory.png,stimuli/Kitchen & utensil.png,stimuli/Hand labour tool & accessory.png,,Outdoor activity & sport item,1,1,stimuli/objects/toyhockeystick01.jpg,,,,,,,,1,1,0.9931,0,67,67,67,1,1
,,,,,,,,,,,,,,12,,2021-12-17_18h05.31.806,MemLear_ses-01_part-01_label-phase1,2020.1.3,Win32,60,,,,,,,,,,,,stimuli/m_orange.jpg,stimuli/Hand labour tool & accessory.png,stimuli/Electronic device & accessory.png,stimuli/Outdoor activity & sport item.png,stimuli/Kitchen & utensil.png,,Kitchen & utensil,4,0,stimuli/objects/styrofoamcup.jpg,,,,,,,,2,0,0.9818,0,68,68,68,1,0
,,,,,,,,,,,,,,12,,2021-12-17_18h05.31.806,MemLear_ses-01_part-01_label-phase1,2020.1.3,Win32,60,,,,,,,,,,,,stimuli/m_black.jpg,stimuli/Electronic device & accessory.png,stimuli/Kitchen & utensil.png,stimuli/Outdoor activity & sport item.png,stimuli/Hand labour tool & accessory.png,,Outdoor activity & sport item,3,1,stimuli/objects/volleyball.jpg,,,,,,,,3,1,0.9679,0,69,69,69,1,1
,,,,,,,,,,,,,,12,,2021-12-17_18h05.31.806,MemLear_ses-01_part-01_label-phase1,2020.1.3,Win32,60,,,,,,,,,,,,stimuli/m_black.jpg,stimuli/Electronic device & accessory.png,stimuli/Hand labour tool & accessory.png,stimuli/Outdoor activity & sport item.png,stimuli/Kitchen & utensil.png,,Kitchen & utensil,4,0,stimuli/objects/oven.jpg,,,,,,,,3,0,1.0582,0,70,70,70,1,1
,,,,,,,,,,,,,,12,,2021-12-17_18h05.31.806,MemLear_ses-01_part-01_label-phase1,2020.1.3,Win32,60,,,,,,,,,,,,stimuli/m_orange.jpg,stimuli/Outdoor activity & sport item.png,stimuli/Hand labour tool & accessory.png,stimuli/Kitchen & utensil.png,stimuli/Electronic device & accessory.png,,Outdoor activity & sport item,1,0,stimuli/objects/snowshoe.jpg,,,,,,,,2,0,3.4868,0,71,71,71,1,0
,,,,,,,,,,,,,,12,,2021-12-17_18h05.31.806,MemLear_ses-01_part-01_label-phase1,2020.1.3,Win32,60,,,,,,,,,,,,stimuli/m_black.jpg,stimuli/Outdoor activity & sport item.png,stimuli/Electronic device & accessory.png,stimuli/Hand labour tool & accessory.png,stimuli/Kitchen & utensil.png,,Outdoor activity & sport item,1,1,stimuli/objects/skipole.jpg,,,,,,,,1,1,1.4206,0,72,72,72,1,1
,,,,,,,,,,,,,,12,,2021-12-17_18h05.31.806,MemLear_ses-01_part-01_label-phase1,2020.1.3,Win32,60,,,,,,,,,,,,stimuli/m_orange.jpg,stimuli/Electronic device & accessory.png,stimuli/Kitchen & utensil.png,stimuli/Hand labour tool & accessory.png,stimuli/Outdoor activity & sport item.png,,Hand labour tool & accessory,3,1,stimuli/objects/puttyknife.jpg,,,,,,,,3,1,2.1767,0,73,73,73,1,0
,,,,,,,,,,,,,,12,,2021-12-17_18h05.31.806,MemLear_ses-01_part-01_label-phase1,2020.1.3,Win32,60,,,,,,,,,,,,stimuli/m_orange.jpg,stimuli/Outdoor activity & sport item.png,stimuli/Kitchen & utensil.png,stimuli/Hand labour tool & accessory.png,stimuli/Electronic device & accessory.png,,Hand labour tool & accessory,3,1,stimuli/objects/bungeecord02.jpg,,,,,,,,3,1,1.3734,0,74,74,74,1,0
,,,,,,,,,,,,,,12,,2021-12-17_18h05.31.806,MemLear_ses-01_part-01_label-phase1,2020.1.3,Win32,60,,,,,,,,,,,,stimuli/m_orange.jpg,stimuli/Electronic device & accessory.png,stimuli/Kitchen & utensil.png,stimuli/Hand labour tool & accessory.png,stimuli/Outdoor activity & sport item.png,,Hand labour tool & accessory,3,1,stimuli/objects/jackhammer.jpg,,,,,,,,4,0,2.8054,0,75,75,75,1,0
,,,,,,,,,,,,,,12,,2021-12-17_18h05.31.806,MemLear_ses-01_part-01_label-phase1,2020.1.3,Win32,60,,,,,,,,,,,,stimuli/m_black.jpg,stimuli/Kitchen & utensil.png,stimuli/Outdoor activity & sport item.png,stimuli/Hand labour tool & accessory.png,stimuli/Electronic device & accessory.png,,Outdoor activity & sport item,2,1,stimuli/objects/kneepad01c.jpg,,,,,,,,2,1,0.9556,0,76,76,76,1,1
,,,,,,,,,,,,,,12,,2021-12-17_18h05.31.806,MemLear_ses-01_part-01_label-phase1,2020.1.3,Win32,60,,,,,,,,,,,,stimuli/m_black.jpg,stimuli/Hand labour tool & accessory.png,stimuli/Kitchen & utensil.png,stimuli/Outdoor activity & sport item.png,stimuli/Electronic device & accessory.png,,Outdoor activity & sport item,3,1,stimuli/objects/golfbag.jpg,,,,,,,,3,1,1.0651,0,77,77,77,1,1
,,,,,,,,,,,,,,12,,2021-12-17_18h05.31.806,MemLear_ses-01_part-01_label-phase1,2020.1.3,Win32,60,,,,,,,,,,,,stimuli/m_black.jpg,stimuli/Outdoor activity & sport item.png,stimuli/Electronic device & accessory.png,stimuli/Hand labour tool & accessory.png,stimuli/Kitchen & utensil.png,,Outdoor activity & sport item,1,1,stimuli/objects/birdie.jpg,,,,,,,,1,1,1.0726,0,78,78,78,1,1
,,,,,,,,,,,,,,12,,2021-12-17_18h05.31.806,MemLear_ses-01_part-01_label-phase1,2020.1.3,Win32,60,,,,,,,,,,,,stimuli/m_orange.jpg,stimuli/Hand labour tool & accessory.png,stimuli/Outdoor activity & sport item.png,stimuli/Kitchen & utensil.png,stimuli/Electronic device & accessory.png,,Electronic device & accessory,4,0,stimuli/objects/chandelier.jpg,,,,,,,,1,0,3.6654,0,79,79,79,1,0
,,,,,,,,,,,,,,12,,2021-12-17_18h05.31.806,MemLear_ses-01_part-01_label-phase1,2020.1.3,Win32,60,,,,,,,,,,,,stimuli/m_orange.jpg,stimuli/Hand labour tool & accessory.png,stimuli/Outdoor activity & sport item.png,stimuli/Electronic device & accessory.png,stimuli/Kitchen & utensil.png,,Hand labour tool & accessory,1,1,stimuli/objects/drillbit03a.jpg,,,,,,,,2,0,3.1017,0,80,80,80,1,0
,,,,,,,,,,,,,,12,,2021-12-17_18h05.31.806,MemLear_ses-01_part-01_label-phase1,2020.1.3,Win32,60,,,,,,,,,,,,stimuli/m_black.jpg,stimuli/Hand labour tool & accessory.png,stimuli/Electronic device & accessory.png,stimuli/Outdoor activity & sport item.png,stimuli/Kitchen & utensil.png,,Hand labour tool & accessory,1,0,stimuli/objects/solderingiron.jpg,,,,,,,,3,0,1.9708,0,81,81,81,1,1
,,,,,,,,,,,,,,12,,2021-12-17_18h05.31.806,MemLear_ses-01_part-01_label-phase1,2020.1.3,Win32,60,,,,,,,,,,,,stimuli/m_black.jpg,stimuli/Hand labour tool & accessory.png,stimuli/Electronic device & accessory.png,stimuli/Kitchen & utensil.png,stimuli/Outdoor activity & sport item.png,,Outdoor activity & sport item,4,1,stimuli/objects/lifesaver.jpg,,,,,,,,4,1,2.5281,0,82,82,82,1,1
,,,,,,,,,,,,,,12,,2021-12-17_18h05.31.806,MemLear_ses-01_part-01_label-phase1,2020.1.3,Win32,60,,,,,,,,,,,,stimuli/m_black.jpg,stimuli/Hand labour tool & accessory.png,stimuli/Kitchen & utensil.png,stimuli/Electronic device & accessory.png,stimuli/Outdoor activity & sport item.png,,Outdoor activity & sport item,4,1,stimuli/objects/propanetank01.jpg,,,,,,,,4,1,1.3451,0,83,83,83,1,1
,,,,,,,,,,,,,,12,,2021-12-17_18h05.31.806,MemLear_ses-01_part-01_label-phase1,2020.1.3,Win32,60,,,,,,,,,,,,stimuli/m_orange.jpg,stimuli/Hand labour tool & accessory.png,stimuli/Kitchen & utensil.png,stimuli/Outdoor activity & sport item.png,stimuli/Electronic device & accessory.png,,Hand labour tool & accessory,1,1,stimuli/objects/cuttingpliers02.jpg,,,,,,,,1,1,1.9317,0,84,84,84,1,0
,,,,,,,,,,,,,,12,,2021-12-17_18h05.31.806,MemLear_ses-01_part-01_label-phase1,2020.1.3,Win32,60,,,,,,,,,,,,stimuli/m_black.jpg,stimuli/Kitchen & utensil.png,stimuli/Outdoor activity & sport item.png,stimuli/Electronic device & accessory.png,stimuli/Hand labour tool & accessory.png,,Outdoor activity & sport item,2,1,stimuli/objects/skigoggles01.jpg,,,,,,,,2,1,1.1941,0,85,85,85,1,1
,,,,,,,,,,,,,,12,,2021-12-17_18h05.31.806,MemLear_ses-01_part-01_label-phase1,2020.1.3,Win32,60,,,,,,,,,,,,stimuli/m_orange.jpg,stimuli/Hand labour tool & accessory.png,stimuli/Kitchen & utensil.png,stimuli/Electronic device & accessory.png,stimuli/Outdoor activity & sport item.png,,Electronic device & accessory,3,0,stimuli/objects/securitycamera.jpg,,,,,,,,1,0,2.8142,0,86,86,86,1,0
,,,,,,,,,,,,,,12,,2021-12-17_18h05.31.806,MemLear_ses-01_part-01_label-phase1,2020.1.3,Win32,60,,,,,,,,,,,,stimuli/m_orange.jpg,stimuli/Electronic device & accessory.png,stimuli/Hand labour tool & accessory.png,stimuli/Outdoor activity & sport item.png,stimuli/Kitchen & utensil.png,,Hand labour tool & accessory,2,1,stimuli/objects/pylon01.jpg,,,,,,,,3,0,1.5958,0,87,87,87,1,0
,,,,,,,,,,,,,,12,,2021-12-17_18h05.31.806,MemLear_ses-01_part-01_label-phase1,2020.1.3,Win32,60,,,,,,,,,,,,stimuli/m_orange.jpg,stimuli/Hand labour tool & accessory.png,stimuli/Electronic device & accessory.png,stimuli/Kitchen & utensil.png,stimuli/Outdoor activity & sport item.png,,Kitchen & utensil,3,0,stimuli/objects/pot01.jpg,,,,,,,,1,0,1.6306,0,88,88,88,1,0
,,,,,,,,,,,,,,12,,2021-12-17_18h05.31.806,MemLear_ses-01_part-01_label-phase1,2020.1.3,Win32,60,,,,,,,,,,,,stimuli/m_black.jpg,stimuli/Electronic device & accessory.png,stimuli/Kitchen & utensil.png,stimuli/Hand labour tool & accessory.png,stimuli/Outdoor activity & sport item.png,,Outdoor activity & sport item,4,1,stimuli/objects/surfboard.jpg,,,,,,,,4,1,1.7237,0,89,89,89,1,1
,,,,,,,,,,,,,,12,,2021-12-17_18h05.31.806,MemLear_ses-01_part-01_label-phase1,2020.1.3,Win32,60,,,,,,,,,,,,stimuli/m_black.jpg,stimuli/Electronic device & accessory.png,stimuli/Outdoor activity & sport item.png,stimuli/Hand labour tool & accessory.png,stimuli/Kitchen & utensil.png,,Outdoor activity & sport item,2,1,stimuli/objects/cooler01.jpg,,,,,,,,2,1,1.4129,0,90,90,90,1,1
,,,,,,,,,,,,,,12,,2021-12-17_18h05.31.806,MemLear_ses-01_part-01_label-phase1,2020.1.3,Win32,60,,,,,,,,,,,,stimuli/m_orange.jpg,stimuli/Outdoor activity & sport item.png,stimuli/Hand labour tool & accessory.png,stimuli/Kitchen & utensil.png,stimuli/Electronic device & accessory.png,,Hand labour tool & accessory,2,1,stimuli/objects/adjustablewrench01b.jpg,,,,,,,,2,1,1.995,0,91,91,91,1,0
,,,,,,,,,,,,,,12,,2021-12-17_18h05.31.806,MemLear_ses-01_part-01_label-phase1,2020.1.3,Win32,60,,,,,,,,,,,,stimuli/m_orange.jpg,stimuli/Outdoor activity & sport item.png,stimuli/Kitchen & utensil.png,stimuli/Electronic device & accessory.png,stimuli/Hand labour tool & accessory.png,,Hand labour tool & accessory,4,1,stimuli/objects/cclamp.jpg,,,,,,,,4,1,2.046,0,92,92,92,1,0
,,,,,,,,,,,,,,12,,2021-12-17_18h05.31.806,MemLear_ses-01_part-01_label-phase1,2020.1.3,Win32,60,,,,,,,,,,,,stimuli/m_orange.jpg,stimuli/Electronic device & accessory.png,stimuli/Hand labour tool & accessory.png,stimuli/Kitchen & utensil.png,stimuli/Outdoor activity & sport item.png,,Electronic device & accessory,1,0,stimuli/objects/videocamera01a.jpg,,,,,,,,2,0,1.29,0,93,93,93,1,0
,,,,,,,,,,,,,,12,,2021-12-17_18h05.31.806,MemLear_ses-01_part-01_label-phase1,2020.1.3,Win32,60,,,,,,,,,,,,stimuli/m_orange.jpg,stimuli/Electronic device & accessory.png,stimuli/Outdoor activity & sport item.png,stimuli/Kitchen & utensil.png,stimuli/Hand labour tool & accessory.png,,Electronic device & accessory,1,0,stimuli/objects/walkman.jpg,,,,,,,,2,0,3.0682,0,94,94,94,1,0
,,,,,,,,,,,,,,12,,2021-12-17_18h05.31.806,MemLear_ses-01_part-01_label-phase1,2020.1.3,Win32,60,,,,,,,,,,,,stimuli/m_orange.jpg,stimuli/Kitchen & utensil.png,stimuli/Electronic device & accessory.png,stimuli/Outdoor activity & sport item.png,stimuli/Hand labour tool & accessory.png,,Hand labour tool & accessory,4,1,stimuli/objects/wheel01.jpg,,,,,,,,3,0,1.3766,0,95,95,95,1,0
,,,,,,,,,,,,,,12,,2021-12-17_18h05.31.806,MemLear_ses-01_part-01_label-phase1,2020.1.3,Win32,60,,,,,,,,,,,,stimuli/m_black.jpg,stimuli/Outdoor activity & sport item.png,stimuli/Hand labour tool & accessory.png,stimuli/Electronic device & accessory.png,stimuli/Kitchen & utensil.png,,Kitchen & utensil,4,0,stimuli/objects/cleaver01.jpg,,,,,,,,1,0,1.5133,0,96,96,96,1,1
,,,,,,,,,,,,,,12,,2021-12-17_18h05.31.806,MemLear_ses-01_part-01_label-phase1,2020.1.3,Win32,60,,,,,,,,,,,,stimuli/m_orange.jpg,stimuli/Electronic device & accessory.png,stimuli/Hand labour tool & accessory.png,stimuli/Kitchen & utensil.png,stimuli/Outdoor activity & sport item.png,,Electronic device & accessory,1,0,stimuli/objects/spotlight.jpg,,,,,,,,2,0,1.4435,0,97,97,97,1,0
,,,,,,,,,,,,,,12,,2021-12-17_18h05.31.806,MemLear_ses-01_part-01_label-phase1,2020.1.3,Win32,60,,,,,,,,,,,,stimuli/m_black.jpg,stimuli/Kitchen & utensil.png,stimuli/Electronic device & accessory.png,stimuli/Hand labour tool & accessory.png,stimuli/Outdoor activity & sport item.png,,Outdoor activity & sport item,4,1,stimuli/objects/badmintonracket.jpg,,,,,,,,3,0,2.1652,0,98,98,98,1,1
,,,,,,,,,,,,,,12,,2021-12-17_18h05.31.806,MemLear_ses-01_part-01_label-phase1,2020.1.3,Win32,60,,,,,,,,,,,,stimuli/m_orange.jpg,stimuli/Kitchen & utensil.png,stimuli/Electronic device & accessory.png,stimuli/Outdoor activity & sport item.png,stimuli/Hand labour tool & accessory.png,,Hand labour tool & accessory,4,1,stimuli/objects/bucket02.jpg,,,,,,,,3,0,1.3785,0,99,99,99,1,0
,,,,,,,,,,,,,,12,,2021-12-17_18h05.31.806,MemLear_ses-01_part-01_label-phase1,2020.1.3,Win32,60,,,,,,,,,,,,stimuli/m_orange.jpg,stimuli/Kitchen & utensil.png,stimuli/Outdoor activity & sport item.png,stimuli/Hand labour tool & accessory.png,stimuli/Electronic device & accessory.png,,Hand labour tool & accessory,3,1,stimuli/objects/stepladder.jpg,,,,,,,,2,0,1.1188,0,100,100,100,1,0
,,,,,,,,,,,,,,12,,2021-12-17_18h05.31.806,MemLear_ses-01_part-01_label-phase1,2020.1.3,Win32,60,,,,,,,,,,,,stimuli/m_black.jpg,stimuli/Outdoor activity & sport item.png,stimuli/Kitchen & utensil.png,stimuli/Electronic device & accessory.png,stimuli/Hand labour tool & accessory.png,,Kitchen & utensil,2,0,stimuli/objects/kitchenscale01a.jpg,,,,,,,,4,0,1.9608,0,101,101,101,1,1
,,,,,,,,,,,,,,12,,2021-12-17_18h05.31.806,MemLear_ses-01_part-01_label-phase1,2020.1.3,Win32,60,,,,,,,,,,,,stimuli/m_orange.jpg,stimuli/Hand labour tool & accessory.png,stimuli/Outdoor activity & sport item.png,stimuli/Electronic device & accessory.png,stimuli/Kitchen & utensil.png,,Hand labour tool & accessory,1,1,stimuli/objects/metalscissors.jpg,,,,,,,,2,0,2.2015,0,102,102,102,1,0
,,,,,,,,,,,,,,12,,2021-12-17_18h05.31.806,MemLear_ses-01_part-01_label-phase1,2020.1.3,Win32,60,,,,,,,,,,,,stimuli/m_black.jpg,stimuli/Hand labour tool & accessory.png,stimuli/Kitchen & utensil.png,stimuli/Electronic device & accessory.png,stimuli/Outdoor activity & sport item.png,,Electronic device & accessory,3,0,stimuli/objects/coffeemachine.jpg,,,,,,,,4,0,1.6033,0,103,103,103,1,1
,,,,,,,,,,,,,,12,,2021-12-17_18h05.31.806,MemLear_ses-01_part-01_label-phase1,2020.1.3,Win32,60,,,,,,,,,,,,stimuli/m_orange.jpg,stimuli/Electronic device & accessory.png,stimuli/Hand labour tool & accessory.png,stimuli/Outdoor activity & sport item.png,stimuli/Kitchen & utensil.png,,Hand labour tool & accessory,2,1,stimuli/objects/mitresaw.jpg,,,,,,,,2,1,1.3203,0,104,104,104,1,0
,,,,,,,,,,,,,,12,,2021-12-17_18h05.31.806,MemLear_ses-01_part-01_label-phase1,2020.1.3,Win32,60,,,,,,,,,,,,stimuli/m_orange.jpg,stimuli/Hand labour tool & accessory.png,stimuli/Electronic device & accessory.png,stimuli/Outdoor activity & sport item.png,stimuli/Kitchen & utensil.png,,Kitchen & utensil,4,0,stimuli/objects/grater01a.jpg,,,,,,,,1,0,3.1105,0,105,105,105,1,0
,,,,,,,,,,,,,,12,,2021-12-17_18h05.31.806,MemLear_ses-01_part-01_label-phase1,2020.1.3,Win32,60,,,,,,,,,,,,stimuli/m_orange.jpg,stimuli/Kitchen & utensil.png,stimuli/Electronic device & accessory.png,stimuli/Hand labour tool & accessory.png,stimuli/Outdoor activity & sport item.png,,Hand labour tool & accessory,3,1,stimuli/objects/leafblower01.jpg,,,,,,,,3,1,2.2617,0,106,106,106,1,0
,,,,,,,,,,,,,,12,,2021-12-17_18h05.31.806,MemLear_ses-01_part-01_label-phase1,2020.1.3,Win32,60,,,,,,,,,,,,stimuli/m_black.jpg,stimuli/Hand labour tool & accessory.png,stimuli/Kitchen & utensil.png,stimuli/Outdoor activity & sport item.png,stimuli/Electronic device & accessory.png,,Outdoor activity & sport item,3,1,stimuli/objects/footballhelmet.jpg,,,,,,,,3,1,1.1903,0,107,107,107,1,1
,,,,,,,,,,,,,,12,,2021-12-17_18h05.31.806,MemLear_ses-01_part-01_label-phase1,2020.1.3,Win32,60,,,,,,,,,,,,stimuli/m_black.jpg,stimuli/Hand labour tool & accessory.png,stimuli/Outdoor activity & sport item.png,stimuli/Electronic device & accessory.png,stimuli/Kitchen & utensil.png,,Outdoor activity & sport item,2,1,stimuli/objects/baseball01a.jpg,,,,,,,,2,1,1.1792,0,108,108,108,1,1
,,,,,,,,,,,,,,12,,2021-12-17_18h05.31.806,MemLear_ses-01_part-01_label-phase1,2020.1.3,Win32,60,,,,,,,,,,,,stimuli/m_black.jpg,stimuli/Kitchen & utensil.png,stimuli/Electronic device & accessory.png,stimuli/Outdoor activity & sport item.png,stimuli/Hand labour tool & accessory.png,,Outdoor activity & sport item,3,1,stimuli/objects/bicycle.jpg,,,,,,,,2,0,1.3426,0,109,109,109,1,1
,,,,,,,,,,,,,,12,,2021-12-17_18h05.31.806,MemLear_ses-01_part-01_label-phase1,2020.1.3,Win32,60,,,,,,,,,,,,stimuli/m_black.jpg,stimuli/Hand labour tool & accessory.png,stimuli/Electronic device & accessory.png,stimuli/Outdoor activity & sport item.png,stimuli/Kitchen & utensil.png,,Hand labour tool & accessory,1,0,stimuli/objects/mallet01b.jpg,,,,,,,,3,0,1.2419,0,110,110,110,1,1
,,,,,,,,,,,,,,12,,2021-12-17_18h05.31.806,MemLear_ses-01_part-01_label-phase1,2020.1.3,Win32,60,,,,,,,,,,,,stimuli/m_black.jpg,stimuli/Kitchen & utensil.png,stimuli/Electronic device & accessory.png,stimuli/Hand labour tool & accessory.png,stimuli/Outdoor activity & sport item.png,,Outdoor activity & sport item,4,1,stimuli/objects/exercisebike.jpg,,,,,,,,3,0,1.4885,0,111,111,111,1,1
,,,,,,,,,,,,,,12,,2021-12-17_18h05.31.806,MemLear_ses-01_part-01_label-phase1,2020.1.3,Win32,60,,,,,,,,,,,,stimuli/m_black.jpg,stimuli/Outdoor activity & sport item.png,stimuli/Electronic device & accessory.png,stimuli/Kitchen & utensil.png,stimuli/Hand labour tool & accessory.png,,Outdoor activity & sport item,1,1,stimuli/objects/backpack01a.jpg,,,,,,,,1,1,1.5628,0,112,112,112,1,1
,,,,,,,,,,,,,,12,,2021-12-17_18h05.31.806,MemLear_ses-01_part-01_label-phase1,2020.1.3,Win32,60,,,,,,,,,,,,stimuli/m_orange.jpg,stimuli/Kitchen & utensil.png,stimuli/Hand labour tool & accessory.png,stimuli/Outdoor activity & sport item.png,stimuli/Electronic device & accessory.png,,Hand labour tool & accessory,2,1,stimuli/objects/nailgun.jpg,,,,,,,,2,1,1.0387,0,113,113,113,1,0
,,,,,,,,,,,,,,12,,2021-12-17_18h05.31.806,MemLear_ses-01_part-01_label-phase1,2020.1.3,Win32,60,,,,,,,,,,,,stimuli/m_orange.jpg,stimuli/Kitchen & utensil.png,stimuli/Outdoor activity & sport item.png,stimuli/Electronic device & accessory.png,stimuli/Hand labour tool & accessory.png,,Kitchen & utensil,1,0,stimuli/objects/icebucket.jpg,,,,,,,,2,0,1.5473,0,114,114,114,1,0
,,,,,,,,,,,,,,12,,2021-12-17_18h05.31.806,MemLear_ses-01_part-01_label-phase1,2020.1.3,Win32,60,,,,,,,,,,,,stimuli/m_orange.jpg,stimuli/Outdoor activity & sport item.png,stimuli/Kitchen & utensil.png,stimuli/Electronic device & accessory.png,stimuli/Hand labour tool & accessory.png,,Outdoor activity & sport item,1,0,stimuli/objects/handgripper.jpg,,,,,,,,1,1,3.2574,0,115,115,115,1,0
,,,,,,,,,,,,,,12,,2021-12-17_18h05.31.806,MemLear_ses-01_part-01_label-phase1,2020.1.3,Win32,60,,,,,,,,,,,,stimuli/m_orange.jpg,stimuli/Outdoor activity & sport item.png,stimuli/Electronic device & accessory.png,stimuli/Hand labour tool & accessory.png,stimuli/Kitchen & utensil.png,,Hand labour tool & accessory,3,1,stimuli/objects/gastank.jpg,,,,,,,,1,0,2.054,0,116,116,116,1,0
,,,,,,,,,,,,,,12,,2021-12-17_18h05.31.806,MemLear_ses-01_part-01_label-phase1,2020.1.3,Win32,60,,,,,,,,,,,,stimuli/m_orange.jpg,stimuli/Kitchen & utensil.png,stimuli/Hand labour tool & accessory.png,stimuli/Electronic device & accessory.png,stimuli/Outdoor activity & sport item.png,,Kitchen & utensil,1,0,stimuli/objects/teapot.jpg,,,,,,,,4,0,2.8875,0,117,117,117,1,0
,,,,,,,,,,,,,,12,,2021-12-17_18h05.31.806,MemLear_ses-01_part-01_label-phase1,2020.1.3,Win32,60,,,,,,,,,,,,stimuli/m_orange.jpg,stimuli/Hand labour tool & accessory.png,stimuli/Kitchen & utensil.png,stimuli/Electronic device & accessory.png,stimuli/Outdoor activity & sport item.png,,Hand labour tool & accessory,1,1,stimuli/objects/hoe.jpg,,,,,,,,,0,,0,118,118,118,1,0
,,,,,,,,,,,,,,12,,2021-12-17_18h05.31.806,MemLear_ses-01_part-01_label-phase1,2020.1.3,Win32,60,,,,,,,,,,,,stimuli/m_orange.jpg,stimuli/Outdoor activity & sport item.png,stimuli/Hand labour tool & accessory.png,stimuli/Electronic device & accessory.png,stimuli/Kitchen & utensil.png,,Hand labour tool & accessory,2,1,stimuli/objects/squeegee01b.jpg,,,,,,,,1,0,1.7632,0,119,119,119,1,0
