"","participant","Expra.Code","character","left_categ","centleft_categ","centright_categ","right_categ","corr_ans","corr_ans_num","type","img","task_response.keys","task_response.corr","task_response.rt","condition","recogAcc"
"15",2,473878,"stimuli/m_black.jpg","stimuli/Electronic device & accessory.png","stimuli/Hand labour tool & accessory.png","stimuli/Kitchen & utensil.png","stimuli/Outdoor activity & sport item.png","Electronic device & accessory",1,0,"stimuli/objects/electricoutlet.jpg",3,0,1.6912,1,0
"16",2,473878,"stimuli/m_black.jpg","stimuli/Kitchen & utensil.png","stimuli/Outdoor activity & sport item.png","stimuli/Electronic device & accessory.png","stimuli/Hand labour tool & accessory.png","Kitchen & utensil",1,1,"stimuli/objects/chocolatefonduedish.jpg",1,1,1.1218,1,1
"17",2,473878,"stimuli/m_orange.jpg","stimuli/Outdoor activity & sport item.png","stimuli/Hand labour tool & accessory.png","stimuli/Electronic device & accessory.png","stimuli/Kitchen & utensil.png","Outdoor activity & sport item",1,0,"stimuli/objects/toyhockeystick01.jpg",2,0,0.7765,0,0
"18",2,473878,"stimuli/m_orange.jpg","stimuli/Electronic device & accessory.png","stimuli/Kitchen & utensil.png","stimuli/Hand labour tool & accessory.png","stimuli/Outdoor activity & sport item.png","Electronic device & accessory",1,1,"stimuli/objects/alarmsystem.jpg",4,0,1.2806,0,1
"19",2,473878,"stimuli/m_black.jpg","stimuli/Electronic device & accessory.png","stimuli/Kitchen & utensil.png","stimuli/Hand labour tool & accessory.png","stimuli/Outdoor activity & sport item.png","Kitchen & utensil",2,1,"stimuli/objects/pastaspoon.jpg",2,1,0.8183,1,1
"20",2,473878,"stimuli/m_black.jpg","stimuli/Hand labour tool & accessory.png","stimuli/Electronic device & accessory.png","stimuli/Outdoor activity & sport item.png","stimuli/Kitchen & utensil.png","Hand labour tool & accessory",1,0,"stimuli/objects/caulking.jpg",4,0,1.5336,1,1
"21",2,473878,"stimuli/m_black.jpg","stimuli/Kitchen & utensil.png","stimuli/Hand labour tool & accessory.png","stimuli/Electronic device & accessory.png","stimuli/Outdoor activity & sport item.png","Electronic device & accessory",3,0,"stimuli/objects/lamp04a.jpg",1,0,1.3412,1,1
"22",2,473878,"stimuli/m_orange.jpg","stimuli/Hand labour tool & accessory.png","stimuli/Outdoor activity & sport item.png","stimuli/Kitchen & utensil.png","stimuli/Electronic device & accessory.png","Electronic device & accessory",4,1,"stimuli/objects/desktopcomputer.jpg",2,0,2.0519,0,0
"23",2,473878,"stimuli/m_orange.jpg","stimuli/Hand labour tool & accessory.png","stimuli/Kitchen & utensil.png","stimuli/Outdoor activity & sport item.png","stimuli/Electronic device & accessory.png","Electronic device & accessory",4,1,"stimuli/objects/nintendods.jpg",4,1,3.8162,0,1
"24",2,473878,"stimuli/m_black.jpg","stimuli/Outdoor activity & sport item.png","stimuli/Electronic device & accessory.png","stimuli/Hand labour tool & accessory.png","stimuli/Kitchen & utensil.png","Kitchen & utensil",4,1,"stimuli/objects/kitchenscale01a.jpg",4,1,1.6852,1,1
"25",2,473878,"stimuli/m_black.jpg","stimuli/Electronic device & accessory.png","stimuli/Outdoor activity & sport item.png","stimuli/Hand labour tool & accessory.png","stimuli/Kitchen & utensil.png","Kitchen & utensil",4,1,"stimuli/objects/servingspoon01.jpg",4,1,1.2941,1,1
"26",2,473878,"stimuli/m_orange.jpg","stimuli/Kitchen & utensil.png","stimuli/Outdoor activity & sport item.png","stimuli/Electronic device & accessory.png","stimuli/Hand labour tool & accessory.png","Electronic device & accessory",3,1,"stimuli/objects/videocamera01a.jpg",3,1,1.0185,0,1
"27",2,473878,"stimuli/m_black.jpg","stimuli/Hand labour tool & accessory.png","stimuli/Kitchen & utensil.png","stimuli/Electronic device & accessory.png","stimuli/Outdoor activity & sport item.png","Kitchen & utensil",2,1,"stimuli/objects/coffeepot03a.jpg",2,1,0.8849,1,0
"28",2,473878,"stimuli/m_orange.jpg","stimuli/Hand labour tool & accessory.png","stimuli/Electronic device & accessory.png","stimuli/Outdoor activity & sport item.png","stimuli/Kitchen & utensil.png","Hand labour tool & accessory",1,0,"stimuli/objects/lawnmower.jpg",2,0,2.7822,0,1
"29",2,473878,"stimuli/m_orange.jpg","stimuli/Hand labour tool & accessory.png","stimuli/Electronic device & accessory.png","stimuli/Kitchen & utensil.png","stimuli/Outdoor activity & sport item.png","Hand labour tool & accessory",1,0,"stimuli/objects/boltcutter.jpg",2,0,0.6579,0,0
"30",2,473878,"stimuli/m_orange.jpg","stimuli/Outdoor activity & sport item.png","stimuli/Kitchen & utensil.png","stimuli/Hand labour tool & accessory.png","stimuli/Electronic device & accessory.png","Electronic device & accessory",4,1,"stimuli/objects/lectern01.jpg",NA,0,NA,0,1
"31",2,473878,"stimuli/m_orange.jpg","stimuli/Electronic device & accessory.png","stimuli/Kitchen & utensil.png","stimuli/Outdoor activity & sport item.png","stimuli/Hand labour tool & accessory.png","Electronic device & accessory",1,1,"stimuli/objects/coffeemachine.jpg",1,1,1.1252,0,1
"32",2,473878,"stimuli/m_black.jpg","stimuli/Kitchen & utensil.png","stimuli/Electronic device & accessory.png","stimuli/Outdoor activity & sport item.png","stimuli/Hand labour tool & accessory.png","Kitchen & utensil",1,1,"stimuli/objects/cowbell.jpg",1,1,1.4776,1,1
"33",2,473878,"stimuli/m_black.jpg","stimuli/Electronic device & accessory.png","stimuli/Outdoor activity & sport item.png","stimuli/Kitchen & utensil.png","stimuli/Hand labour tool & accessory.png","Kitchen & utensil",3,1,"stimuli/objects/bottlecap.jpg",3,1,1.652,1,1
"34",2,473878,"stimuli/m_black.jpg","stimuli/Outdoor activity & sport item.png","stimuli/Kitchen & utensil.png","stimuli/Hand labour tool & accessory.png","stimuli/Electronic device & accessory.png","Kitchen & utensil",2,1,"stimuli/objects/oven.jpg",2,1,2.6854,1,1
"35",2,473878,"stimuli/m_black.jpg","stimuli/Kitchen & utensil.png","stimuli/Electronic device & accessory.png","stimuli/Outdoor activity & sport item.png","stimuli/Hand labour tool & accessory.png","Kitchen & utensil",1,1,"stimuli/objects/tupperware03a.jpg",1,1,0.7893,1,1
"36",2,473878,"stimuli/m_black.jpg","stimuli/Electronic device & accessory.png","stimuli/Hand labour tool & accessory.png","stimuli/Kitchen & utensil.png","stimuli/Outdoor activity & sport item.png","Kitchen & utensil",3,1,"stimuli/objects/bowl02a.jpg",3,1,1.1411,1,1
"37",2,473878,"stimuli/m_orange.jpg","stimuli/Electronic device & accessory.png","stimuli/Hand labour tool & accessory.png","stimuli/Outdoor activity & sport item.png","stimuli/Kitchen & utensil.png","Electronic device & accessory",1,1,"stimuli/objects/scanner.jpg",1,1,0.938,0,0
"38",2,473878,"stimuli/m_orange.jpg","stimuli/Kitchen & utensil.png","stimuli/Outdoor activity & sport item.png","stimuli/Electronic device & accessory.png","stimuli/Hand labour tool & accessory.png","Electronic device & accessory",3,1,"stimuli/objects/extensioncord.jpg",1,0,0.9183,0,1
"39",2,473878,"stimuli/m_orange.jpg","stimuli/Outdoor activity & sport item.png","stimuli/Hand labour tool & accessory.png","stimuli/Kitchen & utensil.png","stimuli/Electronic device & accessory.png","Electronic device & accessory",4,1,"stimuli/objects/expansioncard.jpg",3,0,1.2146,0,1
"40",2,473878,"stimuli/m_orange.jpg","stimuli/Hand labour tool & accessory.png","stimuli/Outdoor activity & sport item.png","stimuli/Electronic device & accessory.png","stimuli/Kitchen & utensil.png","Electronic device & accessory",3,1,"stimuli/objects/gps.jpg",4,0,1.4848,0,0
"41",2,473878,"stimuli/m_black.jpg","stimuli/Hand labour tool & accessory.png","stimuli/Outdoor activity & sport item.png","stimuli/Electronic device & accessory.png","stimuli/Kitchen & utensil.png","Kitchen & utensil",4,1,"stimuli/objects/potatomasher03b.jpg",3,0,1.4188,1,1
"42",2,473878,"stimuli/m_black.jpg","stimuli/Electronic device & accessory.png","stimuli/Hand labour tool & accessory.png","stimuli/Kitchen & utensil.png","stimuli/Outdoor activity & sport item.png","Electronic device & accessory",1,0,"stimuli/objects/heatpump.jpg",1,1,2.019,1,0
"43",2,473878,"stimuli/m_orange.jpg","stimuli/Outdoor activity & sport item.png","stimuli/Kitchen & utensil.png","stimuli/Electronic device & accessory.png","stimuli/Hand labour tool & accessory.png","Outdoor activity & sport item",1,0,"stimuli/objects/charcoalbarbecue.jpg",2,0,0.8852,0,1
"44",2,473878,"stimuli/m_orange.jpg","stimuli/Kitchen & utensil.png","stimuli/Electronic device & accessory.png","stimuli/Hand labour tool & accessory.png","stimuli/Outdoor activity & sport item.png","Electronic device & accessory",2,1,"stimuli/objects/powercable.jpg",1,0,0.8183,0,0
"45",2,473878,"stimuli/m_orange.jpg","stimuli/Kitchen & utensil.png","stimuli/Hand labour tool & accessory.png","stimuli/Outdoor activity & sport item.png","stimuli/Electronic device & accessory.png","Electronic device & accessory",4,1,"stimuli/objects/taperecorder.jpg",1,0,1.2641,0,1
"46",2,473878,"stimuli/m_orange.jpg","stimuli/Outdoor activity & sport item.png","stimuli/Electronic device & accessory.png","stimuli/Hand labour tool & accessory.png","stimuli/Kitchen & utensil.png","Electronic device & accessory",2,1,"stimuli/objects/usbkey.jpg",4,0,1.2592,0,1
"47",2,473878,"stimuli/m_orange.jpg","stimuli/Electronic device & accessory.png","stimuli/Outdoor activity & sport item.png","stimuli/Hand labour tool & accessory.png","stimuli/Kitchen & utensil.png","Electronic device & accessory",1,1,"stimuli/objects/crocodileclips.jpg",1,1,1.8161,0,0
"48",2,473878,"stimuli/m_orange.jpg","stimuli/Outdoor activity & sport item.png","stimuli/Electronic device & accessory.png","stimuli/Kitchen & utensil.png","stimuli/Hand labour tool & accessory.png","Electronic device & accessory",2,1,"stimuli/objects/walkman.jpg",2,1,0.8549,0,0
"49",2,473878,"stimuli/m_black.jpg","stimuli/Electronic device & accessory.png","stimuli/Outdoor activity & sport item.png","stimuli/Kitchen & utensil.png","stimuli/Hand labour tool & accessory.png","Electronic device & accessory",1,0,"stimuli/objects/carlighter02.jpg",3,0,1.871,1,1
"50",2,473878,"stimuli/m_black.jpg","stimuli/Outdoor activity & sport item.png","stimuli/Kitchen & utensil.png","stimuli/Electronic device & accessory.png","stimuli/Hand labour tool & accessory.png","Kitchen & utensil",2,1,"stimuli/objects/martiniglass01b.jpg",2,1,0.7407,1,1
"51",2,473878,"stimuli/m_orange.jpg","stimuli/Outdoor activity & sport item.png","stimuli/Electronic device & accessory.png","stimuli/Hand labour tool & accessory.png","stimuli/Kitchen & utensil.png","Hand labour tool & accessory",3,0,"stimuli/objects/tablesaw.jpg",2,0,1.5486,0,1
"52",2,473878,"stimuli/m_black.jpg","stimuli/Electronic device & accessory.png","stimuli/Hand labour tool & accessory.png","stimuli/Outdoor activity & sport item.png","stimuli/Kitchen & utensil.png","Outdoor activity & sport item",3,0,"stimuli/objects/umbrella04.jpg",4,0,1.2987,1,1
"53",2,473878,"stimuli/m_orange.jpg","stimuli/Kitchen & utensil.png","stimuli/Outdoor activity & sport item.png","stimuli/Hand labour tool & accessory.png","stimuli/Electronic device & accessory.png","Electronic device & accessory",4,1,"stimuli/objects/djmixer02.jpg",4,1,1.2816,0,1
"54",2,473878,"stimuli/m_orange.jpg","stimuli/Hand labour tool & accessory.png","stimuli/Kitchen & utensil.png","stimuli/Electronic device & accessory.png","stimuli/Outdoor activity & sport item.png","Kitchen & utensil",2,0,"stimuli/objects/cakeplatter.jpg",2,1,1.8183,0,1
"55",2,473878,"stimuli/m_orange.jpg","stimuli/Electronic device & accessory.png","stimuli/Hand labour tool & accessory.png","stimuli/Kitchen & utensil.png","stimuli/Outdoor activity & sport item.png","Electronic device & accessory",1,1,"stimuli/objects/computerkeyboard02.jpg",3,0,0.914,0,0
"56",2,473878,"stimuli/m_black.jpg","stimuli/Hand labour tool & accessory.png","stimuli/Electronic device & accessory.png","stimuli/Kitchen & utensil.png","stimuli/Outdoor activity & sport item.png","Kitchen & utensil",3,1,"stimuli/objects/spatula04.jpg",2,0,0.7546,1,0
"57",2,473878,"stimuli/m_orange.jpg","stimuli/Outdoor activity & sport item.png","stimuli/Kitchen & utensil.png","stimuli/Electronic device & accessory.png","stimuli/Hand labour tool & accessory.png","Electronic device & accessory",3,1,"stimuli/objects/faxmachine.jpg",3,1,2.0094,0,0
"58",2,473878,"stimuli/m_black.jpg","stimuli/Hand labour tool & accessory.png","stimuli/Kitchen & utensil.png","stimuli/Outdoor activity & sport item.png","stimuli/Electronic device & accessory.png","Kitchen & utensil",2,1,"stimuli/objects/measuringspoon.jpg",2,1,0.6021,1,0
"59",2,473878,"stimuli/m_orange.jpg","stimuli/Kitchen & utensil.png","stimuli/Hand labour tool & accessory.png","stimuli/Electronic device & accessory.png","stimuli/Outdoor activity & sport item.png","Kitchen & utensil",1,0,"stimuli/objects/freezer02.jpg",3,0,0.5854,0,0
"60",2,473878,"stimuli/m_orange.jpg","stimuli/Kitchen & utensil.png","stimuli/Electronic device & accessory.png","stimuli/Hand labour tool & accessory.png","stimuli/Outdoor activity & sport item.png","Electronic device & accessory",2,1,"stimuli/objects/lightswitch01.jpg",2,1,1.3852,0,1
"61",2,473878,"stimuli/m_black.jpg","stimuli/Kitchen & utensil.png","stimuli/Hand labour tool & accessory.png","stimuli/Outdoor activity & sport item.png","stimuli/Electronic device & accessory.png","Kitchen & utensil",1,1,"stimuli/objects/cleaver01.jpg",1,1,1.4311,1,0
"62",2,473878,"stimuli/m_orange.jpg","stimuli/Hand labour tool & accessory.png","stimuli/Electronic device & accessory.png","stimuli/Kitchen & utensil.png","stimuli/Outdoor activity & sport item.png","Outdoor activity & sport item",4,0,"stimuli/objects/kneepad01c.jpg",3,0,1.3182,0,1
"63",2,473878,"stimuli/m_orange.jpg","stimuli/Hand labour tool & accessory.png","stimuli/Kitchen & utensil.png","stimuli/Outdoor activity & sport item.png","stimuli/Electronic device & accessory.png","Electronic device & accessory",4,1,"stimuli/objects/photocopier.jpg",2,0,0.9647,0,1
"64",2,473878,"stimuli/m_orange.jpg","stimuli/Electronic device & accessory.png","stimuli/Outdoor activity & sport item.png","stimuli/Kitchen & utensil.png","stimuli/Hand labour tool & accessory.png","Kitchen & utensil",3,0,"stimuli/objects/fryingpan02a.jpg",1,0,1.3915,0,1
"65",2,473878,"stimuli/m_black.jpg","stimuli/Outdoor activity & sport item.png","stimuli/Hand labour tool & accessory.png","stimuli/Kitchen & utensil.png","stimuli/Electronic device & accessory.png","Outdoor activity & sport item",1,0,"stimuli/objects/backpack01a.jpg",3,0,1.5662,1,1
"66",2,473878,"stimuli/m_orange.jpg","stimuli/Kitchen & utensil.png","stimuli/Hand labour tool & accessory.png","stimuli/Outdoor activity & sport item.png","stimuli/Electronic device & accessory.png","Electronic device & accessory",4,1,"stimuli/objects/phonejack.jpg",4,1,0.9708,0,1
"67",2,473878,"stimuli/m_orange.jpg","stimuli/Electronic device & accessory.png","stimuli/Outdoor activity & sport item.png","stimuli/Hand labour tool & accessory.png","stimuli/Kitchen & utensil.png","Electronic device & accessory",1,1,"stimuli/objects/chandelier.jpg",1,1,0.8851,0,1
"68",2,473878,"stimuli/m_orange.jpg","stimuli/Hand labour tool & accessory.png","stimuli/Outdoor activity & sport item.png","stimuli/Kitchen & utensil.png","stimuli/Electronic device & accessory.png","Kitchen & utensil",3,0,"stimuli/objects/spatula03.jpg",3,1,2.1803,0,1
"69",2,473878,"stimuli/m_black.jpg","stimuli/Electronic device & accessory.png","stimuli/Outdoor activity & sport item.png","stimuli/Hand labour tool & accessory.png","stimuli/Kitchen & utensil.png","Kitchen & utensil",4,1,"stimuli/objects/canister.jpg",1,0,2.0663,1,1
"70",2,473878,"stimuli/m_orange.jpg","stimuli/Electronic device & accessory.png","stimuli/Kitchen & utensil.png","stimuli/Hand labour tool & accessory.png","stimuli/Outdoor activity & sport item.png","Electronic device & accessory",1,1,"stimuli/objects/cashregister01.jpg",1,1,0.768,0,1
"71",2,473878,"stimuli/m_orange.jpg","stimuli/Kitchen & utensil.png","stimuli/Hand labour tool & accessory.png","stimuli/Electronic device & accessory.png","stimuli/Outdoor activity & sport item.png","Hand labour tool & accessory",2,0,"stimuli/objects/swissarmyknife01a.jpg",1,0,1.1984,0,1
"72",2,473878,"stimuli/m_orange.jpg","stimuli/Kitchen & utensil.png","stimuli/Hand labour tool & accessory.png","stimuli/Outdoor activity & sport item.png","stimuli/Electronic device & accessory.png","Electronic device & accessory",4,1,"stimuli/objects/carantenna.jpg",4,1,1.1516,0,1
"73",2,473878,"stimuli/m_black.jpg","stimuli/Outdoor activity & sport item.png","stimuli/Kitchen & utensil.png","stimuli/Electronic device & accessory.png","stimuli/Hand labour tool & accessory.png","Outdoor activity & sport item",1,0,"stimuli/objects/bikepump01.jpg",2,0,1.1785,1,1
"74",2,473878,"stimuli/m_orange.jpg","stimuli/Outdoor activity & sport item.png","stimuli/Electronic device & accessory.png","stimuli/Kitchen & utensil.png","stimuli/Hand labour tool & accessory.png","Electronic device & accessory",2,1,"stimuli/objects/telephone01b.jpg",3,0,1.2817,0,1
"75",2,473878,"stimuli/m_black.jpg","stimuli/Hand labour tool & accessory.png","stimuli/Outdoor activity & sport item.png","stimuli/Electronic device & accessory.png","stimuli/Kitchen & utensil.png","Kitchen & utensil",4,1,"stimuli/objects/peeler01.jpg",4,1,1.4083,1,1
"76",2,473878,"stimuli/m_black.jpg","stimuli/Outdoor activity & sport item.png","stimuli/Electronic device & accessory.png","stimuli/Kitchen & utensil.png","stimuli/Hand labour tool & accessory.png","Kitchen & utensil",3,1,"stimuli/objects/fonduefork01.jpg",2,0,1.0329,1,1
"77",2,473878,"stimuli/m_orange.jpg","stimuli/Electronic device & accessory.png","stimuli/Outdoor activity & sport item.png","stimuli/Kitchen & utensil.png","stimuli/Hand labour tool & accessory.png","Electronic device & accessory",1,1,"stimuli/objects/battery02b.jpg",2,0,1.1483,0,1
"78",2,473878,"stimuli/m_orange.jpg","stimuli/Kitchen & utensil.png","stimuli/Outdoor activity & sport item.png","stimuli/Electronic device & accessory.png","stimuli/Hand labour tool & accessory.png","Hand labour tool & accessory",4,0,"stimuli/objects/squeegee01b.jpg",1,0,0.9649,0,1
"79",2,473878,"stimuli/m_black.jpg","stimuli/Electronic device & accessory.png","stimuli/Hand labour tool & accessory.png","stimuli/Outdoor activity & sport item.png","stimuli/Kitchen & utensil.png","Kitchen & utensil",4,1,"stimuli/objects/waterbottle03.jpg",1,0,1.6016,1,1
"80",2,473878,"stimuli/m_black.jpg","stimuli/Outdoor activity & sport item.png","stimuli/Hand labour tool & accessory.png","stimuli/Electronic device & accessory.png","stimuli/Kitchen & utensil.png","Kitchen & utensil",4,1,"stimuli/objects/beermug01a.jpg",3,0,0.9321,1,1
"81",2,473878,"stimuli/m_black.jpg","stimuli/Outdoor activity & sport item.png","stimuli/Kitchen & utensil.png","stimuli/Hand labour tool & accessory.png","stimuli/Electronic device & accessory.png","Kitchen & utensil",2,1,"stimuli/objects/icepack.jpg",2,1,1.3688,1,1
"82",2,473878,"stimuli/m_orange.jpg","stimuli/Outdoor activity & sport item.png","stimuli/Electronic device & accessory.png","stimuli/Hand labour tool & accessory.png","stimuli/Kitchen & utensil.png","Electronic device & accessory",2,1,"stimuli/objects/lightbulb01.jpg",2,1,1.2635,0,0
"83",2,473878,"stimuli/m_orange.jpg","stimuli/Hand labour tool & accessory.png","stimuli/Outdoor activity & sport item.png","stimuli/Electronic device & accessory.png","stimuli/Kitchen & utensil.png","Electronic device & accessory",3,1,"stimuli/objects/ipod.jpg",3,1,1.5184,0,0
"84",2,473878,"stimuli/m_orange.jpg","stimuli/Kitchen & utensil.png","stimuli/Outdoor activity & sport item.png","stimuli/Hand labour tool & accessory.png","stimuli/Electronic device & accessory.png","Electronic device & accessory",4,1,"stimuli/objects/remotecontrol04.jpg",4,1,1.3353,0,1
"85",2,473878,"stimuli/m_orange.jpg","stimuli/Kitchen & utensil.png","stimuli/Electronic device & accessory.png","stimuli/Outdoor activity & sport item.png","stimuli/Hand labour tool & accessory.png","Electronic device & accessory",2,1,"stimuli/objects/walkietalkie.jpg",2,1,0.7184,0,0
"86",2,473878,"stimuli/m_black.jpg","stimuli/Hand labour tool & accessory.png","stimuli/Electronic device & accessory.png","stimuli/Outdoor activity & sport item.png","stimuli/Kitchen & utensil.png","Kitchen & utensil",4,1,"stimuli/objects/handmixer01d.jpg",4,1,1.1521,1,0
"87",2,473878,"stimuli/m_orange.jpg","stimuli/Kitchen & utensil.png","stimuli/Electronic device & accessory.png","stimuli/Outdoor activity & sport item.png","stimuli/Hand labour tool & accessory.png","Electronic device & accessory",2,1,"stimuli/objects/filmroll.jpg",2,1,0.605,0,1
"88",2,473878,"stimuli/m_orange.jpg","stimuli/Electronic device & accessory.png","stimuli/Hand labour tool & accessory.png","stimuli/Outdoor activity & sport item.png","stimuli/Kitchen & utensil.png","Electronic device & accessory",1,1,"stimuli/objects/wiicontroller.jpg",1,1,1.2187,0,0
"89",2,473878,"stimuli/m_black.jpg","stimuli/Outdoor activity & sport item.png","stimuli/Kitchen & utensil.png","stimuli/Hand labour tool & accessory.png","stimuli/Electronic device & accessory.png","Outdoor activity & sport item",1,0,"stimuli/objects/golfbag.jpg",2,0,1.0141,1,1
"90",2,473878,"stimuli/m_orange.jpg","stimuli/Hand labour tool & accessory.png","stimuli/Outdoor activity & sport item.png","stimuli/Electronic device & accessory.png","stimuli/Kitchen & utensil.png","Electronic device & accessory",3,1,"stimuli/objects/avcable.jpg",3,1,1.0979,0,0
"91",2,473878,"stimuli/m_black.jpg","stimuli/Hand labour tool & accessory.png","stimuli/Electronic device & accessory.png","stimuli/Kitchen & utensil.png","stimuli/Outdoor activity & sport item.png","Hand labour tool & accessory",1,0,"stimuli/objects/snowshovel.jpg",3,0,1.3019,1,1
"92",2,473878,"stimuli/m_black.jpg","stimuli/Electronic device & accessory.png","stimuli/Kitchen & utensil.png","stimuli/Hand labour tool & accessory.png","stimuli/Outdoor activity & sport item.png","Kitchen & utensil",2,1,"stimuli/objects/dishrack.jpg",3,0,2.816,1,1
"93",2,473878,"stimuli/m_orange.jpg","stimuli/Outdoor activity & sport item.png","stimuli/Kitchen & utensil.png","stimuli/Hand labour tool & accessory.png","stimuli/Electronic device & accessory.png","Outdoor activity & sport item",1,0,"stimuli/objects/surfboard.jpg",4,0,1.18,0,1
"94",2,473878,"stimuli/m_black.jpg","stimuli/Electronic device & accessory.png","stimuli/Kitchen & utensil.png","stimuli/Hand labour tool & accessory.png","stimuli/Outdoor activity & sport item.png","Kitchen & utensil",2,1,"stimuli/objects/funnel.jpg",2,1,1.785,1,1
"95",2,473878,"stimuli/m_black.jpg","stimuli/Hand labour tool & accessory.png","stimuli/Kitchen & utensil.png","stimuli/Electronic device & accessory.png","stimuli/Outdoor activity & sport item.png","Electronic device & accessory",3,0,"stimuli/objects/jack.jpg",4,0,1.3831,1,1
"96",2,473878,"stimuli/m_black.jpg","stimuli/Outdoor activity & sport item.png","stimuli/Hand labour tool & accessory.png","stimuli/Electronic device & accessory.png","stimuli/Kitchen & utensil.png","Outdoor activity & sport item",1,0,"stimuli/objects/podium.jpg",4,0,1.9019,1,1
"97",2,473878,"stimuli/m_black.jpg","stimuli/Kitchen & utensil.png","stimuli/Electronic device & accessory.png","stimuli/Hand labour tool & accessory.png","stimuli/Outdoor activity & sport item.png","Kitchen & utensil",1,1,"stimuli/objects/peppermill02b.jpg",1,1,1.554,1,1
"98",2,473878,"stimuli/m_black.jpg","stimuli/Kitchen & utensil.png","stimuli/Outdoor activity & sport item.png","stimuli/Electronic device & accessory.png","stimuli/Hand labour tool & accessory.png","Kitchen & utensil",1,1,"stimuli/objects/grill.jpg",2,0,0.735,1,1
"99",2,473878,"stimuli/m_black.jpg","stimuli/Electronic device & accessory.png","stimuli/Kitchen & utensil.png","stimuli/Outdoor activity & sport item.png","stimuli/Hand labour tool & accessory.png","Kitchen & utensil",2,1,"stimuli/objects/ramekin01.jpg",3,0,1.1184,1,1
"100",2,473878,"stimuli/m_black.jpg","stimuli/Kitchen & utensil.png","stimuli/Outdoor activity & sport item.png","stimuli/Hand labour tool & accessory.png","stimuli/Electronic device & accessory.png","Kitchen & utensil",1,1,"stimuli/objects/pitcher02b.jpg",1,1,1.7804,1,1
"101",2,473878,"stimuli/m_black.jpg","stimuli/Outdoor activity & sport item.png","stimuli/Electronic device & accessory.png","stimuli/Kitchen & utensil.png","stimuli/Hand labour tool & accessory.png","Kitchen & utensil",3,1,"stimuli/objects/shotglass.jpg",3,1,1.3554,1,1
"102",2,473878,"stimuli/m_orange.jpg","stimuli/Hand labour tool & accessory.png","stimuli/Electronic device & accessory.png","stimuli/Outdoor activity & sport item.png","stimuli/Kitchen & utensil.png","Electronic device & accessory",2,1,"stimuli/objects/spotlight.jpg",2,1,0.7853,0,1
"103",2,473878,"stimuli/m_black.jpg","stimuli/Hand labour tool & accessory.png","stimuli/Electronic device & accessory.png","stimuli/Kitchen & utensil.png","stimuli/Outdoor activity & sport item.png","Outdoor activity & sport item",4,0,"stimuli/objects/beachumbrella01.jpg",3,0,0.7181,1,1
"104",2,473878,"stimuli/m_orange.jpg","stimuli/Electronic device & accessory.png","stimuli/Kitchen & utensil.png","stimuli/Hand labour tool & accessory.png","stimuli/Outdoor activity & sport item.png","Electronic device & accessory",1,1,"stimuli/objects/cameracase01a.jpg",1,1,0.9984,0,1
"105",2,473878,"stimuli/m_orange.jpg","stimuli/Outdoor activity & sport item.png","stimuli/Hand labour tool & accessory.png","stimuli/Kitchen & utensil.png","stimuli/Electronic device & accessory.png","Outdoor activity & sport item",1,0,"stimuli/objects/snowshoe.jpg",4,0,1.8192,0,1
"106",2,473878,"stimuli/m_black.jpg","stimuli/Kitchen & utensil.png","stimuli/Hand labour tool & accessory.png","stimuli/Electronic device & accessory.png","stimuli/Outdoor activity & sport item.png","Hand labour tool & accessory",2,0,"stimuli/objects/knifesharpener.jpg",4,0,1.4581,1,0
"107",2,473878,"stimuli/m_orange.jpg","stimuli/Kitchen & utensil.png","stimuli/Electronic device & accessory.png","stimuli/Hand labour tool & accessory.png","stimuli/Outdoor activity & sport item.png","Electronic device & accessory",2,1,"stimuli/objects/filmnegative.jpg",2,1,0.5863,0,1
"108",2,473878,"stimuli/m_black.jpg","stimuli/Kitchen & utensil.png","stimuli/Hand labour tool & accessory.png","stimuli/Outdoor activity & sport item.png","stimuli/Electronic device & accessory.png","Kitchen & utensil",1,1,"stimuli/objects/breadknife.jpg",3,0,0.9987,1,1
"109",2,473878,"stimuli/m_orange.jpg","stimuli/Hand labour tool & accessory.png","stimuli/Kitchen & utensil.png","stimuli/Outdoor activity & sport item.png","stimuli/Electronic device & accessory.png","Electronic device & accessory",4,1,"stimuli/objects/fanheater.jpg",2,0,1.0939,0,1
"110",2,473878,"stimuli/m_black.jpg","stimuli/Hand labour tool & accessory.png","stimuli/Outdoor activity & sport item.png","stimuli/Kitchen & utensil.png","stimuli/Electronic device & accessory.png","Kitchen & utensil",3,1,"stimuli/objects/pot01.jpg",3,1,0.6311,1,1
"111",2,473878,"stimuli/m_orange.jpg","stimuli/Kitchen & utensil.png","stimuli/Electronic device & accessory.png","stimuli/Outdoor activity & sport item.png","stimuli/Hand labour tool & accessory.png","Electronic device & accessory",2,1,"stimuli/objects/securitycamera.jpg",2,1,0.729,0,1
"112",2,473878,"stimuli/m_orange.jpg","stimuli/Electronic device & accessory.png","stimuli/Hand labour tool & accessory.png","stimuli/Outdoor activity & sport item.png","stimuli/Kitchen & utensil.png","Outdoor activity & sport item",3,0,"stimuli/objects/swimgoggles.jpg",1,0,0.8855,0,1
"113",2,473878,"stimuli/m_black.jpg","stimuli/Hand labour tool & accessory.png","stimuli/Kitchen & utensil.png","stimuli/Outdoor activity & sport item.png","stimuli/Electronic device & accessory.png","Kitchen & utensil",2,1,"stimuli/objects/cookingpot.jpg",2,1,3.506,1,1
"114",2,473878,"stimuli/m_orange.jpg","stimuli/Electronic device & accessory.png","stimuli/Hand labour tool & accessory.png","stimuli/Kitchen & utensil.png","stimuli/Outdoor activity & sport item.png","Kitchen & utensil",3,0,"stimuli/objects/knife03.jpg",1,0,1.535,0,1
"115",2,473878,"stimuli/m_black.jpg","stimuli/Kitchen & utensil.png","stimuli/Electronic device & accessory.png","stimuli/Hand labour tool & accessory.png","stimuli/Outdoor activity & sport item.png","Kitchen & utensil",1,1,"stimuli/objects/whisk.jpg",4,0,1.3903,1,1
"116",2,473878,"stimuli/m_black.jpg","stimuli/Hand labour tool & accessory.png","stimuli/Outdoor activity & sport item.png","stimuli/Electronic device & accessory.png","stimuli/Kitchen & utensil.png","Kitchen & utensil",4,1,"stimuli/objects/muffintray01.jpg",4,1,1.2163,1,0
"117",2,473878,"stimuli/m_orange.jpg","stimuli/Hand labour tool & accessory.png","stimuli/Electronic device & accessory.png","stimuli/Kitchen & utensil.png","stimuli/Outdoor activity & sport item.png","Electronic device & accessory",2,1,"stimuli/objects/radio01.jpg",2,1,0.691,0,0
"118",2,473878,"stimuli/m_black.jpg","stimuli/Kitchen & utensil.png","stimuli/Electronic device & accessory.png","stimuli/Outdoor activity & sport item.png","stimuli/Hand labour tool & accessory.png","Kitchen & utensil",1,1,"stimuli/objects/fork03c.jpg",1,1,0.7515,1,1
"119",2,473878,"stimuli/m_orange.jpg","stimuli/Outdoor activity & sport item.png","stimuli/Kitchen & utensil.png","stimuli/Hand labour tool & accessory.png","stimuli/Electronic device & accessory.png","Electronic device & accessory",4,1,"stimuli/objects/audiocablesplitter.jpg",4,1,1.1386,0,0
"120",2,473878,"stimuli/m_black.jpg","stimuli/Hand labour tool & accessory.png","stimuli/Electronic device & accessory.png","stimuli/Outdoor activity & sport item.png","stimuli/Kitchen & utensil.png","Hand labour tool & accessory",1,0,"stimuli/objects/adjustablewrench01b.jpg",4,0,1.3155,1,1
"121",2,473878,"stimuli/m_black.jpg","stimuli/Kitchen & utensil.png","stimuli/Hand labour tool & accessory.png","stimuli/Outdoor activity & sport item.png","stimuli/Electronic device & accessory.png","Kitchen & utensil",1,1,"stimuli/objects/coffeemaker.jpg",1,1,1.6972,1,0
"122",2,473878,"stimuli/m_black.jpg","stimuli/Kitchen & utensil.png","stimuli/Outdoor activity & sport item.png","stimuli/Electronic device & accessory.png","stimuli/Hand labour tool & accessory.png","Hand labour tool & accessory",4,0,"stimuli/objects/painttray.jpg",1,0,0.7056,1,1
"123",2,473878,"stimuli/m_black.jpg","stimuli/Outdoor activity & sport item.png","stimuli/Hand labour tool & accessory.png","stimuli/Kitchen & utensil.png","stimuli/Electronic device & accessory.png","Kitchen & utensil",3,1,"stimuli/objects/saltshaker03a.jpg",3,1,0.7971,1,1
"124",2,473878,"stimuli/m_black.jpg","stimuli/Electronic device & accessory.png","stimuli/Hand labour tool & accessory.png","stimuli/Outdoor activity & sport item.png","stimuli/Kitchen & utensil.png","Kitchen & utensil",4,1,"stimuli/objects/cuttingboard.jpg",4,1,1.3482,1,1
"125",2,473878,"stimuli/m_orange.jpg","stimuli/Outdoor activity & sport item.png","stimuli/Hand labour tool & accessory.png","stimuli/Electronic device & accessory.png","stimuli/Kitchen & utensil.png","Electronic device & accessory",3,1,"stimuli/objects/soundmixer.jpg",3,1,0.8991,0,0
"126",2,473878,"stimuli/m_orange.jpg","stimuli/Hand labour tool & accessory.png","stimuli/Kitchen & utensil.png","stimuli/Electronic device & accessory.png","stimuli/Outdoor activity & sport item.png","Electronic device & accessory",3,1,"stimuli/objects/payphone.jpg",3,1,0.5481,0,1
"127",2,473878,"stimuli/m_black.jpg","stimuli/Outdoor activity & sport item.png","stimuli/Electronic device & accessory.png","stimuli/Hand labour tool & accessory.png","stimuli/Kitchen & utensil.png","Hand labour tool & accessory",3,0,"stimuli/objects/cuttingpliers02.jpg",4,0,0.9348,1,1
"128",2,473878,"stimuli/m_orange.jpg","stimuli/Hand labour tool & accessory.png","stimuli/Electronic device & accessory.png","stimuli/Outdoor activity & sport item.png","stimuli/Kitchen & utensil.png","Hand labour tool & accessory",1,0,"stimuli/objects/wateringcan.jpg",2,0,1.2091,0,0
"129",2,473878,"stimuli/m_black.jpg","stimuli/Kitchen & utensil.png","stimuli/Electronic device & accessory.png","stimuli/Hand labour tool & accessory.png","stimuli/Outdoor activity & sport item.png","Kitchen & utensil",1,1,"stimuli/objects/toasteroven.jpg",1,1,2.2686,1,1
"130",2,473878,"stimuli/m_black.jpg","stimuli/Hand labour tool & accessory.png","stimuli/Kitchen & utensil.png","stimuli/Outdoor activity & sport item.png","stimuli/Electronic device & accessory.png","Kitchen & utensil",2,1,"stimuli/objects/minifridge.jpg",2,1,0.8763,1,1
"131",2,473878,"stimuli/m_orange.jpg","stimuli/Electronic device & accessory.png","stimuli/Hand labour tool & accessory.png","stimuli/Kitchen & utensil.png","stimuli/Outdoor activity & sport item.png","Kitchen & utensil",3,0,"stimuli/objects/fridge.jpg",1,0,0.9184,0,0
"132",2,473878,"stimuli/m_black.jpg","stimuli/Hand labour tool & accessory.png","stimuli/Outdoor activity & sport item.png","stimuli/Kitchen & utensil.png","stimuli/Electronic device & accessory.png","Electronic device & accessory",4,0,"stimuli/objects/camera01a.jpg",2,0,1.256,1,1
"133",2,473878,"stimuli/m_black.jpg","stimuli/Outdoor activity & sport item.png","stimuli/Electronic device & accessory.png","stimuli/Hand labour tool & accessory.png","stimuli/Kitchen & utensil.png","Kitchen & utensil",4,1,"stimuli/objects/spicerack.jpg",1,0,0.8851,1,1
"134",2,473878,"stimuli/m_black.jpg","stimuli/Kitchen & utensil.png","stimuli/Outdoor activity & sport item.png","stimuli/Hand labour tool & accessory.png","stimuli/Electronic device & accessory.png","Kitchen & utensil",1,1,"stimuli/objects/icebucket.jpg",2,0,0.6969,1,1
