"","participant","Expra.Code","character","left_categ","centleft_categ","centright_categ","right_categ","corr_ans","corr_ans_num","type","img","task_response.keys","task_response.corr","task_response.rt","condition","recogAcc"
"28",5,824852,"stimuli/m_black.jpg","stimuli/Electronic device & accessory.png","stimuli/Hand labour tool & accessory.png","stimuli/Kitchen & utensil.png","stimuli/Outdoor activity & sport item.png","Electronic device & accessory",1,0,"stimuli/objects/scanner.jpg",1,1,1.8743,0,0
"29",5,824852,"stimuli/m_black.jpg","stimuli/Hand labour tool & accessory.png","stimuli/Kitchen & utensil.png","stimuli/Electronic device & accessory.png","stimuli/Outdoor activity & sport item.png","Outdoor activity & sport item",4,1,"stimuli/objects/sportbag.jpg",3,0,2.5611,0,1
"30",5,824852,"stimuli/m_orange.jpg","stimuli/Outdoor activity & sport item.png","stimuli/Kitchen & utensil.png","stimuli/Hand labour tool & accessory.png","stimuli/Electronic device & accessory.png","Outdoor activity & sport item",1,0,"stimuli/objects/backpack01a.jpg",1,1,2.9778,1,1
"31",5,824852,"stimuli/m_black.jpg","stimuli/Kitchen & utensil.png","stimuli/Outdoor activity & sport item.png","stimuli/Electronic device & accessory.png","stimuli/Hand labour tool & accessory.png","Outdoor activity & sport item",2,1,"stimuli/objects/golfball.jpg",2,1,1.7618,0,1
"32",5,824852,"stimuli/m_orange.jpg","stimuli/Hand labour tool & accessory.png","stimuli/Electronic device & accessory.png","stimuli/Outdoor activity & sport item.png","stimuli/Kitchen & utensil.png","Hand labour tool & accessory",1,1,"stimuli/objects/lock03a.jpg",1,1,1.4944,1,0
"33",5,824852,"stimuli/m_orange.jpg","stimuli/Kitchen & utensil.png","stimuli/Hand labour tool & accessory.png","stimuli/Outdoor activity & sport item.png","stimuli/Electronic device & accessory.png","Hand labour tool & accessory",2,1,"stimuli/objects/puttyknife.jpg",2,1,2.2207,1,1
"34",5,824852,"stimuli/m_orange.jpg","stimuli/Outdoor activity & sport item.png","stimuli/Hand labour tool & accessory.png","stimuli/Kitchen & utensil.png","stimuli/Electronic device & accessory.png","Hand labour tool & accessory",2,1,"stimuli/objects/jumpingjack.jpg",2,1,0.6512,1,1
"35",5,824852,"stimuli/m_black.jpg","stimuli/Hand labour tool & accessory.png","stimuli/Electronic device & accessory.png","stimuli/Outdoor activity & sport item.png","stimuli/Kitchen & utensil.png","Hand labour tool & accessory",1,0,"stimuli/objects/tape02a.jpg",4,0,3.1531,0,1
"36",5,824852,"stimuli/m_orange.jpg","stimuli/Electronic device & accessory.png","stimuli/Kitchen & utensil.png","stimuli/Hand labour tool & accessory.png","stimuli/Outdoor activity & sport item.png","Hand labour tool & accessory",3,1,"stimuli/objects/mallet01b.jpg",3,1,1.0717,1,1
"37",5,824852,"stimuli/m_black.jpg","stimuli/Electronic device & accessory.png","stimuli/Kitchen & utensil.png","stimuli/Hand labour tool & accessory.png","stimuli/Outdoor activity & sport item.png","Outdoor activity & sport item",4,1,"stimuli/objects/swimgoggles.jpg",1,0,2.2742,0,1
"38",5,824852,"stimuli/m_black.jpg","stimuli/Outdoor activity & sport item.png","stimuli/Kitchen & utensil.png","stimuli/Hand labour tool & accessory.png","stimuli/Electronic device & accessory.png","Outdoor activity & sport item",1,1,"stimuli/objects/snowshoe.jpg",1,1,2.1647,0,1
"39",5,824852,"stimuli/m_orange.jpg","stimuli/Electronic device & accessory.png","stimuli/Hand labour tool & accessory.png","stimuli/Kitchen & utensil.png","stimuli/Outdoor activity & sport item.png","Electronic device & accessory",1,0,"stimuli/objects/avcable.jpg",2,0,0.7815,1,1
"40",5,824852,"stimuli/m_black.jpg","stimuli/Kitchen & utensil.png","stimuli/Electronic device & accessory.png","stimuli/Hand labour tool & accessory.png","stimuli/Outdoor activity & sport item.png","Outdoor activity & sport item",4,1,"stimuli/objects/lifesaver.jpg",4,1,2.9563,0,0
"41",5,824852,"stimuli/m_black.jpg","stimuli/Electronic device & accessory.png","stimuli/Outdoor activity & sport item.png","stimuli/Hand labour tool & accessory.png","stimuli/Kitchen & utensil.png","Outdoor activity & sport item",2,1,"stimuli/objects/skigoggles01.jpg",2,1,1.6354,0,1
"42",5,824852,"stimuli/m_orange.jpg","stimuli/Hand labour tool & accessory.png","stimuli/Outdoor activity & sport item.png","stimuli/Electronic device & accessory.png","stimuli/Kitchen & utensil.png","Hand labour tool & accessory",1,1,"stimuli/objects/bungeecord02.jpg",1,1,1.2629,1,1
"43",5,824852,"stimuli/m_black.jpg","stimuli/Outdoor activity & sport item.png","stimuli/Electronic device & accessory.png","stimuli/Hand labour tool & accessory.png","stimuli/Kitchen & utensil.png","Outdoor activity & sport item",1,1,"stimuli/objects/bikelock.jpg",2,0,1.5558,0,1
"44",5,824852,"stimuli/m_black.jpg","stimuli/Outdoor activity & sport item.png","stimuli/Kitchen & utensil.png","stimuli/Electronic device & accessory.png","stimuli/Hand labour tool & accessory.png","Outdoor activity & sport item",1,1,"stimuli/objects/hockeygoalieglove.jpg",3,0,2.4954,0,0
"45",5,824852,"stimuli/m_orange.jpg","stimuli/Outdoor activity & sport item.png","stimuli/Electronic device & accessory.png","stimuli/Hand labour tool & accessory.png","stimuli/Kitchen & utensil.png","Hand labour tool & accessory",3,1,"stimuli/objects/flashlight02b.jpg",3,1,1.6083,1,0
"46",5,824852,"stimuli/m_black.jpg","stimuli/Hand labour tool & accessory.png","stimuli/Electronic device & accessory.png","stimuli/Kitchen & utensil.png","stimuli/Outdoor activity & sport item.png","Hand labour tool & accessory",1,0,"stimuli/objects/bucket02.jpg",1,1,3.6126,0,1
"47",5,824852,"stimuli/m_black.jpg","stimuli/Kitchen & utensil.png","stimuli/Hand labour tool & accessory.png","stimuli/Outdoor activity & sport item.png","stimuli/Electronic device & accessory.png","Outdoor activity & sport item",3,1,"stimuli/objects/beachumbrella01.jpg",4,0,2.5554,0,1
"48",5,824852,"stimuli/m_orange.jpg","stimuli/Outdoor activity & sport item.png","stimuli/Kitchen & utensil.png","stimuli/Hand labour tool & accessory.png","stimuli/Electronic device & accessory.png","Hand labour tool & accessory",3,1,"stimuli/objects/pickaxe02.jpg",3,1,1.0461,1,1
"49",5,824852,"stimuli/m_orange.jpg","stimuli/Electronic device & accessory.png","stimuli/Kitchen & utensil.png","stimuli/Hand labour tool & accessory.png","stimuli/Outdoor activity & sport item.png","Hand labour tool & accessory",3,1,"stimuli/objects/file.jpg",3,1,2.5096,1,1
"50",5,824852,"stimuli/m_orange.jpg","stimuli/Electronic device & accessory.png","stimuli/Outdoor activity & sport item.png","stimuli/Kitchen & utensil.png","stimuli/Hand labour tool & accessory.png","Hand labour tool & accessory",4,1,"stimuli/objects/solderingwire.jpg",3,0,0.389,1,1
"51",5,824852,"stimuli/m_black.jpg","stimuli/Outdoor activity & sport item.png","stimuli/Hand labour tool & accessory.png","stimuli/Kitchen & utensil.png","stimuli/Electronic device & accessory.png","Kitchen & utensil",3,0,"stimuli/objects/teapot.jpg",4,0,1.9825,0,1
"52",5,824852,"stimuli/m_orange.jpg","stimuli/Kitchen & utensil.png","stimuli/Hand labour tool & accessory.png","stimuli/Outdoor activity & sport item.png","stimuli/Electronic device & accessory.png","Hand labour tool & accessory",2,1,"stimuli/objects/gardenshears01a.jpg",2,1,1.1245,1,1
"53",5,824852,"stimuli/m_black.jpg","stimuli/Kitchen & utensil.png","stimuli/Hand labour tool & accessory.png","stimuli/Electronic device & accessory.png","stimuli/Outdoor activity & sport item.png","Hand labour tool & accessory",2,0,"stimuli/objects/hoe.jpg",3,0,1.1783,0,0
"54",5,824852,"stimuli/m_orange.jpg","stimuli/Hand labour tool & accessory.png","stimuli/Outdoor activity & sport item.png","stimuli/Electronic device & accessory.png","stimuli/Kitchen & utensil.png","Hand labour tool & accessory",1,1,"stimuli/objects/pipewrench.jpg",1,1,0.9491,1,1
"55",5,824852,"stimuli/m_orange.jpg","stimuli/Kitchen & utensil.png","stimuli/Electronic device & accessory.png","stimuli/Hand labour tool & accessory.png","stimuli/Outdoor activity & sport item.png","Hand labour tool & accessory",3,1,"stimuli/objects/metalscissors.jpg",3,1,1.8817,1,1
"56",5,824852,"stimuli/m_black.jpg","stimuli/Kitchen & utensil.png","stimuli/Hand labour tool & accessory.png","stimuli/Outdoor activity & sport item.png","stimuli/Electronic device & accessory.png","Outdoor activity & sport item",3,1,"stimuli/objects/magneticcompass.jpg",4,0,2.5975,0,0
"57",5,824852,"stimuli/m_black.jpg","stimuli/Electronic device & accessory.png","stimuli/Outdoor activity & sport item.png","stimuli/Hand labour tool & accessory.png","stimuli/Kitchen & utensil.png","Outdoor activity & sport item",2,1,"stimuli/objects/weight01.jpg",1,0,1.3912,0,1
"58",5,824852,"stimuli/m_black.jpg","stimuli/Kitchen & utensil.png","stimuli/Hand labour tool & accessory.png","stimuli/Electronic device & accessory.png","stimuli/Outdoor activity & sport item.png","Electronic device & accessory",3,0,"stimuli/objects/chandelier.jpg",4,0,2.1399,0,1
"59",5,824852,"stimuli/m_orange.jpg","stimuli/Kitchen & utensil.png","stimuli/Outdoor activity & sport item.png","stimuli/Hand labour tool & accessory.png","stimuli/Electronic device & accessory.png","Hand labour tool & accessory",3,1,"stimuli/objects/painttray.jpg",3,1,0.7926,1,1
"60",5,824852,"stimuli/m_black.jpg","stimuli/Hand labour tool & accessory.png","stimuli/Electronic device & accessory.png","stimuli/Kitchen & utensil.png","stimuli/Outdoor activity & sport item.png","Kitchen & utensil",3,0,"stimuli/objects/fonduefork01.jpg",2,0,3.9116,0,1
"61",5,824852,"stimuli/m_orange.jpg","stimuli/Electronic device & accessory.png","stimuli/Kitchen & utensil.png","stimuli/Outdoor activity & sport item.png","stimuli/Hand labour tool & accessory.png","Hand labour tool & accessory",4,1,"stimuli/objects/cheeseknife01.jpg",4,1,1.4763,1,1
"62",5,824852,"stimuli/m_orange.jpg","stimuli/Outdoor activity & sport item.png","stimuli/Hand labour tool & accessory.png","stimuli/Electronic device & accessory.png","stimuli/Kitchen & utensil.png","Hand labour tool & accessory",2,1,"stimuli/objects/gavel.jpg",2,1,1.7079,1,1
"63",5,824852,"stimuli/m_black.jpg","stimuli/Electronic device & accessory.png","stimuli/Kitchen & utensil.png","stimuli/Outdoor activity & sport item.png","stimuli/Hand labour tool & accessory.png","Outdoor activity & sport item",3,1,"stimuli/objects/birdie.jpg",1,0,1.5415,0,1
"64",5,824852,"stimuli/m_black.jpg","stimuli/Kitchen & utensil.png","stimuli/Electronic device & accessory.png","stimuli/Outdoor activity & sport item.png","stimuli/Hand labour tool & accessory.png","Outdoor activity & sport item",3,1,"stimuli/objects/footballhelmet.jpg",3,1,1.7208,0,1
"65",5,824852,"stimuli/m_black.jpg","stimuli/Outdoor activity & sport item.png","stimuli/Hand labour tool & accessory.png","stimuli/Electronic device & accessory.png","stimuli/Kitchen & utensil.png","Kitchen & utensil",4,0,"stimuli/objects/tray.jpg",1,0,1.6478,0,1
"66",5,824852,"stimuli/m_black.jpg","stimuli/Electronic device & accessory.png","stimuli/Kitchen & utensil.png","stimuli/Hand labour tool & accessory.png","stimuli/Outdoor activity & sport item.png","Outdoor activity & sport item",4,1,"stimuli/objects/charcoalbarbecue.jpg",2,0,1.4265,0,0
"67",5,824852,"stimuli/m_orange.jpg","stimuli/Kitchen & utensil.png","stimuli/Electronic device & accessory.png","stimuli/Outdoor activity & sport item.png","stimuli/Hand labour tool & accessory.png","Hand labour tool & accessory",4,1,"stimuli/objects/jumpercables.jpg",4,1,1.4015,1,1
"68",5,824852,"stimuli/m_orange.jpg","stimuli/Kitchen & utensil.png","stimuli/Hand labour tool & accessory.png","stimuli/Outdoor activity & sport item.png","stimuli/Electronic device & accessory.png","Hand labour tool & accessory",2,1,"stimuli/objects/sledgehammer.jpg",2,1,2.9788,1,1
"69",5,824852,"stimuli/m_black.jpg","stimuli/Electronic device & accessory.png","stimuli/Hand labour tool & accessory.png","stimuli/Kitchen & utensil.png","stimuli/Outdoor activity & sport item.png","Electronic device & accessory",1,0,"stimuli/objects/cellphone.jpg",2,0,2.7973,0,1
"70",5,824852,"stimuli/m_orange.jpg","stimuli/Electronic device & accessory.png","stimuli/Outdoor activity & sport item.png","stimuli/Hand labour tool & accessory.png","stimuli/Kitchen & utensil.png","Hand labour tool & accessory",3,1,"stimuli/objects/squeegee01b.jpg",1,0,1.1756,1,1
"71",5,824852,"stimuli/m_orange.jpg","stimuli/Outdoor activity & sport item.png","stimuli/Electronic device & accessory.png","stimuli/Kitchen & utensil.png","stimuli/Hand labour tool & accessory.png","Hand labour tool & accessory",4,1,"stimuli/objects/loppingshears.jpg",3,0,2.4938,1,1
"72",5,824852,"stimuli/m_black.jpg","stimuli/Outdoor activity & sport item.png","stimuli/Electronic device & accessory.png","stimuli/Hand labour tool & accessory.png","stimuli/Kitchen & utensil.png","Outdoor activity & sport item",1,1,"stimuli/objects/handgripper.jpg",3,0,1.3504,0,0
"73",5,824852,"stimuli/m_orange.jpg","stimuli/Kitchen & utensil.png","stimuli/Outdoor activity & sport item.png","stimuli/Electronic device & accessory.png","stimuli/Hand labour tool & accessory.png","Kitchen & utensil",1,0,"stimuli/objects/oven.jpg",2,0,0.9853,1,1
"74",5,824852,"stimuli/m_black.jpg","stimuli/Hand labour tool & accessory.png","stimuli/Outdoor activity & sport item.png","stimuli/Electronic device & accessory.png","stimuli/Kitchen & utensil.png","Outdoor activity & sport item",2,1,"stimuli/objects/bikepump01.jpg",3,0,2.6419,0,1
"75",5,824852,"stimuli/m_orange.jpg","stimuli/Outdoor activity & sport item.png","stimuli/Electronic device & accessory.png","stimuli/Kitchen & utensil.png","stimuli/Hand labour tool & accessory.png","Hand labour tool & accessory",4,1,"stimuli/objects/bowrake.jpg",4,1,1.3462,1,1
"76",5,824852,"stimuli/m_orange.jpg","stimuli/Outdoor activity & sport item.png","stimuli/Kitchen & utensil.png","stimuli/Hand labour tool & accessory.png","stimuli/Electronic device & accessory.png","Hand labour tool & accessory",3,1,"stimuli/objects/leafblower01.jpg",3,1,2.2395,1,1
"77",5,824852,"stimuli/m_black.jpg","stimuli/Hand labour tool & accessory.png","stimuli/Outdoor activity & sport item.png","stimuli/Kitchen & utensil.png","stimuli/Electronic device & accessory.png","Outdoor activity & sport item",2,1,"stimuli/objects/cooler01.jpg",4,0,1.5471,0,1
"78",5,824852,"stimuli/m_orange.jpg","stimuli/Hand labour tool & accessory.png","stimuli/Kitchen & utensil.png","stimuli/Outdoor activity & sport item.png","stimuli/Electronic device & accessory.png","Hand labour tool & accessory",1,1,"stimuli/objects/pylon01.jpg",4,0,2.3254,1,1
"79",5,824852,"stimuli/m_black.jpg","stimuli/Hand labour tool & accessory.png","stimuli/Outdoor activity & sport item.png","stimuli/Kitchen & utensil.png","stimuli/Electronic device & accessory.png","Electronic device & accessory",4,0,"stimuli/objects/videocamera01a.jpg",NA,0,NA,0,1
"80",5,824852,"stimuli/m_orange.jpg","stimuli/Hand labour tool & accessory.png","stimuli/Electronic device & accessory.png","stimuli/Outdoor activity & sport item.png","stimuli/Kitchen & utensil.png","Kitchen & utensil",4,0,"stimuli/objects/grater01a.jpg",1,0,1.295,1,1
"81",5,824852,"stimuli/m_orange.jpg","stimuli/Hand labour tool & accessory.png","stimuli/Outdoor activity & sport item.png","stimuli/Electronic device & accessory.png","stimuli/Kitchen & utensil.png","Hand labour tool & accessory",1,1,"stimuli/objects/nailgun.jpg",1,1,1.0228,1,1
"82",5,824852,"stimuli/m_black.jpg","stimuli/Outdoor activity & sport item.png","stimuli/Kitchen & utensil.png","stimuli/Hand labour tool & accessory.png","stimuli/Electronic device & accessory.png","Kitchen & utensil",2,0,"stimuli/objects/blender.jpg",4,0,2.2582,0,1
"83",5,824852,"stimuli/m_orange.jpg","stimuli/Electronic device & accessory.png","stimuli/Hand labour tool & accessory.png","stimuli/Kitchen & utensil.png","stimuli/Outdoor activity & sport item.png","Electronic device & accessory",1,0,"stimuli/objects/carlighter02.jpg",3,0,2.1611,1,0
"84",5,824852,"stimuli/m_black.jpg","stimuli/Electronic device & accessory.png","stimuli/Kitchen & utensil.png","stimuli/Hand labour tool & accessory.png","stimuli/Outdoor activity & sport item.png","Outdoor activity & sport item",4,1,"stimuli/objects/tennisracket.jpg",1,0,1.3124,0,1
"85",5,824852,"stimuli/m_orange.jpg","stimuli/Electronic device & accessory.png","stimuli/Outdoor activity & sport item.png","stimuli/Hand labour tool & accessory.png","stimuli/Kitchen & utensil.png","Hand labour tool & accessory",3,1,"stimuli/objects/carjack.jpg",3,1,2.3416,1,0
"86",5,824852,"stimuli/m_black.jpg","stimuli/Hand labour tool & accessory.png","stimuli/Electronic device & accessory.png","stimuli/Outdoor activity & sport item.png","stimuli/Kitchen & utensil.png","Hand labour tool & accessory",1,0,"stimuli/objects/shopvac.jpg",2,0,2.5981,0,0
"87",5,824852,"stimuli/m_black.jpg","stimuli/Kitchen & utensil.png","stimuli/Electronic device & accessory.png","stimuli/Hand labour tool & accessory.png","stimuli/Outdoor activity & sport item.png","Outdoor activity & sport item",4,1,"stimuli/objects/exercisebench.jpg",2,0,0.6116,0,1
"88",5,824852,"stimuli/m_black.jpg","stimuli/Outdoor activity & sport item.png","stimuli/Hand labour tool & accessory.png","stimuli/Electronic device & accessory.png","stimuli/Kitchen & utensil.png","Outdoor activity & sport item",1,1,"stimuli/objects/punchingball.jpg",1,1,1.3097,0,1
"89",5,824852,"stimuli/m_orange.jpg","stimuli/Electronic device & accessory.png","stimuli/Hand labour tool & accessory.png","stimuli/Kitchen & utensil.png","stimuli/Outdoor activity & sport item.png","Hand labour tool & accessory",2,1,"stimuli/objects/solderingiron.jpg",2,1,0.7601,1,1
"90",5,824852,"stimuli/m_black.jpg","stimuli/Outdoor activity & sport item.png","stimuli/Electronic device & accessory.png","stimuli/Hand labour tool & accessory.png","stimuli/Kitchen & utensil.png","Hand labour tool & accessory",3,0,"stimuli/objects/wheel01.jpg",1,0,2.0075,0,1
"91",5,824852,"stimuli/m_orange.jpg","stimuli/Hand labour tool & accessory.png","stimuli/Kitchen & utensil.png","stimuli/Electronic device & accessory.png","stimuli/Outdoor activity & sport item.png","Electronic device & accessory",3,0,"stimuli/objects/monitor.jpg",1,0,1.9434,1,1
"92",5,824852,"stimuli/m_orange.jpg","stimuli/Kitchen & utensil.png","stimuli/Electronic device & accessory.png","stimuli/Hand labour tool & accessory.png","stimuli/Outdoor activity & sport item.png","Hand labour tool & accessory",3,1,"stimuli/objects/gastank.jpg",2,0,2.6643,1,1
"93",5,824852,"stimuli/m_orange.jpg","stimuli/Kitchen & utensil.png","stimuli/Outdoor activity & sport item.png","stimuli/Electronic device & accessory.png","stimuli/Hand labour tool & accessory.png","Hand labour tool & accessory",4,1,"stimuli/objects/staplegun.jpg",4,1,2.2502,1,0
"94",5,824852,"stimuli/m_black.jpg","stimuli/Kitchen & utensil.png","stimuli/Outdoor activity & sport item.png","stimuli/Electronic device & accessory.png","stimuli/Hand labour tool & accessory.png","Hand labour tool & accessory",4,0,"stimuli/objects/gluetube.jpg",3,0,1.9109,0,1
"95",5,824852,"stimuli/m_black.jpg","stimuli/Kitchen & utensil.png","stimuli/Outdoor activity & sport item.png","stimuli/Hand labour tool & accessory.png","stimuli/Electronic device & accessory.png","Outdoor activity & sport item",2,1,"stimuli/objects/basketballhoop01.jpg",3,0,3.7539,0,0
"96",5,824852,"stimuli/m_black.jpg","stimuli/Electronic device & accessory.png","stimuli/Hand labour tool & accessory.png","stimuli/Outdoor activity & sport item.png","stimuli/Kitchen & utensil.png","Outdoor activity & sport item",3,1,"stimuli/objects/umbrella04.jpg",2,0,1.1788,0,1
"97",5,824852,"stimuli/m_black.jpg","stimuli/Outdoor activity & sport item.png","stimuli/Electronic device & accessory.png","stimuli/Kitchen & utensil.png","stimuli/Hand labour tool & accessory.png","Outdoor activity & sport item",1,1,"stimuli/objects/reflector.jpg",NA,0,NA,0,1
"98",5,824852,"stimuli/m_orange.jpg","stimuli/Outdoor activity & sport item.png","stimuli/Hand labour tool & accessory.png","stimuli/Kitchen & utensil.png","stimuli/Electronic device & accessory.png","Outdoor activity & sport item",1,0,"stimuli/objects/tennisball01b.jpg",2,0,0.6821,1,1
"99",5,824852,"stimuli/m_orange.jpg","stimuli/Outdoor activity & sport item.png","stimuli/Kitchen & utensil.png","stimuli/Electronic device & accessory.png","stimuli/Hand labour tool & accessory.png","Hand labour tool & accessory",4,1,"stimuli/objects/adjustablewrench01b.jpg",4,1,1.4587,1,1
"100",5,824852,"stimuli/m_black.jpg","stimuli/Electronic device & accessory.png","stimuli/Hand labour tool & accessory.png","stimuli/Kitchen & utensil.png","stimuli/Outdoor activity & sport item.png","Outdoor activity & sport item",4,1,"stimuli/objects/swing.jpg",2,0,1.0465,0,1
"101",5,824852,"stimuli/m_black.jpg","stimuli/Hand labour tool & accessory.png","stimuli/Outdoor activity & sport item.png","stimuli/Electronic device & accessory.png","stimuli/Kitchen & utensil.png","Outdoor activity & sport item",2,1,"stimuli/objects/skipole.jpg",2,1,1.1774,0,1
"102",5,824852,"stimuli/m_black.jpg","stimuli/Hand labour tool & accessory.png","stimuli/Kitchen & utensil.png","stimuli/Outdoor activity & sport item.png","stimuli/Electronic device & accessory.png","Outdoor activity & sport item",3,1,"stimuli/objects/binoculars01b.jpg",3,1,1.0722,0,1
"103",5,824852,"stimuli/m_black.jpg","stimuli/Outdoor activity & sport item.png","stimuli/Hand labour tool & accessory.png","stimuli/Kitchen & utensil.png","stimuli/Electronic device & accessory.png","Outdoor activity & sport item",1,1,"stimuli/objects/anchor.jpg",1,1,1.649,0,1
"104",5,824852,"stimuli/m_black.jpg","stimuli/Kitchen & utensil.png","stimuli/Electronic device & accessory.png","stimuli/Outdoor activity & sport item.png","stimuli/Hand labour tool & accessory.png","Outdoor activity & sport item",3,1,"stimuli/objects/bikehelmet.jpg",3,1,2.0133,0,1
"105",5,824852,"stimuli/m_orange.jpg","stimuli/Hand labour tool & accessory.png","stimuli/Outdoor activity & sport item.png","stimuli/Kitchen & utensil.png","stimuli/Electronic device & accessory.png","Electronic device & accessory",4,0,"stimuli/objects/walkman.jpg",1,0,2.0817,1,1
"106",5,824852,"stimuli/m_black.jpg","stimuli/Outdoor activity & sport item.png","stimuli/Kitchen & utensil.png","stimuli/Hand labour tool & accessory.png","stimuli/Electronic device & accessory.png","Outdoor activity & sport item",1,1,"stimuli/objects/boogieboard.jpg",4,0,1.4731,0,0
"107",5,824852,"stimuli/m_black.jpg","stimuli/Outdoor activity & sport item.png","stimuli/Electronic device & accessory.png","stimuli/Kitchen & utensil.png","stimuli/Hand labour tool & accessory.png","Outdoor activity & sport item",1,1,"stimuli/objects/badmintonracket.jpg",NA,0,NA,0,1
"108",5,824852,"stimuli/m_black.jpg","stimuli/Hand labour tool & accessory.png","stimuli/Outdoor activity & sport item.png","stimuli/Electronic device & accessory.png","stimuli/Kitchen & utensil.png","Outdoor activity & sport item",2,1,"stimuli/objects/volleyball.jpg",2,1,0.4991,0,0
"109",5,824852,"stimuli/m_orange.jpg","stimuli/Outdoor activity & sport item.png","stimuli/Electronic device & accessory.png","stimuli/Hand labour tool & accessory.png","stimuli/Kitchen & utensil.png","Kitchen & utensil",4,0,"stimuli/objects/pot01.jpg",3,0,0.8953,1,1
"110",5,824852,"stimuli/m_orange.jpg","stimuli/Electronic device & accessory.png","stimuli/Kitchen & utensil.png","stimuli/Hand labour tool & accessory.png","stimuli/Outdoor activity & sport item.png","Hand labour tool & accessory",3,1,"stimuli/objects/cclamp.jpg",3,1,2.3373,1,1
"111",5,824852,"stimuli/m_black.jpg","stimuli/Electronic device & accessory.png","stimuli/Outdoor activity & sport item.png","stimuli/Kitchen & utensil.png","stimuli/Hand labour tool & accessory.png","Outdoor activity & sport item",2,1,"stimuli/objects/bicycle.jpg",2,1,3.2406,0,1
"112",5,824852,"stimuli/m_black.jpg","stimuli/Hand labour tool & accessory.png","stimuli/Electronic device & accessory.png","stimuli/Kitchen & utensil.png","stimuli/Outdoor activity & sport item.png","Outdoor activity & sport item",4,1,"stimuli/objects/golfbag.jpg",4,1,1.3727,0,1
"113",5,824852,"stimuli/m_orange.jpg","stimuli/Hand labour tool & accessory.png","stimuli/Electronic device & accessory.png","stimuli/Outdoor activity & sport item.png","stimuli/Kitchen & utensil.png","Kitchen & utensil",4,0,"stimuli/objects/cleaver01.jpg",1,0,1.1912,1,0
"114",5,824852,"stimuli/m_orange.jpg","stimuli/Kitchen & utensil.png","stimuli/Hand labour tool & accessory.png","stimuli/Electronic device & accessory.png","stimuli/Outdoor activity & sport item.png","Kitchen & utensil",1,0,"stimuli/objects/icebucket.jpg",1,1,1.7094,1,0
"115",5,824852,"stimuli/m_orange.jpg","stimuli/Kitchen & utensil.png","stimuli/Outdoor activity & sport item.png","stimuli/Electronic device & accessory.png","stimuli/Hand labour tool & accessory.png","Hand labour tool & accessory",4,1,"stimuli/objects/tablesaw.jpg",4,1,1.4949,1,0
"116",5,824852,"stimuli/m_black.jpg","stimuli/Kitchen & utensil.png","stimuli/Hand labour tool & accessory.png","stimuli/Outdoor activity & sport item.png","stimuli/Electronic device & accessory.png","Outdoor activity & sport item",3,1,"stimuli/objects/frisbee.jpg",1,0,2.2409,0,1
"117",5,824852,"stimuli/m_orange.jpg","stimuli/Hand labour tool & accessory.png","stimuli/Electronic device & accessory.png","stimuli/Kitchen & utensil.png","stimuli/Outdoor activity & sport item.png","Kitchen & utensil",3,0,"stimuli/objects/kitchenscale01a.jpg",4,0,1.589,1,1
"118",5,824852,"stimuli/m_black.jpg","stimuli/Electronic device & accessory.png","stimuli/Outdoor activity & sport item.png","stimuli/Kitchen & utensil.png","stimuli/Hand labour tool & accessory.png","Electronic device & accessory",1,0,"stimuli/objects/securitycamera.jpg",3,0,1.3733,0,1
"119",5,824852,"stimuli/m_orange.jpg","stimuli/Kitchen & utensil.png","stimuli/Outdoor activity & sport item.png","stimuli/Hand labour tool & accessory.png","stimuli/Electronic device & accessory.png","Hand labour tool & accessory",3,1,"stimuli/objects/measuringtape01.jpg",4,0,1.922,1,1
"120",5,824852,"stimuli/m_orange.jpg","stimuli/Hand labour tool & accessory.png","stimuli/Kitchen & utensil.png","stimuli/Outdoor activity & sport item.png","stimuli/Electronic device & accessory.png","Hand labour tool & accessory",1,1,"stimuli/objects/mitresaw.jpg",1,1,1.1398,1,1
"121",5,824852,"stimuli/m_orange.jpg","stimuli/Outdoor activity & sport item.png","stimuli/Hand labour tool & accessory.png","stimuli/Electronic device & accessory.png","stimuli/Kitchen & utensil.png","Outdoor activity & sport item",1,0,"stimuli/objects/propanetank01.jpg",2,0,1.74,1,1
"122",5,824852,"stimuli/m_black.jpg","stimuli/Outdoor activity & sport item.png","stimuli/Kitchen & utensil.png","stimuli/Electronic device & accessory.png","stimuli/Hand labour tool & accessory.png","Kitchen & utensil",2,0,"stimuli/objects/styrofoamcup.jpg",2,1,2.86,0,1
"123",5,824852,"stimuli/m_black.jpg","stimuli/Electronic device & accessory.png","stimuli/Hand labour tool & accessory.png","stimuli/Outdoor activity & sport item.png","stimuli/Kitchen & utensil.png","Outdoor activity & sport item",3,1,"stimuli/objects/exercisemachine.jpg",4,0,2.6136,0,1
"124",5,824852,"stimuli/m_orange.jpg","stimuli/Hand labour tool & accessory.png","stimuli/Electronic device & accessory.png","stimuli/Kitchen & utensil.png","stimuli/Outdoor activity & sport item.png","Outdoor activity & sport item",4,0,"stimuli/objects/surfboard.jpg",4,1,1.375,1,1
"125",5,824852,"stimuli/m_orange.jpg","stimuli/Electronic device & accessory.png","stimuli/Hand labour tool & accessory.png","stimuli/Outdoor activity & sport item.png","stimuli/Kitchen & utensil.png","Hand labour tool & accessory",2,1,"stimuli/objects/wirestripper.jpg",3,0,0.4089,1,1
"126",5,824852,"stimuli/m_black.jpg","stimuli/Hand labour tool & accessory.png","stimuli/Kitchen & utensil.png","stimuli/Outdoor activity & sport item.png","stimuli/Electronic device & accessory.png","Outdoor activity & sport item",3,1,"stimuli/objects/gymnasticring.jpg",1,0,0.8607,0,0
"127",5,824852,"stimuli/m_black.jpg","stimuli/Hand labour tool & accessory.png","stimuli/Electronic device & accessory.png","stimuli/Outdoor activity & sport item.png","stimuli/Kitchen & utensil.png","Outdoor activity & sport item",3,1,"stimuli/objects/bowlingball.jpg",3,1,1.0666,0,1
"128",5,824852,"stimuli/m_orange.jpg","stimuli/Electronic device & accessory.png","stimuli/Hand labour tool & accessory.png","stimuli/Outdoor activity & sport item.png","stimuli/Kitchen & utensil.png","Outdoor activity & sport item",3,0,"stimuli/objects/baseball01a.jpg",2,0,1.0056,1,1
"129",5,824852,"stimuli/m_black.jpg","stimuli/Hand labour tool & accessory.png","stimuli/Kitchen & utensil.png","stimuli/Electronic device & accessory.png","stimuli/Outdoor activity & sport item.png","Electronic device & accessory",3,0,"stimuli/objects/spotlight.jpg",4,0,1.4562,0,0
"130",5,824852,"stimuli/m_orange.jpg","stimuli/Outdoor activity & sport item.png","stimuli/Electronic device & accessory.png","stimuli/Hand labour tool & accessory.png","stimuli/Kitchen & utensil.png","Hand labour tool & accessory",3,1,"stimuli/objects/drillbit03a.jpg",4,0,2.3085,1,1
"131",5,824852,"stimuli/m_orange.jpg","stimuli/Electronic device & accessory.png","stimuli/Hand labour tool & accessory.png","stimuli/Outdoor activity & sport item.png","stimuli/Kitchen & utensil.png","Hand labour tool & accessory",2,1,"stimuli/objects/cuttingpliers02.jpg",2,1,1.111,1,1
"132",5,824852,"stimuli/m_orange.jpg","stimuli/Kitchen & utensil.png","stimuli/Electronic device & accessory.png","stimuli/Outdoor activity & sport item.png","stimuli/Hand labour tool & accessory.png","Hand labour tool & accessory",4,1,"stimuli/objects/metalbrush.jpg",4,1,1.4955,1,1
"133",5,824852,"stimuli/m_orange.jpg","stimuli/Kitchen & utensil.png","stimuli/Electronic device & accessory.png","stimuli/Outdoor activity & sport item.png","stimuli/Hand labour tool & accessory.png","Hand labour tool & accessory",4,1,"stimuli/objects/jackhammer.jpg",4,1,0.584,1,1
"134",5,824852,"stimuli/m_orange.jpg","stimuli/Outdoor activity & sport item.png","stimuli/Kitchen & utensil.png","stimuli/Electronic device & accessory.png","stimuli/Hand labour tool & accessory.png","Outdoor activity & sport item",1,0,"stimuli/objects/kneepad01c.jpg",4,0,0.5882,1,1
"135",5,824852,"stimuli/m_orange.jpg","stimuli/Hand labour tool & accessory.png","stimuli/Kitchen & utensil.png","stimuli/Outdoor activity & sport item.png","stimuli/Electronic device & accessory.png","Hand labour tool & accessory",1,1,"stimuli/objects/hammer01.jpg",1,1,1.2565,1,1
"136",5,824852,"stimuli/m_orange.jpg","stimuli/Kitchen & utensil.png","stimuli/Hand labour tool & accessory.png","stimuli/Electronic device & accessory.png","stimuli/Outdoor activity & sport item.png","Electronic device & accessory",3,0,"stimuli/objects/coffeemachine.jpg",2,0,0.9435,1,1
"137",5,824852,"stimuli/m_orange.jpg","stimuli/Electronic device & accessory.png","stimuli/Outdoor activity & sport item.png","stimuli/Kitchen & utensil.png","stimuli/Hand labour tool & accessory.png","Electronic device & accessory",1,0,"stimuli/objects/alarmsystem.jpg",3,0,1.7791,1,1
"138",5,824852,"stimuli/m_black.jpg","stimuli/Kitchen & utensil.png","stimuli/Outdoor activity & sport item.png","stimuli/Hand labour tool & accessory.png","stimuli/Electronic device & accessory.png","Outdoor activity & sport item",2,1,"stimuli/objects/podium.jpg",4,0,1.2745,0,1
"139",5,824852,"stimuli/m_orange.jpg","stimuli/Kitchen & utensil.png","stimuli/Electronic device & accessory.png","stimuli/Hand labour tool & accessory.png","stimuli/Outdoor activity & sport item.png","Hand labour tool & accessory",3,1,"stimuli/objects/hedgeshears.jpg",4,0,2.6311,1,1
"140",5,824852,"stimuli/m_black.jpg","stimuli/Kitchen & utensil.png","stimuli/Electronic device & accessory.png","stimuli/Outdoor activity & sport item.png","stimuli/Hand labour tool & accessory.png","Outdoor activity & sport item",3,1,"stimuli/objects/bikewheel.jpg",3,1,2.4571,0,1
"141",5,824852,"stimuli/m_orange.jpg","stimuli/Hand labour tool & accessory.png","stimuli/Kitchen & utensil.png","stimuli/Electronic device & accessory.png","stimuli/Outdoor activity & sport item.png","Hand labour tool & accessory",1,1,"stimuli/objects/stepladder.jpg",1,1,2.2407,1,1
"142",5,824852,"stimuli/m_black.jpg","stimuli/Kitchen & utensil.png","stimuli/Electronic device & accessory.png","stimuli/Hand labour tool & accessory.png","stimuli/Outdoor activity & sport item.png","Outdoor activity & sport item",4,1,"stimuli/objects/toyhockeystick01.jpg",4,1,2.7133,0,1
"143",5,824852,"stimuli/m_black.jpg","stimuli/Hand labour tool & accessory.png","stimuli/Kitchen & utensil.png","stimuli/Outdoor activity & sport item.png","stimuli/Electronic device & accessory.png","Outdoor activity & sport item",3,1,"stimuli/objects/snowboard.jpg",3,1,1.3788,0,1
"144",5,824852,"stimuli/m_orange.jpg","stimuli/Hand labour tool & accessory.png","stimuli/Outdoor activity & sport item.png","stimuli/Kitchen & utensil.png","stimuli/Electronic device & accessory.png","Hand labour tool & accessory",1,1,"stimuli/objects/caulking.jpg",1,1,0.8753,1,1
"145",5,824852,"stimuli/m_black.jpg","stimuli/Kitchen & utensil.png","stimuli/Outdoor activity & sport item.png","stimuli/Electronic device & accessory.png","stimuli/Hand labour tool & accessory.png","Outdoor activity & sport item",2,1,"stimuli/objects/exercisebike.jpg",4,0,3.0262,0,0
"146",5,824852,"stimuli/m_orange.jpg","stimuli/Hand labour tool & accessory.png","stimuli/Electronic device & accessory.png","stimuli/Kitchen & utensil.png","stimuli/Outdoor activity & sport item.png","Hand labour tool & accessory",1,1,"stimuli/objects/pliers02b.jpg",4,0,1.2769,1,0
"147",5,824852,"stimuli/m_black.jpg","stimuli/Electronic device & accessory.png","stimuli/Hand labour tool & accessory.png","stimuli/Outdoor activity & sport item.png","stimuli/Kitchen & utensil.png","Kitchen & utensil",4,0,"stimuli/objects/bowl02a.jpg",2,0,3.159,0,1
