"","participant","Expra.Code","character","left_categ","centleft_categ","centright_categ","right_categ","corr_ans","corr_ans_num","type","img","task_response.keys","task_response.corr","task_response.rt","condition","recogAcc"
"22",11,NA,"stimuli/m_orange.jpg","stimuli/Kitchen & utensil.png","stimuli/Outdoor activity & sport item.png","stimuli/Hand labour tool & accessory.png","stimuli/Electronic device & accessory.png","Electronic device & accessory",4,1,"stimuli/objects/spotlight.jpg",4,1,2.4885,1,1
"23",11,NA,"stimuli/m_black.jpg","stimuli/Kitchen & utensil.png","stimuli/Outdoor activity & sport item.png","stimuli/Electronic device & accessory.png","stimuli/Hand labour tool & accessory.png","Kitchen & utensil",1,1,"stimuli/objects/peppermill02b.jpg",2,0,2.5095,0,1
"24",11,NA,"stimuli/m_black.jpg","stimuli/Hand labour tool & accessory.png","stimuli/Electronic device & accessory.png","stimuli/Outdoor activity & sport item.png","stimuli/Kitchen & utensil.png","Kitchen & utensil",4,1,"stimuli/objects/canister.jpg",3,0,2.6826,0,1
"25",11,NA,"stimuli/m_orange.jpg","stimuli/Electronic device & accessory.png","stimuli/Outdoor activity & sport item.png","stimuli/Kitchen & utensil.png","stimuli/Hand labour tool & accessory.png","Kitchen & utensil",3,0,"stimuli/objects/fryingpan02a.jpg",1,0,1.9582,1,1
"26",11,NA,"stimuli/m_black.jpg","stimuli/Kitchen & utensil.png","stimuli/Electronic device & accessory.png","stimuli/Hand labour tool & accessory.png","stimuli/Outdoor activity & sport item.png","Kitchen & utensil",1,1,"stimuli/objects/muffintray01.jpg",2,0,1.926,0,1
"27",11,NA,"stimuli/m_orange.jpg","stimuli/Hand labour tool & accessory.png","stimuli/Outdoor activity & sport item.png","stimuli/Kitchen & utensil.png","stimuli/Electronic device & accessory.png","Kitchen & utensil",3,0,"stimuli/objects/bowl02a.jpg",4,0,2.0403,1,1
"28",11,NA,"stimuli/m_black.jpg","stimuli/Kitchen & utensil.png","stimuli/Electronic device & accessory.png","stimuli/Outdoor activity & sport item.png","stimuli/Hand labour tool & accessory.png","Kitchen & utensil",1,1,"stimuli/objects/cowbell.jpg",1,1,1.6232,0,0
"29",11,NA,"stimuli/m_orange.jpg","stimuli/Hand labour tool & accessory.png","stimuli/Kitchen & utensil.png","stimuli/Outdoor activity & sport item.png","stimuli/Electronic device & accessory.png","Electronic device & accessory",4,1,"stimuli/objects/usbkey.jpg",3,0,2.1863,1,1
"30",11,NA,"stimuli/m_black.jpg","stimuli/Outdoor activity & sport item.png","stimuli/Kitchen & utensil.png","stimuli/Hand labour tool & accessory.png","stimuli/Electronic device & accessory.png","Outdoor activity & sport item",1,0,"stimuli/objects/toyhockeystick01.jpg",4,0,2.8468,0,1
"31",11,NA,"stimuli/m_orange.jpg","stimuli/Hand labour tool & accessory.png","stimuli/Electronic device & accessory.png","stimuli/Outdoor activity & sport item.png","stimuli/Kitchen & utensil.png","Hand labour tool & accessory",1,0,"stimuli/objects/tablesaw.jpg",2,0,2.2528,1,0
"32",11,NA,"stimuli/m_black.jpg","stimuli/Kitchen & utensil.png","stimuli/Hand labour tool & accessory.png","stimuli/Outdoor activity & sport item.png","stimuli/Electronic device & accessory.png","Kitchen & utensil",1,1,"stimuli/objects/kitchenscale01a.jpg",1,1,1.6008,0,0
"33",11,NA,"stimuli/m_orange.jpg","stimuli/Outdoor activity & sport item.png","stimuli/Kitchen & utensil.png","stimuli/Hand labour tool & accessory.png","stimuli/Electronic device & accessory.png","Electronic device & accessory",4,1,"stimuli/objects/securitycamera.jpg",4,1,2.5425,1,1
"34",11,NA,"stimuli/m_orange.jpg","stimuli/Kitchen & utensil.png","stimuli/Electronic device & accessory.png","stimuli/Outdoor activity & sport item.png","stimuli/Hand labour tool & accessory.png","Electronic device & accessory",2,1,"stimuli/objects/photocopier.jpg",4,0,1.6188,1,0
"35",11,NA,"stimuli/m_orange.jpg","stimuli/Outdoor activity & sport item.png","stimuli/Hand labour tool & accessory.png","stimuli/Kitchen & utensil.png","stimuli/Electronic device & accessory.png","Electronic device & accessory",4,1,"stimuli/objects/phonejack.jpg",2,0,1.6396,1,1
"36",11,NA,"stimuli/m_orange.jpg","stimuli/Hand labour tool & accessory.png","stimuli/Electronic device & accessory.png","stimuli/Kitchen & utensil.png","stimuli/Outdoor activity & sport item.png","Hand labour tool & accessory",1,0,"stimuli/objects/swissarmyknife01a.jpg",NA,0,NA,1,1
"37",11,NA,"stimuli/m_orange.jpg","stimuli/Outdoor activity & sport item.png","stimuli/Kitchen & utensil.png","stimuli/Hand labour tool & accessory.png","stimuli/Electronic device & accessory.png","Electronic device & accessory",4,1,"stimuli/objects/lamp04a.jpg",4,1,2.2739,1,1
"38",11,NA,"stimuli/m_black.jpg","stimuli/Hand labour tool & accessory.png","stimuli/Kitchen & utensil.png","stimuli/Outdoor activity & sport item.png","stimuli/Electronic device & accessory.png","Kitchen & utensil",2,1,"stimuli/objects/pastaspoon.jpg",2,1,2.3368,0,1
"39",11,NA,"stimuli/m_black.jpg","stimuli/Electronic device & accessory.png","stimuli/Outdoor activity & sport item.png","stimuli/Hand labour tool & accessory.png","stimuli/Kitchen & utensil.png","Kitchen & utensil",4,1,"stimuli/objects/fonduefork01.jpg",4,1,2.4,0,1
"40",11,NA,"stimuli/m_black.jpg","stimuli/Outdoor activity & sport item.png","stimuli/Kitchen & utensil.png","stimuli/Hand labour tool & accessory.png","stimuli/Electronic device & accessory.png","Kitchen & utensil",2,1,"stimuli/objects/dishrack.jpg",2,1,2.3179,0,0
"41",11,NA,"stimuli/m_orange.jpg","stimuli/Kitchen & utensil.png","stimuli/Electronic device & accessory.png","stimuli/Outdoor activity & sport item.png","stimuli/Hand labour tool & accessory.png","Electronic device & accessory",2,1,"stimuli/objects/expansioncard.jpg",2,1,2.5756,1,1
"42",11,NA,"stimuli/m_black.jpg","stimuli/Electronic device & accessory.png","stimuli/Hand labour tool & accessory.png","stimuli/Outdoor activity & sport item.png","stimuli/Kitchen & utensil.png","Kitchen & utensil",4,1,"stimuli/objects/tupperware03a.jpg",4,1,2.3789,0,0
"43",11,NA,"stimuli/m_orange.jpg","stimuli/Electronic device & accessory.png","stimuli/Hand labour tool & accessory.png","stimuli/Outdoor activity & sport item.png","stimuli/Kitchen & utensil.png","Outdoor activity & sport item",3,0,"stimuli/objects/surfboard.jpg",1,0,1.5113,1,1
"44",11,NA,"stimuli/m_orange.jpg","stimuli/Kitchen & utensil.png","stimuli/Hand labour tool & accessory.png","stimuli/Outdoor activity & sport item.png","stimuli/Electronic device & accessory.png","Electronic device & accessory",4,1,"stimuli/objects/electricoutlet.jpg",4,1,2.6252,1,1
"45",11,NA,"stimuli/m_black.jpg","stimuli/Electronic device & accessory.png","stimuli/Hand labour tool & accessory.png","stimuli/Kitchen & utensil.png","stimuli/Outdoor activity & sport item.png","Kitchen & utensil",3,1,"stimuli/objects/beermug01a.jpg",3,1,3.5768,0,1
"46",11,NA,"stimuli/m_orange.jpg","stimuli/Kitchen & utensil.png","stimuli/Hand labour tool & accessory.png","stimuli/Outdoor activity & sport item.png","stimuli/Electronic device & accessory.png","Electronic device & accessory",4,1,"stimuli/objects/scanner.jpg",4,1,1.4867,1,0
"47",11,NA,"stimuli/m_black.jpg","stimuli/Electronic device & accessory.png","stimuli/Hand labour tool & accessory.png","stimuli/Kitchen & utensil.png","stimuli/Outdoor activity & sport item.png","Electronic device & accessory",1,0,"stimuli/objects/filmnegative.jpg",NA,0,NA,0,0
"48",11,NA,"stimuli/m_black.jpg","stimuli/Hand labour tool & accessory.png","stimuli/Electronic device & accessory.png","stimuli/Kitchen & utensil.png","stimuli/Outdoor activity & sport item.png","Kitchen & utensil",3,1,"stimuli/objects/cleaver01.jpg",3,1,1.7187,0,1
"49",11,NA,"stimuli/m_orange.jpg","stimuli/Electronic device & accessory.png","stimuli/Kitchen & utensil.png","stimuli/Hand labour tool & accessory.png","stimuli/Outdoor activity & sport item.png","Electronic device & accessory",1,1,"stimuli/objects/jack.jpg",1,1,2.0798,1,0
"50",11,NA,"stimuli/m_orange.jpg","stimuli/Kitchen & utensil.png","stimuli/Electronic device & accessory.png","stimuli/Hand labour tool & accessory.png","stimuli/Outdoor activity & sport item.png","Electronic device & accessory",2,1,"stimuli/objects/fanheater.jpg",2,1,2.3305,1,1
"51",11,NA,"stimuli/m_black.jpg","stimuli/Outdoor activity & sport item.png","stimuli/Hand labour tool & accessory.png","stimuli/Electronic device & accessory.png","stimuli/Kitchen & utensil.png","Outdoor activity & sport item",1,0,"stimuli/objects/umbrella04.jpg",4,0,2.6575,0,1
"52",11,NA,"stimuli/m_black.jpg","stimuli/Kitchen & utensil.png","stimuli/Outdoor activity & sport item.png","stimuli/Electronic device & accessory.png","stimuli/Hand labour tool & accessory.png","Kitchen & utensil",1,1,"stimuli/objects/spicerack.jpg",1,1,1.9954,0,0
"53",11,NA,"stimuli/m_orange.jpg","stimuli/Kitchen & utensil.png","stimuli/Electronic device & accessory.png","stimuli/Hand labour tool & accessory.png","stimuli/Outdoor activity & sport item.png","Electronic device & accessory",2,1,"stimuli/objects/crocodileclips.jpg",2,1,1.7527,1,1
"54",11,NA,"stimuli/m_orange.jpg","stimuli/Electronic device & accessory.png","stimuli/Hand labour tool & accessory.png","stimuli/Kitchen & utensil.png","stimuli/Outdoor activity & sport item.png","Kitchen & utensil",3,0,"stimuli/objects/minifridge.jpg",1,0,2.1742,1,1
"55",11,NA,"stimuli/m_orange.jpg","stimuli/Outdoor activity & sport item.png","stimuli/Electronic device & accessory.png","stimuli/Kitchen & utensil.png","stimuli/Hand labour tool & accessory.png","Electronic device & accessory",2,1,"stimuli/objects/heatpump.jpg",2,1,1.8942,1,1
"56",11,NA,"stimuli/m_black.jpg","stimuli/Hand labour tool & accessory.png","stimuli/Kitchen & utensil.png","stimuli/Outdoor activity & sport item.png","stimuli/Electronic device & accessory.png","Kitchen & utensil",2,1,"stimuli/objects/funnel.jpg",2,1,3.1386,0,1
"57",11,NA,"stimuli/m_orange.jpg","stimuli/Outdoor activity & sport item.png","stimuli/Kitchen & utensil.png","stimuli/Electronic device & accessory.png","stimuli/Hand labour tool & accessory.png","Electronic device & accessory",3,1,"stimuli/objects/lightswitch01.jpg",3,1,3.6128,1,1
"58",11,NA,"stimuli/m_orange.jpg","stimuli/Outdoor activity & sport item.png","stimuli/Kitchen & utensil.png","stimuli/Hand labour tool & accessory.png","stimuli/Electronic device & accessory.png","Outdoor activity & sport item",1,0,"stimuli/objects/snowshoe.jpg",4,0,3.0917,1,1
"59",11,NA,"stimuli/m_black.jpg","stimuli/Outdoor activity & sport item.png","stimuli/Kitchen & utensil.png","stimuli/Electronic device & accessory.png","stimuli/Hand labour tool & accessory.png","Kitchen & utensil",2,1,"stimuli/objects/shotglass.jpg",2,1,2.2317,0,1
"60",11,NA,"stimuli/m_orange.jpg","stimuli/Electronic device & accessory.png","stimuli/Hand labour tool & accessory.png","stimuli/Kitchen & utensil.png","stimuli/Outdoor activity & sport item.png","Kitchen & utensil",3,0,"stimuli/objects/cookingpot.jpg",1,0,2.8072,1,1
"61",11,NA,"stimuli/m_black.jpg","stimuli/Hand labour tool & accessory.png","stimuli/Outdoor activity & sport item.png","stimuli/Kitchen & utensil.png","stimuli/Electronic device & accessory.png","Kitchen & utensil",3,1,"stimuli/objects/pitcher02b.jpg",3,1,2.4353,0,1
"62",11,NA,"stimuli/m_black.jpg","stimuli/Electronic device & accessory.png","stimuli/Outdoor activity & sport item.png","stimuli/Kitchen & utensil.png","stimuli/Hand labour tool & accessory.png","Electronic device & accessory",1,0,"stimuli/objects/wiicontroller.jpg",3,0,1.471,0,0
"63",11,NA,"stimuli/m_black.jpg","stimuli/Hand labour tool & accessory.png","stimuli/Electronic device & accessory.png","stimuli/Outdoor activity & sport item.png","stimuli/Kitchen & utensil.png","Hand labour tool & accessory",1,0,"stimuli/objects/knifesharpener.jpg",4,0,2.8906,0,1
"64",11,NA,"stimuli/m_black.jpg","stimuli/Electronic device & accessory.png","stimuli/Outdoor activity & sport item.png","stimuli/Kitchen & utensil.png","stimuli/Hand labour tool & accessory.png","Kitchen & utensil",3,1,"stimuli/objects/peeler01.jpg",3,1,2.0738,0,1
"65",11,NA,"stimuli/m_black.jpg","stimuli/Electronic device & accessory.png","stimuli/Kitchen & utensil.png","stimuli/Hand labour tool & accessory.png","stimuli/Outdoor activity & sport item.png","Kitchen & utensil",2,1,"stimuli/objects/pot01.jpg",2,1,1.5685,0,1
"66",11,NA,"stimuli/m_black.jpg","stimuli/Electronic device & accessory.png","stimuli/Kitchen & utensil.png","stimuli/Outdoor activity & sport item.png","stimuli/Hand labour tool & accessory.png","Kitchen & utensil",2,1,"stimuli/objects/coffeemaker.jpg",2,1,1.3801,0,1
"67",11,NA,"stimuli/m_black.jpg","stimuli/Kitchen & utensil.png","stimuli/Electronic device & accessory.png","stimuli/Outdoor activity & sport item.png","stimuli/Hand labour tool & accessory.png","Kitchen & utensil",1,1,"stimuli/objects/spatula04.jpg",2,0,1.5141,0,1
"68",11,NA,"stimuli/m_orange.jpg","stimuli/Outdoor activity & sport item.png","stimuli/Electronic device & accessory.png","stimuli/Kitchen & utensil.png","stimuli/Hand labour tool & accessory.png","Electronic device & accessory",2,1,"stimuli/objects/lightbulb01.jpg",2,1,1.4904,1,1
"69",11,NA,"stimuli/m_black.jpg","stimuli/Electronic device & accessory.png","stimuli/Kitchen & utensil.png","stimuli/Hand labour tool & accessory.png","stimuli/Outdoor activity & sport item.png","Kitchen & utensil",2,1,"stimuli/objects/cakeplatter.jpg",2,1,1.6028,0,1
"70",11,NA,"stimuli/m_orange.jpg","stimuli/Kitchen & utensil.png","stimuli/Electronic device & accessory.png","stimuli/Hand labour tool & accessory.png","stimuli/Outdoor activity & sport item.png","Electronic device & accessory",2,1,"stimuli/objects/alarmsystem.jpg",2,1,1.7092,1,0
"71",11,NA,"stimuli/m_orange.jpg","stimuli/Outdoor activity & sport item.png","stimuli/Electronic device & accessory.png","stimuli/Hand labour tool & accessory.png","stimuli/Kitchen & utensil.png","Hand labour tool & accessory",3,0,"stimuli/objects/boltcutter.jpg",2,0,1.0904,1,1
"72",11,NA,"stimuli/m_black.jpg","stimuli/Electronic device & accessory.png","stimuli/Hand labour tool & accessory.png","stimuli/Kitchen & utensil.png","stimuli/Outdoor activity & sport item.png","Electronic device & accessory",1,0,"stimuli/objects/audiocablesplitter.jpg",3,0,2.2465,0,1
"73",11,NA,"stimuli/m_orange.jpg","stimuli/Kitchen & utensil.png","stimuli/Outdoor activity & sport item.png","stimuli/Electronic device & accessory.png","stimuli/Hand labour tool & accessory.png","Electronic device & accessory",3,1,"stimuli/objects/ipod.jpg",3,1,2.4691,1,0
"74",11,NA,"stimuli/m_orange.jpg","stimuli/Outdoor activity & sport item.png","stimuli/Electronic device & accessory.png","stimuli/Hand labour tool & accessory.png","stimuli/Kitchen & utensil.png","Electronic device & accessory",2,1,"stimuli/objects/radio01.jpg",2,1,1.8394,1,0
"75",11,NA,"stimuli/m_orange.jpg","stimuli/Electronic device & accessory.png","stimuli/Outdoor activity & sport item.png","stimuli/Hand labour tool & accessory.png","stimuli/Kitchen & utensil.png","Electronic device & accessory",1,1,"stimuli/objects/telephone01b.jpg",1,1,1.4229,1,1
"76",11,NA,"stimuli/m_black.jpg","stimuli/Kitchen & utensil.png","stimuli/Outdoor activity & sport item.png","stimuli/Hand labour tool & accessory.png","stimuli/Electronic device & accessory.png","Kitchen & utensil",1,1,"stimuli/objects/knife03.jpg",1,1,1.9524,0,1
"77",11,NA,"stimuli/m_black.jpg","stimuli/Kitchen & utensil.png","stimuli/Electronic device & accessory.png","stimuli/Hand labour tool & accessory.png","stimuli/Outdoor activity & sport item.png","Kitchen & utensil",1,1,"stimuli/objects/spatula03.jpg",1,1,1.247,0,1
"78",11,NA,"stimuli/m_orange.jpg","stimuli/Kitchen & utensil.png","stimuli/Hand labour tool & accessory.png","stimuli/Outdoor activity & sport item.png","stimuli/Electronic device & accessory.png","Electronic device & accessory",4,1,"stimuli/objects/nintendods.jpg",4,1,2.3748,1,0
"79",11,NA,"stimuli/m_black.jpg","stimuli/Hand labour tool & accessory.png","stimuli/Kitchen & utensil.png","stimuli/Electronic device & accessory.png","stimuli/Outdoor activity & sport item.png","Electronic device & accessory",3,0,"stimuli/objects/avcable.jpg",2,0,1.3236,0,1
"80",11,NA,"stimuli/m_black.jpg","stimuli/Electronic device & accessory.png","stimuli/Hand labour tool & accessory.png","stimuli/Outdoor activity & sport item.png","stimuli/Kitchen & utensil.png","Kitchen & utensil",4,1,"stimuli/objects/chocolatefonduedish.jpg",4,1,2.4735,0,1
"81",11,NA,"stimuli/m_orange.jpg","stimuli/Electronic device & accessory.png","stimuli/Kitchen & utensil.png","stimuli/Outdoor activity & sport item.png","stimuli/Hand labour tool & accessory.png","Electronic device & accessory",1,1,"stimuli/objects/walkietalkie.jpg",1,1,1.2689,1,1
"82",11,NA,"stimuli/m_orange.jpg","stimuli/Outdoor activity & sport item.png","stimuli/Hand labour tool & accessory.png","stimuli/Electronic device & accessory.png","stimuli/Kitchen & utensil.png","Electronic device & accessory",3,1,"stimuli/objects/djmixer02.jpg",3,1,2.6939,1,1
"83",11,NA,"stimuli/m_black.jpg","stimuli/Kitchen & utensil.png","stimuli/Hand labour tool & accessory.png","stimuli/Outdoor activity & sport item.png","stimuli/Electronic device & accessory.png","Kitchen & utensil",1,1,"stimuli/objects/grill.jpg",1,1,1.4443,0,1
"84",11,NA,"stimuli/m_orange.jpg","stimuli/Electronic device & accessory.png","stimuli/Hand labour tool & accessory.png","stimuli/Kitchen & utensil.png","stimuli/Outdoor activity & sport item.png","Electronic device & accessory",1,1,"stimuli/objects/battery02b.jpg",1,1,2.6908,1,0
"85",11,NA,"stimuli/m_orange.jpg","stimuli/Electronic device & accessory.png","stimuli/Hand labour tool & accessory.png","stimuli/Outdoor activity & sport item.png","stimuli/Kitchen & utensil.png","Electronic device & accessory",1,1,"stimuli/objects/taperecorder.jpg",1,1,1.0231,1,0
"86",11,NA,"stimuli/m_orange.jpg","stimuli/Hand labour tool & accessory.png","stimuli/Outdoor activity & sport item.png","stimuli/Kitchen & utensil.png","stimuli/Electronic device & accessory.png","Electronic device & accessory",4,1,"stimuli/objects/carantenna.jpg",4,1,1.8858,1,0
"87",11,NA,"stimuli/m_orange.jpg","stimuli/Hand labour tool & accessory.png","stimuli/Outdoor activity & sport item.png","stimuli/Electronic device & accessory.png","stimuli/Kitchen & utensil.png","Electronic device & accessory",3,1,"stimuli/objects/lectern01.jpg",3,1,2.0822,1,0
"88",11,NA,"stimuli/m_black.jpg","stimuli/Kitchen & utensil.png","stimuli/Electronic device & accessory.png","stimuli/Outdoor activity & sport item.png","stimuli/Hand labour tool & accessory.png","Kitchen & utensil",1,1,"stimuli/objects/ramekin01.jpg",1,1,1.3071,0,1
"89",11,NA,"stimuli/m_orange.jpg","stimuli/Hand labour tool & accessory.png","stimuli/Kitchen & utensil.png","stimuli/Outdoor activity & sport item.png","stimuli/Electronic device & accessory.png","Electronic device & accessory",4,1,"stimuli/objects/videocamera01a.jpg",4,1,1.4911,1,1
"90",11,NA,"stimuli/m_orange.jpg","stimuli/Outdoor activity & sport item.png","stimuli/Hand labour tool & accessory.png","stimuli/Kitchen & utensil.png","stimuli/Electronic device & accessory.png","Outdoor activity & sport item",1,0,"stimuli/objects/kneepad01c.jpg",4,0,1.493,1,0
"91",11,NA,"stimuli/m_black.jpg","stimuli/Hand labour tool & accessory.png","stimuli/Kitchen & utensil.png","stimuli/Electronic device & accessory.png","stimuli/Outdoor activity & sport item.png","Kitchen & utensil",2,1,"stimuli/objects/coffeepot03a.jpg",2,1,1.733,0,1
"92",11,NA,"stimuli/m_black.jpg","stimuli/Hand labour tool & accessory.png","stimuli/Outdoor activity & sport item.png","stimuli/Electronic device & accessory.png","stimuli/Kitchen & utensil.png","Kitchen & utensil",4,1,"stimuli/objects/cuttingboard.jpg",4,1,2.2075,0,1
"93",11,NA,"stimuli/m_orange.jpg","stimuli/Hand labour tool & accessory.png","stimuli/Electronic device & accessory.png","stimuli/Kitchen & utensil.png","stimuli/Outdoor activity & sport item.png","Outdoor activity & sport item",4,0,"stimuli/objects/podium.jpg",2,0,2.368,1,0
"94",11,NA,"stimuli/m_black.jpg","stimuli/Outdoor activity & sport item.png","stimuli/Hand labour tool & accessory.png","stimuli/Electronic device & accessory.png","stimuli/Kitchen & utensil.png","Kitchen & utensil",4,1,"stimuli/objects/saltshaker03a.jpg",4,1,1.4336,0,1
"95",11,NA,"stimuli/m_black.jpg","stimuli/Hand labour tool & accessory.png","stimuli/Outdoor activity & sport item.png","stimuli/Kitchen & utensil.png","stimuli/Electronic device & accessory.png","Electronic device & accessory",4,0,"stimuli/objects/faxmachine.jpg",3,0,2.524,0,0
"96",11,NA,"stimuli/m_orange.jpg","stimuli/Hand labour tool & accessory.png","stimuli/Outdoor activity & sport item.png","stimuli/Electronic device & accessory.png","stimuli/Kitchen & utensil.png","Electronic device & accessory",3,1,"stimuli/objects/cashregister01.jpg",3,1,1.7299,1,0
"97",11,NA,"stimuli/m_orange.jpg","stimuli/Electronic device & accessory.png","stimuli/Kitchen & utensil.png","stimuli/Hand labour tool & accessory.png","stimuli/Outdoor activity & sport item.png","Electronic device & accessory",1,1,"stimuli/objects/coffeemachine.jpg",1,1,1.7748,1,1
"98",11,NA,"stimuli/m_black.jpg","stimuli/Hand labour tool & accessory.png","stimuli/Kitchen & utensil.png","stimuli/Outdoor activity & sport item.png","stimuli/Electronic device & accessory.png","Kitchen & utensil",2,1,"stimuli/objects/fork03c.jpg",2,1,1.3897,0,1
"99",11,NA,"stimuli/m_orange.jpg","stimuli/Hand labour tool & accessory.png","stimuli/Electronic device & accessory.png","stimuli/Outdoor activity & sport item.png","stimuli/Kitchen & utensil.png","Electronic device & accessory",2,1,"stimuli/objects/chandelier.jpg",2,1,2.3112,1,1
"100",11,NA,"stimuli/m_black.jpg","stimuli/Kitchen & utensil.png","stimuli/Outdoor activity & sport item.png","stimuli/Hand labour tool & accessory.png","stimuli/Electronic device & accessory.png","Kitchen & utensil",1,1,"stimuli/objects/bottlecap.jpg",1,1,1.6862,0,0
"101",11,NA,"stimuli/m_orange.jpg","stimuli/Outdoor activity & sport item.png","stimuli/Electronic device & accessory.png","stimuli/Hand labour tool & accessory.png","stimuli/Kitchen & utensil.png","Electronic device & accessory",2,1,"stimuli/objects/powercable.jpg",2,1,1.2856,1,1
"102",11,NA,"stimuli/m_orange.jpg","stimuli/Outdoor activity & sport item.png","stimuli/Kitchen & utensil.png","stimuli/Electronic device & accessory.png","stimuli/Hand labour tool & accessory.png","Outdoor activity & sport item",1,0,"stimuli/objects/beachumbrella01.jpg",3,0,2.0633,1,1
"103",11,NA,"stimuli/m_black.jpg","stimuli/Outdoor activity & sport item.png","stimuli/Electronic device & accessory.png","stimuli/Hand labour tool & accessory.png","stimuli/Kitchen & utensil.png","Kitchen & utensil",4,1,"stimuli/objects/potatomasher03b.jpg",4,1,2.0776,0,1
"104",11,NA,"stimuli/m_orange.jpg","stimuli/Hand labour tool & accessory.png","stimuli/Kitchen & utensil.png","stimuli/Electronic device & accessory.png","stimuli/Outdoor activity & sport item.png","Electronic device & accessory",3,1,"stimuli/objects/walkman.jpg",3,1,2.1879,1,0
"105",11,NA,"stimuli/m_orange.jpg","stimuli/Kitchen & utensil.png","stimuli/Outdoor activity & sport item.png","stimuli/Hand labour tool & accessory.png","stimuli/Electronic device & accessory.png","Electronic device & accessory",4,1,"stimuli/objects/gps.jpg",4,1,2.2008,1,1
"106",11,NA,"stimuli/m_black.jpg","stimuli/Outdoor activity & sport item.png","stimuli/Electronic device & accessory.png","stimuli/Hand labour tool & accessory.png","stimuli/Kitchen & utensil.png","Kitchen & utensil",4,1,"stimuli/objects/handmixer01d.jpg",4,1,2.0857,0,1
"107",11,NA,"stimuli/m_black.jpg","stimuli/Outdoor activity & sport item.png","stimuli/Kitchen & utensil.png","stimuli/Electronic device & accessory.png","stimuli/Hand labour tool & accessory.png","Outdoor activity & sport item",1,0,"stimuli/objects/charcoalbarbecue.jpg",2,0,1.6307,0,0
"108",11,NA,"stimuli/m_black.jpg","stimuli/Electronic device & accessory.png","stimuli/Hand labour tool & accessory.png","stimuli/Outdoor activity & sport item.png","stimuli/Kitchen & utensil.png","Outdoor activity & sport item",3,0,"stimuli/objects/bikepump01.jpg",4,0,2.1353,0,1
"109",11,NA,"stimuli/m_orange.jpg","stimuli/Electronic device & accessory.png","stimuli/Outdoor activity & sport item.png","stimuli/Hand labour tool & accessory.png","stimuli/Kitchen & utensil.png","Electronic device & accessory",1,1,"stimuli/objects/extensioncord.jpg",1,1,1.5361,1,1
"110",11,NA,"stimuli/m_orange.jpg","stimuli/Hand labour tool & accessory.png","stimuli/Kitchen & utensil.png","stimuli/Electronic device & accessory.png","stimuli/Outdoor activity & sport item.png","Kitchen & utensil",2,0,"stimuli/objects/fridge.jpg",3,0,2.1744,1,0
"111",11,NA,"stimuli/m_black.jpg","stimuli/Kitchen & utensil.png","stimuli/Hand labour tool & accessory.png","stimuli/Outdoor activity & sport item.png","stimuli/Electronic device & accessory.png","Kitchen & utensil",1,1,"stimuli/objects/martiniglass01b.jpg",4,0,2.1079,0,1
"112",11,NA,"stimuli/m_black.jpg","stimuli/Kitchen & utensil.png","stimuli/Hand labour tool & accessory.png","stimuli/Electronic device & accessory.png","stimuli/Outdoor activity & sport item.png","Hand labour tool & accessory",2,0,"stimuli/objects/lawnmower.jpg",1,0,1.3399,0,1
"113",11,NA,"stimuli/m_orange.jpg","stimuli/Electronic device & accessory.png","stimuli/Hand labour tool & accessory.png","stimuli/Outdoor activity & sport item.png","stimuli/Kitchen & utensil.png","Electronic device & accessory",1,1,"stimuli/objects/carlighter02.jpg",1,1,1.9454,1,0
"114",11,NA,"stimuli/m_black.jpg","stimuli/Outdoor activity & sport item.png","stimuli/Electronic device & accessory.png","stimuli/Hand labour tool & accessory.png","stimuli/Kitchen & utensil.png","Hand labour tool & accessory",3,0,"stimuli/objects/caulking.jpg",4,0,2.007,0,1
"115",11,NA,"stimuli/m_black.jpg","stimuli/Hand labour tool & accessory.png","stimuli/Electronic device & accessory.png","stimuli/Kitchen & utensil.png","stimuli/Outdoor activity & sport item.png","Hand labour tool & accessory",1,0,"stimuli/objects/wateringcan.jpg",3,0,1.6272,0,1
"116",11,NA,"stimuli/m_black.jpg","stimuli/Outdoor activity & sport item.png","stimuli/Electronic device & accessory.png","stimuli/Kitchen & utensil.png","stimuli/Hand labour tool & accessory.png","Kitchen & utensil",3,1,"stimuli/objects/whisk.jpg",3,1,1.6531,0,1
"117",11,NA,"stimuli/m_black.jpg","stimuli/Electronic device & accessory.png","stimuli/Kitchen & utensil.png","stimuli/Hand labour tool & accessory.png","stimuli/Outdoor activity & sport item.png","Kitchen & utensil",2,1,"stimuli/objects/breadknife.jpg",2,1,1.4202,0,1
"118",11,NA,"stimuli/m_orange.jpg","stimuli/Electronic device & accessory.png","stimuli/Outdoor activity & sport item.png","stimuli/Kitchen & utensil.png","stimuli/Hand labour tool & accessory.png","Electronic device & accessory",1,1,"stimuli/objects/remotecontrol04.jpg",1,1,1.5082,1,1
"119",11,NA,"stimuli/m_black.jpg","stimuli/Outdoor activity & sport item.png","stimuli/Kitchen & utensil.png","stimuli/Hand labour tool & accessory.png","stimuli/Electronic device & accessory.png","Kitchen & utensil",2,1,"stimuli/objects/icepack.jpg",2,1,1.2576,0,0
"120",11,NA,"stimuli/m_black.jpg","stimuli/Kitchen & utensil.png","stimuli/Electronic device & accessory.png","stimuli/Hand labour tool & accessory.png","stimuli/Outdoor activity & sport item.png","Kitchen & utensil",1,1,"stimuli/objects/servingspoon01.jpg",1,1,1.4529,0,1
"121",11,NA,"stimuli/m_orange.jpg","stimuli/Hand labour tool & accessory.png","stimuli/Electronic device & accessory.png","stimuli/Kitchen & utensil.png","stimuli/Outdoor activity & sport item.png","Electronic device & accessory",2,1,"stimuli/objects/payphone.jpg",2,1,1.0326,1,0
"122",11,NA,"stimuli/m_orange.jpg","stimuli/Kitchen & utensil.png","stimuli/Hand labour tool & accessory.png","stimuli/Electronic device & accessory.png","stimuli/Outdoor activity & sport item.png","Hand labour tool & accessory",2,0,"stimuli/objects/adjustablewrench01b.jpg",3,0,1.742,1,1
"123",11,NA,"stimuli/m_orange.jpg","stimuli/Outdoor activity & sport item.png","stimuli/Hand labour tool & accessory.png","stimuli/Electronic device & accessory.png","stimuli/Kitchen & utensil.png","Outdoor activity & sport item",1,0,"stimuli/objects/golfbag.jpg",3,0,2.236,1,1
"124",11,NA,"stimuli/m_orange.jpg","stimuli/Hand labour tool & accessory.png","stimuli/Outdoor activity & sport item.png","stimuli/Electronic device & accessory.png","stimuli/Kitchen & utensil.png","Electronic device & accessory",3,1,"stimuli/objects/filmroll.jpg",3,1,1.3692,1,1
"125",11,NA,"stimuli/m_black.jpg","stimuli/Hand labour tool & accessory.png","stimuli/Outdoor activity & sport item.png","stimuli/Electronic device & accessory.png","stimuli/Kitchen & utensil.png","Kitchen & utensil",4,1,"stimuli/objects/icebucket.jpg",4,1,1.7285,0,0
"126",11,NA,"stimuli/m_orange.jpg","stimuli/Hand labour tool & accessory.png","stimuli/Electronic device & accessory.png","stimuli/Outdoor activity & sport item.png","stimuli/Kitchen & utensil.png","Hand labour tool & accessory",1,0,"stimuli/objects/squeegee01b.jpg",2,0,1.1563,1,1
"127",11,NA,"stimuli/m_orange.jpg","stimuli/Hand labour tool & accessory.png","stimuli/Kitchen & utensil.png","stimuli/Outdoor activity & sport item.png","stimuli/Electronic device & accessory.png","Electronic device & accessory",4,1,"stimuli/objects/camera01a.jpg",4,1,2.068,1,0
"128",11,NA,"stimuli/m_black.jpg","stimuli/Hand labour tool & accessory.png","stimuli/Electronic device & accessory.png","stimuli/Outdoor activity & sport item.png","stimuli/Kitchen & utensil.png","Hand labour tool & accessory",1,0,"stimuli/objects/cuttingpliers02.jpg",4,0,2.5453,0,1
"129",11,NA,"stimuli/m_black.jpg","stimuli/Hand labour tool & accessory.png","stimuli/Outdoor activity & sport item.png","stimuli/Electronic device & accessory.png","stimuli/Kitchen & utensil.png","Kitchen & utensil",4,1,"stimuli/objects/toasteroven.jpg",4,1,1.857,0,1
"130",11,NA,"stimuli/m_orange.jpg","stimuli/Kitchen & utensil.png","stimuli/Outdoor activity & sport item.png","stimuli/Electronic device & accessory.png","stimuli/Hand labour tool & accessory.png","Electronic device & accessory",3,1,"stimuli/objects/soundmixer.jpg",3,1,1.9385,1,0
"131",11,NA,"stimuli/m_black.jpg","stimuli/Kitchen & utensil.png","stimuli/Outdoor activity & sport item.png","stimuli/Electronic device & accessory.png","stimuli/Hand labour tool & accessory.png","Hand labour tool & accessory",4,0,"stimuli/objects/snowshovel.jpg",1,0,1.7607,0,1
"132",11,NA,"stimuli/m_orange.jpg","stimuli/Kitchen & utensil.png","stimuli/Electronic device & accessory.png","stimuli/Outdoor activity & sport item.png","stimuli/Hand labour tool & accessory.png","Electronic device & accessory",2,1,"stimuli/objects/desktopcomputer.jpg",2,1,1.2472,1,0
"133",11,NA,"stimuli/m_orange.jpg","stimuli/Kitchen & utensil.png","stimuli/Outdoor activity & sport item.png","stimuli/Electronic device & accessory.png","stimuli/Hand labour tool & accessory.png","Hand labour tool & accessory",4,0,"stimuli/objects/painttray.jpg",3,0,1.9595,1,1
"134",11,NA,"stimuli/m_black.jpg","stimuli/Outdoor activity & sport item.png","stimuli/Hand labour tool & accessory.png","stimuli/Kitchen & utensil.png","stimuli/Electronic device & accessory.png","Kitchen & utensil",3,1,"stimuli/objects/freezer02.jpg",3,1,1.9351,0,0
"135",11,NA,"stimuli/m_black.jpg","stimuli/Outdoor activity & sport item.png","stimuli/Hand labour tool & accessory.png","stimuli/Kitchen & utensil.png","stimuli/Electronic device & accessory.png","Outdoor activity & sport item",1,0,"stimuli/objects/swimgoggles.jpg",3,0,1.3565,0,0
"136",11,NA,"stimuli/m_black.jpg","stimuli/Kitchen & utensil.png","stimuli/Hand labour tool & accessory.png","stimuli/Electronic device & accessory.png","stimuli/Outdoor activity & sport item.png","Electronic device & accessory",3,0,"stimuli/objects/cameracase01a.jpg",1,0,2.4456,0,1
"137",11,NA,"stimuli/m_orange.jpg","stimuli/Electronic device & accessory.png","stimuli/Kitchen & utensil.png","stimuli/Hand labour tool & accessory.png","stimuli/Outdoor activity & sport item.png","Electronic device & accessory",1,1,"stimuli/objects/computerkeyboard02.jpg",1,1,1.694,1,0
"138",11,NA,"stimuli/m_black.jpg","stimuli/Electronic device & accessory.png","stimuli/Outdoor activity & sport item.png","stimuli/Hand labour tool & accessory.png","stimuli/Kitchen & utensil.png","Kitchen & utensil",4,1,"stimuli/objects/waterbottle03.jpg",4,1,2.0888,0,1
"139",11,NA,"stimuli/m_orange.jpg","stimuli/Kitchen & utensil.png","stimuli/Hand labour tool & accessory.png","stimuli/Electronic device & accessory.png","stimuli/Outdoor activity & sport item.png","Kitchen & utensil",1,0,"stimuli/objects/oven.jpg",3,0,3.3907,1,1
"140",11,NA,"stimuli/m_black.jpg","stimuli/Hand labour tool & accessory.png","stimuli/Electronic device & accessory.png","stimuli/Kitchen & utensil.png","stimuli/Outdoor activity & sport item.png","Outdoor activity & sport item",4,0,"stimuli/objects/backpack01a.jpg",3,0,2.0421,0,1
"141",11,NA,"stimuli/m_black.jpg","stimuli/Outdoor activity & sport item.png","stimuli/Electronic device & accessory.png","stimuli/Kitchen & utensil.png","stimuli/Hand labour tool & accessory.png","Kitchen & utensil",3,1,"stimuli/objects/measuringspoon.jpg",3,1,1.7235,0,1
