"","participant","Expra.Code","character","left_categ","centleft_categ","centright_categ","right_categ","corr_ans","corr_ans_num","type","img","task_response.keys","task_response.corr","task_response.rt","condition","recogAcc"
"13",13,917868,"stimuli/m_black.jpg","stimuli/Electronic device & accessory.png","stimuli/Hand labour tool & accessory.png","stimuli/Kitchen & utensil.png","stimuli/Outdoor activity & sport item.png","Electronic device & accessory",1,0,"stimuli/objects/scanner.jpg",1,1,1.2746,0,1
"14",13,917868,"stimuli/m_black.jpg","stimuli/Hand labour tool & accessory.png","stimuli/Kitchen & utensil.png","stimuli/Electronic device & accessory.png","stimuli/Outdoor activity & sport item.png","Outdoor activity & sport item",4,1,"stimuli/objects/sportbag.jpg",3,0,1.4964,0,NA
"15",13,917868,"stimuli/m_orange.jpg","stimuli/Outdoor activity & sport item.png","stimuli/Kitchen & utensil.png","stimuli/Hand labour tool & accessory.png","stimuli/Electronic device & accessory.png","Outdoor activity & sport item",1,0,"stimuli/objects/backpack01a.jpg",3,0,2.0827,1,1
"16",13,917868,"stimuli/m_black.jpg","stimuli/Kitchen & utensil.png","stimuli/Outdoor activity & sport item.png","stimuli/Electronic device & accessory.png","stimuli/Hand labour tool & accessory.png","Outdoor activity & sport item",2,1,"stimuli/objects/golfball.jpg",3,0,2.2707,0,NA
"17",13,917868,"stimuli/m_orange.jpg","stimuli/Hand labour tool & accessory.png","stimuli/Electronic device & accessory.png","stimuli/Outdoor activity & sport item.png","stimuli/Kitchen & utensil.png","Hand labour tool & accessory",1,1,"stimuli/objects/lock03a.jpg",2,0,3.681,1,NA
"18",13,917868,"stimuli/m_orange.jpg","stimuli/Kitchen & utensil.png","stimuli/Hand labour tool & accessory.png","stimuli/Outdoor activity & sport item.png","stimuli/Electronic device & accessory.png","Hand labour tool & accessory",2,1,"stimuli/objects/puttyknife.jpg",2,1,1.4468,1,NA
"19",13,917868,"stimuli/m_orange.jpg","stimuli/Outdoor activity & sport item.png","stimuli/Hand labour tool & accessory.png","stimuli/Kitchen & utensil.png","stimuli/Electronic device & accessory.png","Hand labour tool & accessory",2,1,"stimuli/objects/jumpingjack.jpg",2,1,0.8859,1,NA
"20",13,917868,"stimuli/m_black.jpg","stimuli/Hand labour tool & accessory.png","stimuli/Electronic device & accessory.png","stimuli/Outdoor activity & sport item.png","stimuli/Kitchen & utensil.png","Hand labour tool & accessory",1,0,"stimuli/objects/tape02a.jpg",3,0,3.3158,0,NA
"21",13,917868,"stimuli/m_orange.jpg","stimuli/Electronic device & accessory.png","stimuli/Kitchen & utensil.png","stimuli/Hand labour tool & accessory.png","stimuli/Outdoor activity & sport item.png","Hand labour tool & accessory",3,1,"stimuli/objects/mallet01b.jpg",3,1,1.851,1,NA
"22",13,917868,"stimuli/m_black.jpg","stimuli/Electronic device & accessory.png","stimuli/Kitchen & utensil.png","stimuli/Hand labour tool & accessory.png","stimuli/Outdoor activity & sport item.png","Outdoor activity & sport item",4,1,"stimuli/objects/swimgoggles.jpg",4,1,2.6637,0,1
"23",13,917868,"stimuli/m_black.jpg","stimuli/Outdoor activity & sport item.png","stimuli/Kitchen & utensil.png","stimuli/Hand labour tool & accessory.png","stimuli/Electronic device & accessory.png","Outdoor activity & sport item",1,1,"stimuli/objects/snowshoe.jpg",1,1,1.5859,0,1
"24",13,917868,"stimuli/m_orange.jpg","stimuli/Electronic device & accessory.png","stimuli/Hand labour tool & accessory.png","stimuli/Kitchen & utensil.png","stimuli/Outdoor activity & sport item.png","Electronic device & accessory",1,0,"stimuli/objects/avcable.jpg",2,0,2.163,1,0
"25",13,917868,"stimuli/m_black.jpg","stimuli/Kitchen & utensil.png","stimuli/Electronic device & accessory.png","stimuli/Hand labour tool & accessory.png","stimuli/Outdoor activity & sport item.png","Outdoor activity & sport item",4,1,"stimuli/objects/lifesaver.jpg",4,1,3.181,0,NA
"26",13,917868,"stimuli/m_black.jpg","stimuli/Electronic device & accessory.png","stimuli/Outdoor activity & sport item.png","stimuli/Hand labour tool & accessory.png","stimuli/Kitchen & utensil.png","Outdoor activity & sport item",2,1,"stimuli/objects/skigoggles01.jpg",2,1,1.1779,0,NA
"27",13,917868,"stimuli/m_orange.jpg","stimuli/Hand labour tool & accessory.png","stimuli/Outdoor activity & sport item.png","stimuli/Electronic device & accessory.png","stimuli/Kitchen & utensil.png","Hand labour tool & accessory",1,1,"stimuli/objects/bungeecord02.jpg",1,1,1.0246,1,NA
"28",13,917868,"stimuli/m_black.jpg","stimuli/Outdoor activity & sport item.png","stimuli/Electronic device & accessory.png","stimuli/Hand labour tool & accessory.png","stimuli/Kitchen & utensil.png","Outdoor activity & sport item",1,1,"stimuli/objects/bikelock.jpg",3,0,3.1048,0,NA
"29",13,917868,"stimuli/m_black.jpg","stimuli/Outdoor activity & sport item.png","stimuli/Kitchen & utensil.png","stimuli/Electronic device & accessory.png","stimuli/Hand labour tool & accessory.png","Outdoor activity & sport item",1,1,"stimuli/objects/hockeygoalieglove.jpg",1,1,1.2789,0,NA
"30",13,917868,"stimuli/m_orange.jpg","stimuli/Outdoor activity & sport item.png","stimuli/Electronic device & accessory.png","stimuli/Hand labour tool & accessory.png","stimuli/Kitchen & utensil.png","Hand labour tool & accessory",3,1,"stimuli/objects/flashlight02b.jpg",3,1,2.1227,1,NA
"31",13,917868,"stimuli/m_black.jpg","stimuli/Hand labour tool & accessory.png","stimuli/Electronic device & accessory.png","stimuli/Kitchen & utensil.png","stimuli/Outdoor activity & sport item.png","Hand labour tool & accessory",1,0,"stimuli/objects/bucket02.jpg",4,0,1.2862,0,NA
"32",13,917868,"stimuli/m_black.jpg","stimuli/Kitchen & utensil.png","stimuli/Hand labour tool & accessory.png","stimuli/Outdoor activity & sport item.png","stimuli/Electronic device & accessory.png","Outdoor activity & sport item",3,1,"stimuli/objects/beachumbrella01.jpg",3,1,1.0562,0,1
"33",13,917868,"stimuli/m_orange.jpg","stimuli/Outdoor activity & sport item.png","stimuli/Kitchen & utensil.png","stimuli/Hand labour tool & accessory.png","stimuli/Electronic device & accessory.png","Hand labour tool & accessory",3,1,"stimuli/objects/pickaxe02.jpg",1,0,1.3789,1,NA
"34",13,917868,"stimuli/m_orange.jpg","stimuli/Electronic device & accessory.png","stimuli/Kitchen & utensil.png","stimuli/Hand labour tool & accessory.png","stimuli/Outdoor activity & sport item.png","Hand labour tool & accessory",3,1,"stimuli/objects/file.jpg",3,1,1.0948,1,NA
"35",13,917868,"stimuli/m_orange.jpg","stimuli/Electronic device & accessory.png","stimuli/Outdoor activity & sport item.png","stimuli/Kitchen & utensil.png","stimuli/Hand labour tool & accessory.png","Hand labour tool & accessory",4,1,"stimuli/objects/solderingwire.jpg",4,1,1.7774,1,NA
"36",13,917868,"stimuli/m_black.jpg","stimuli/Outdoor activity & sport item.png","stimuli/Hand labour tool & accessory.png","stimuli/Kitchen & utensil.png","stimuli/Electronic device & accessory.png","Kitchen & utensil",3,0,"stimuli/objects/teapot.jpg",1,0,0.4838,0,NA
"37",13,917868,"stimuli/m_orange.jpg","stimuli/Kitchen & utensil.png","stimuli/Hand labour tool & accessory.png","stimuli/Outdoor activity & sport item.png","stimuli/Electronic device & accessory.png","Hand labour tool & accessory",2,1,"stimuli/objects/gardenshears01a.jpg",2,1,2.5969,1,NA
"38",13,917868,"stimuli/m_black.jpg","stimuli/Kitchen & utensil.png","stimuli/Hand labour tool & accessory.png","stimuli/Electronic device & accessory.png","stimuli/Outdoor activity & sport item.png","Hand labour tool & accessory",2,0,"stimuli/objects/hoe.jpg",4,0,2.0704,0,NA
"39",13,917868,"stimuli/m_orange.jpg","stimuli/Hand labour tool & accessory.png","stimuli/Outdoor activity & sport item.png","stimuli/Electronic device & accessory.png","stimuli/Kitchen & utensil.png","Hand labour tool & accessory",1,1,"stimuli/objects/pipewrench.jpg",1,1,2.0766,1,NA
"40",13,917868,"stimuli/m_orange.jpg","stimuli/Kitchen & utensil.png","stimuli/Electronic device & accessory.png","stimuli/Hand labour tool & accessory.png","stimuli/Outdoor activity & sport item.png","Hand labour tool & accessory",3,1,"stimuli/objects/metalscissors.jpg",3,1,1.6241,1,NA
"41",13,917868,"stimuli/m_black.jpg","stimuli/Kitchen & utensil.png","stimuli/Hand labour tool & accessory.png","stimuli/Outdoor activity & sport item.png","stimuli/Electronic device & accessory.png","Outdoor activity & sport item",3,1,"stimuli/objects/magneticcompass.jpg",3,1,1.9389,0,NA
"42",13,917868,"stimuli/m_black.jpg","stimuli/Electronic device & accessory.png","stimuli/Outdoor activity & sport item.png","stimuli/Hand labour tool & accessory.png","stimuli/Kitchen & utensil.png","Outdoor activity & sport item",2,1,"stimuli/objects/weight01.jpg",2,1,1.4364,0,NA
"43",13,917868,"stimuli/m_black.jpg","stimuli/Kitchen & utensil.png","stimuli/Hand labour tool & accessory.png","stimuli/Electronic device & accessory.png","stimuli/Outdoor activity & sport item.png","Electronic device & accessory",3,0,"stimuli/objects/chandelier.jpg",4,0,1.505,0,1
"44",13,917868,"stimuli/m_orange.jpg","stimuli/Kitchen & utensil.png","stimuli/Outdoor activity & sport item.png","stimuli/Hand labour tool & accessory.png","stimuli/Electronic device & accessory.png","Hand labour tool & accessory",3,1,"stimuli/objects/painttray.jpg",3,1,1.932,1,1
"45",13,917868,"stimuli/m_black.jpg","stimuli/Hand labour tool & accessory.png","stimuli/Electronic device & accessory.png","stimuli/Kitchen & utensil.png","stimuli/Outdoor activity & sport item.png","Kitchen & utensil",3,0,"stimuli/objects/fonduefork01.jpg",4,0,2.6101,0,1
"46",13,917868,"stimuli/m_orange.jpg","stimuli/Electronic device & accessory.png","stimuli/Kitchen & utensil.png","stimuli/Outdoor activity & sport item.png","stimuli/Hand labour tool & accessory.png","Hand labour tool & accessory",4,1,"stimuli/objects/cheeseknife01.jpg",4,1,2.0345,1,NA
"47",13,917868,"stimuli/m_orange.jpg","stimuli/Outdoor activity & sport item.png","stimuli/Hand labour tool & accessory.png","stimuli/Electronic device & accessory.png","stimuli/Kitchen & utensil.png","Hand labour tool & accessory",2,1,"stimuli/objects/gavel.jpg",2,1,1.1249,1,NA
"48",13,917868,"stimuli/m_black.jpg","stimuli/Electronic device & accessory.png","stimuli/Kitchen & utensil.png","stimuli/Outdoor activity & sport item.png","stimuli/Hand labour tool & accessory.png","Outdoor activity & sport item",3,1,"stimuli/objects/birdie.jpg",3,1,1.6034,0,NA
"49",13,917868,"stimuli/m_black.jpg","stimuli/Kitchen & utensil.png","stimuli/Electronic device & accessory.png","stimuli/Outdoor activity & sport item.png","stimuli/Hand labour tool & accessory.png","Outdoor activity & sport item",3,1,"stimuli/objects/footballhelmet.jpg",3,1,1.7616,0,0
"50",13,917868,"stimuli/m_black.jpg","stimuli/Outdoor activity & sport item.png","stimuli/Hand labour tool & accessory.png","stimuli/Electronic device & accessory.png","stimuli/Kitchen & utensil.png","Kitchen & utensil",4,0,"stimuli/objects/tray.jpg",1,0,1.2197,0,NA
"51",13,917868,"stimuli/m_black.jpg","stimuli/Electronic device & accessory.png","stimuli/Kitchen & utensil.png","stimuli/Hand labour tool & accessory.png","stimuli/Outdoor activity & sport item.png","Outdoor activity & sport item",4,1,"stimuli/objects/charcoalbarbecue.jpg",4,1,2.7093,0,1
"52",13,917868,"stimuli/m_orange.jpg","stimuli/Kitchen & utensil.png","stimuli/Electronic device & accessory.png","stimuli/Outdoor activity & sport item.png","stimuli/Hand labour tool & accessory.png","Hand labour tool & accessory",4,1,"stimuli/objects/jumpercables.jpg",4,1,2.3617,1,NA
"53",13,917868,"stimuli/m_orange.jpg","stimuli/Kitchen & utensil.png","stimuli/Hand labour tool & accessory.png","stimuli/Outdoor activity & sport item.png","stimuli/Electronic device & accessory.png","Hand labour tool & accessory",2,1,"stimuli/objects/sledgehammer.jpg",2,1,1.1584,1,NA
"54",13,917868,"stimuli/m_black.jpg","stimuli/Electronic device & accessory.png","stimuli/Hand labour tool & accessory.png","stimuli/Kitchen & utensil.png","stimuli/Outdoor activity & sport item.png","Electronic device & accessory",1,0,"stimuli/objects/cellphone.jpg",4,0,1.4443,0,0
"55",13,917868,"stimuli/m_orange.jpg","stimuli/Electronic device & accessory.png","stimuli/Outdoor activity & sport item.png","stimuli/Hand labour tool & accessory.png","stimuli/Kitchen & utensil.png","Hand labour tool & accessory",3,1,"stimuli/objects/squeegee01b.jpg",3,1,2.7935,1,1
"56",13,917868,"stimuli/m_orange.jpg","stimuli/Outdoor activity & sport item.png","stimuli/Electronic device & accessory.png","stimuli/Kitchen & utensil.png","stimuli/Hand labour tool & accessory.png","Hand labour tool & accessory",4,1,"stimuli/objects/loppingshears.jpg",4,1,1.5794,1,NA
"57",13,917868,"stimuli/m_black.jpg","stimuli/Outdoor activity & sport item.png","stimuli/Electronic device & accessory.png","stimuli/Hand labour tool & accessory.png","stimuli/Kitchen & utensil.png","Outdoor activity & sport item",1,1,"stimuli/objects/handgripper.jpg",1,1,1.6584,0,NA
"58",13,917868,"stimuli/m_orange.jpg","stimuli/Kitchen & utensil.png","stimuli/Outdoor activity & sport item.png","stimuli/Electronic device & accessory.png","stimuli/Hand labour tool & accessory.png","Kitchen & utensil",1,0,"stimuli/objects/oven.jpg",4,0,1.0707,1,0
"59",13,917868,"stimuli/m_black.jpg","stimuli/Hand labour tool & accessory.png","stimuli/Outdoor activity & sport item.png","stimuli/Electronic device & accessory.png","stimuli/Kitchen & utensil.png","Outdoor activity & sport item",2,1,"stimuli/objects/bikepump01.jpg",2,1,1.0432,0,1
"60",13,917868,"stimuli/m_orange.jpg","stimuli/Outdoor activity & sport item.png","stimuli/Electronic device & accessory.png","stimuli/Kitchen & utensil.png","stimuli/Hand labour tool & accessory.png","Hand labour tool & accessory",4,1,"stimuli/objects/bowrake.jpg",4,1,0.9268,1,NA
"61",13,917868,"stimuli/m_orange.jpg","stimuli/Outdoor activity & sport item.png","stimuli/Kitchen & utensil.png","stimuli/Hand labour tool & accessory.png","stimuli/Electronic device & accessory.png","Hand labour tool & accessory",3,1,"stimuli/objects/leafblower01.jpg",3,1,2.4521,1,NA
"62",13,917868,"stimuli/m_black.jpg","stimuli/Hand labour tool & accessory.png","stimuli/Outdoor activity & sport item.png","stimuli/Kitchen & utensil.png","stimuli/Electronic device & accessory.png","Outdoor activity & sport item",2,1,"stimuli/objects/cooler01.jpg",2,1,1.1197,0,NA
"63",13,917868,"stimuli/m_orange.jpg","stimuli/Hand labour tool & accessory.png","stimuli/Kitchen & utensil.png","stimuli/Outdoor activity & sport item.png","stimuli/Electronic device & accessory.png","Hand labour tool & accessory",1,1,"stimuli/objects/pylon01.jpg",1,1,1.7431,1,NA
"64",13,917868,"stimuli/m_black.jpg","stimuli/Hand labour tool & accessory.png","stimuli/Outdoor activity & sport item.png","stimuli/Kitchen & utensil.png","stimuli/Electronic device & accessory.png","Electronic device & accessory",4,0,"stimuli/objects/videocamera01a.jpg",2,0,1.2436,0,0
"65",13,917868,"stimuli/m_orange.jpg","stimuli/Hand labour tool & accessory.png","stimuli/Electronic device & accessory.png","stimuli/Outdoor activity & sport item.png","stimuli/Kitchen & utensil.png","Kitchen & utensil",4,0,"stimuli/objects/grater01a.jpg",1,0,2.4455,1,NA
"66",13,917868,"stimuli/m_orange.jpg","stimuli/Hand labour tool & accessory.png","stimuli/Outdoor activity & sport item.png","stimuli/Electronic device & accessory.png","stimuli/Kitchen & utensil.png","Hand labour tool & accessory",1,1,"stimuli/objects/nailgun.jpg",1,1,2.9202,1,NA
"67",13,917868,"stimuli/m_black.jpg","stimuli/Outdoor activity & sport item.png","stimuli/Kitchen & utensil.png","stimuli/Hand labour tool & accessory.png","stimuli/Electronic device & accessory.png","Kitchen & utensil",2,0,"stimuli/objects/blender.jpg",3,0,2.8304,0,1
"68",13,917868,"stimuli/m_orange.jpg","stimuli/Electronic device & accessory.png","stimuli/Hand labour tool & accessory.png","stimuli/Kitchen & utensil.png","stimuli/Outdoor activity & sport item.png","Electronic device & accessory",1,0,"stimuli/objects/carlighter02.jpg",2,0,2.0349,1,1
"69",13,917868,"stimuli/m_black.jpg","stimuli/Electronic device & accessory.png","stimuli/Kitchen & utensil.png","stimuli/Hand labour tool & accessory.png","stimuli/Outdoor activity & sport item.png","Outdoor activity & sport item",4,1,"stimuli/objects/tennisracket.jpg",2,0,1.4022,0,NA
"70",13,917868,"stimuli/m_orange.jpg","stimuli/Electronic device & accessory.png","stimuli/Outdoor activity & sport item.png","stimuli/Hand labour tool & accessory.png","stimuli/Kitchen & utensil.png","Hand labour tool & accessory",3,1,"stimuli/objects/carjack.jpg",3,1,1.7255,1,NA
"71",13,917868,"stimuli/m_black.jpg","stimuli/Hand labour tool & accessory.png","stimuli/Electronic device & accessory.png","stimuli/Outdoor activity & sport item.png","stimuli/Kitchen & utensil.png","Hand labour tool & accessory",1,0,"stimuli/objects/shopvac.jpg",3,0,1.5723,0,NA
"72",13,917868,"stimuli/m_black.jpg","stimuli/Kitchen & utensil.png","stimuli/Electronic device & accessory.png","stimuli/Hand labour tool & accessory.png","stimuli/Outdoor activity & sport item.png","Outdoor activity & sport item",4,1,"stimuli/objects/exercisebench.jpg",4,1,3.1216,0,NA
"73",13,917868,"stimuli/m_black.jpg","stimuli/Outdoor activity & sport item.png","stimuli/Hand labour tool & accessory.png","stimuli/Electronic device & accessory.png","stimuli/Kitchen & utensil.png","Outdoor activity & sport item",1,1,"stimuli/objects/punchingball.jpg",1,1,1.3368,0,NA
"74",13,917868,"stimuli/m_orange.jpg","stimuli/Electronic device & accessory.png","stimuli/Hand labour tool & accessory.png","stimuli/Kitchen & utensil.png","stimuli/Outdoor activity & sport item.png","Hand labour tool & accessory",2,1,"stimuli/objects/solderingiron.jpg",2,1,1.4655,1,0
"75",13,917868,"stimuli/m_black.jpg","stimuli/Outdoor activity & sport item.png","stimuli/Electronic device & accessory.png","stimuli/Hand labour tool & accessory.png","stimuli/Kitchen & utensil.png","Hand labour tool & accessory",3,0,"stimuli/objects/wheel01.jpg",1,0,3.2174,0,NA
"76",13,917868,"stimuli/m_orange.jpg","stimuli/Hand labour tool & accessory.png","stimuli/Kitchen & utensil.png","stimuli/Electronic device & accessory.png","stimuli/Outdoor activity & sport item.png","Electronic device & accessory",3,0,"stimuli/objects/monitor.jpg",1,0,3.257,1,NA
"77",13,917868,"stimuli/m_orange.jpg","stimuli/Kitchen & utensil.png","stimuli/Electronic device & accessory.png","stimuli/Hand labour tool & accessory.png","stimuli/Outdoor activity & sport item.png","Hand labour tool & accessory",3,1,"stimuli/objects/gastank.jpg",3,1,3.5892,1,NA
"78",13,917868,"stimuli/m_orange.jpg","stimuli/Kitchen & utensil.png","stimuli/Outdoor activity & sport item.png","stimuli/Electronic device & accessory.png","stimuli/Hand labour tool & accessory.png","Hand labour tool & accessory",4,1,"stimuli/objects/staplegun.jpg",4,1,1.075,1,NA
"79",13,917868,"stimuli/m_black.jpg","stimuli/Kitchen & utensil.png","stimuli/Outdoor activity & sport item.png","stimuli/Electronic device & accessory.png","stimuli/Hand labour tool & accessory.png","Hand labour tool & accessory",4,0,"stimuli/objects/gluetube.jpg",2,0,1.5734,0,NA
"80",13,917868,"stimuli/m_black.jpg","stimuli/Kitchen & utensil.png","stimuli/Outdoor activity & sport item.png","stimuli/Hand labour tool & accessory.png","stimuli/Electronic device & accessory.png","Outdoor activity & sport item",2,1,"stimuli/objects/basketballhoop01.jpg",3,0,2.2388,0,NA
"81",13,917868,"stimuli/m_black.jpg","stimuli/Electronic device & accessory.png","stimuli/Hand labour tool & accessory.png","stimuli/Outdoor activity & sport item.png","stimuli/Kitchen & utensil.png","Outdoor activity & sport item",3,1,"stimuli/objects/umbrella04.jpg",3,1,2.5453,0,1
"82",13,917868,"stimuli/m_black.jpg","stimuli/Outdoor activity & sport item.png","stimuli/Electronic device & accessory.png","stimuli/Kitchen & utensil.png","stimuli/Hand labour tool & accessory.png","Outdoor activity & sport item",1,1,"stimuli/objects/reflector.jpg",1,1,0.8075,0,NA
"83",13,917868,"stimuli/m_orange.jpg","stimuli/Outdoor activity & sport item.png","stimuli/Hand labour tool & accessory.png","stimuli/Kitchen & utensil.png","stimuli/Electronic device & accessory.png","Outdoor activity & sport item",1,0,"stimuli/objects/tennisball01b.jpg",2,0,1.1605,1,NA
"84",13,917868,"stimuli/m_orange.jpg","stimuli/Outdoor activity & sport item.png","stimuli/Kitchen & utensil.png","stimuli/Electronic device & accessory.png","stimuli/Hand labour tool & accessory.png","Hand labour tool & accessory",4,1,"stimuli/objects/adjustablewrench01b.jpg",4,1,1.052,1,1
"85",13,917868,"stimuli/m_black.jpg","stimuli/Electronic device & accessory.png","stimuli/Hand labour tool & accessory.png","stimuli/Kitchen & utensil.png","stimuli/Outdoor activity & sport item.png","Outdoor activity & sport item",4,1,"stimuli/objects/swing.jpg",4,1,2.9711,0,NA
"86",13,917868,"stimuli/m_black.jpg","stimuli/Hand labour tool & accessory.png","stimuli/Outdoor activity & sport item.png","stimuli/Electronic device & accessory.png","stimuli/Kitchen & utensil.png","Outdoor activity & sport item",2,1,"stimuli/objects/skipole.jpg",2,1,1.9696,0,NA
"87",13,917868,"stimuli/m_black.jpg","stimuli/Hand labour tool & accessory.png","stimuli/Kitchen & utensil.png","stimuli/Outdoor activity & sport item.png","stimuli/Electronic device & accessory.png","Outdoor activity & sport item",3,1,"stimuli/objects/binoculars01b.jpg",3,1,2.2957,0,NA
"88",13,917868,"stimuli/m_black.jpg","stimuli/Outdoor activity & sport item.png","stimuli/Hand labour tool & accessory.png","stimuli/Kitchen & utensil.png","stimuli/Electronic device & accessory.png","Outdoor activity & sport item",1,1,"stimuli/objects/anchor.jpg",1,1,2.2863,0,0
"89",13,917868,"stimuli/m_black.jpg","stimuli/Kitchen & utensil.png","stimuli/Electronic device & accessory.png","stimuli/Outdoor activity & sport item.png","stimuli/Hand labour tool & accessory.png","Outdoor activity & sport item",3,1,"stimuli/objects/bikehelmet.jpg",3,1,1.2752,0,NA
"90",13,917868,"stimuli/m_orange.jpg","stimuli/Hand labour tool & accessory.png","stimuli/Outdoor activity & sport item.png","stimuli/Kitchen & utensil.png","stimuli/Electronic device & accessory.png","Electronic device & accessory",4,0,"stimuli/objects/walkman.jpg",1,0,0.7807,1,0
"91",13,917868,"stimuli/m_black.jpg","stimuli/Outdoor activity & sport item.png","stimuli/Kitchen & utensil.png","stimuli/Hand labour tool & accessory.png","stimuli/Electronic device & accessory.png","Outdoor activity & sport item",1,1,"stimuli/objects/boogieboard.jpg",1,1,0.9961,0,NA
"92",13,917868,"stimuli/m_black.jpg","stimuli/Outdoor activity & sport item.png","stimuli/Electronic device & accessory.png","stimuli/Kitchen & utensil.png","stimuli/Hand labour tool & accessory.png","Outdoor activity & sport item",1,1,"stimuli/objects/badmintonracket.jpg",1,1,0.5305,0,NA
"93",13,917868,"stimuli/m_black.jpg","stimuli/Hand labour tool & accessory.png","stimuli/Outdoor activity & sport item.png","stimuli/Electronic device & accessory.png","stimuli/Kitchen & utensil.png","Outdoor activity & sport item",2,1,"stimuli/objects/volleyball.jpg",2,1,0.9657,0,NA
"94",13,917868,"stimuli/m_orange.jpg","stimuli/Outdoor activity & sport item.png","stimuli/Electronic device & accessory.png","stimuli/Hand labour tool & accessory.png","stimuli/Kitchen & utensil.png","Kitchen & utensil",4,0,"stimuli/objects/pot01.jpg",3,0,0.8687,1,1
"95",13,917868,"stimuli/m_orange.jpg","stimuli/Electronic device & accessory.png","stimuli/Kitchen & utensil.png","stimuli/Hand labour tool & accessory.png","stimuli/Outdoor activity & sport item.png","Hand labour tool & accessory",3,1,"stimuli/objects/cclamp.jpg",3,1,0.6118,1,NA
"96",13,917868,"stimuli/m_black.jpg","stimuli/Electronic device & accessory.png","stimuli/Outdoor activity & sport item.png","stimuli/Kitchen & utensil.png","stimuli/Hand labour tool & accessory.png","Outdoor activity & sport item",2,1,"stimuli/objects/bicycle.jpg",2,1,1.042,0,NA
"97",13,917868,"stimuli/m_black.jpg","stimuli/Hand labour tool & accessory.png","stimuli/Electronic device & accessory.png","stimuli/Kitchen & utensil.png","stimuli/Outdoor activity & sport item.png","Outdoor activity & sport item",4,1,"stimuli/objects/golfbag.jpg",4,1,1.4431,0,1
"98",13,917868,"stimuli/m_orange.jpg","stimuli/Hand labour tool & accessory.png","stimuli/Electronic device & accessory.png","stimuli/Outdoor activity & sport item.png","stimuli/Kitchen & utensil.png","Kitchen & utensil",4,0,"stimuli/objects/cleaver01.jpg",1,0,1.2777,1,1
"99",13,917868,"stimuli/m_orange.jpg","stimuli/Kitchen & utensil.png","stimuli/Hand labour tool & accessory.png","stimuli/Electronic device & accessory.png","stimuli/Outdoor activity & sport item.png","Kitchen & utensil",1,0,"stimuli/objects/icebucket.jpg",2,0,1.2856,1,1
"100",13,917868,"stimuli/m_orange.jpg","stimuli/Kitchen & utensil.png","stimuli/Outdoor activity & sport item.png","stimuli/Electronic device & accessory.png","stimuli/Hand labour tool & accessory.png","Hand labour tool & accessory",4,1,"stimuli/objects/tablesaw.jpg",4,1,1.2861,1,1
"101",13,917868,"stimuli/m_black.jpg","stimuli/Kitchen & utensil.png","stimuli/Hand labour tool & accessory.png","stimuli/Outdoor activity & sport item.png","stimuli/Electronic device & accessory.png","Outdoor activity & sport item",3,1,"stimuli/objects/frisbee.jpg",3,1,0.9739,0,NA
"102",13,917868,"stimuli/m_orange.jpg","stimuli/Hand labour tool & accessory.png","stimuli/Electronic device & accessory.png","stimuli/Kitchen & utensil.png","stimuli/Outdoor activity & sport item.png","Kitchen & utensil",3,0,"stimuli/objects/kitchenscale01a.jpg",1,0,1.1858,1,1
"103",13,917868,"stimuli/m_black.jpg","stimuli/Electronic device & accessory.png","stimuli/Outdoor activity & sport item.png","stimuli/Kitchen & utensil.png","stimuli/Hand labour tool & accessory.png","Electronic device & accessory",1,0,"stimuli/objects/securitycamera.jpg",2,0,1.4798,0,1
"104",13,917868,"stimuli/m_orange.jpg","stimuli/Kitchen & utensil.png","stimuli/Outdoor activity & sport item.png","stimuli/Hand labour tool & accessory.png","stimuli/Electronic device & accessory.png","Hand labour tool & accessory",3,1,"stimuli/objects/measuringtape01.jpg",3,1,1.6786,1,NA
"105",13,917868,"stimuli/m_orange.jpg","stimuli/Hand labour tool & accessory.png","stimuli/Kitchen & utensil.png","stimuli/Outdoor activity & sport item.png","stimuli/Electronic device & accessory.png","Hand labour tool & accessory",1,1,"stimuli/objects/mitresaw.jpg",1,1,1.4039,1,0
"106",13,917868,"stimuli/m_orange.jpg","stimuli/Outdoor activity & sport item.png","stimuli/Hand labour tool & accessory.png","stimuli/Electronic device & accessory.png","stimuli/Kitchen & utensil.png","Outdoor activity & sport item",1,0,"stimuli/objects/propanetank01.jpg",2,0,1.2869,1,NA
"107",13,917868,"stimuli/m_black.jpg","stimuli/Outdoor activity & sport item.png","stimuli/Kitchen & utensil.png","stimuli/Electronic device & accessory.png","stimuli/Hand labour tool & accessory.png","Kitchen & utensil",2,0,"stimuli/objects/styrofoamcup.jpg",1,0,2.5373,0,1
"108",13,917868,"stimuli/m_black.jpg","stimuli/Electronic device & accessory.png","stimuli/Hand labour tool & accessory.png","stimuli/Outdoor activity & sport item.png","stimuli/Kitchen & utensil.png","Outdoor activity & sport item",3,1,"stimuli/objects/exercisemachine.jpg",3,1,1.3644,0,NA
"109",13,917868,"stimuli/m_orange.jpg","stimuli/Hand labour tool & accessory.png","stimuli/Electronic device & accessory.png","stimuli/Kitchen & utensil.png","stimuli/Outdoor activity & sport item.png","Outdoor activity & sport item",4,0,"stimuli/objects/surfboard.jpg",1,0,0.5819,1,1
"110",13,917868,"stimuli/m_orange.jpg","stimuli/Electronic device & accessory.png","stimuli/Hand labour tool & accessory.png","stimuli/Outdoor activity & sport item.png","stimuli/Kitchen & utensil.png","Hand labour tool & accessory",2,1,"stimuli/objects/wirestripper.jpg",2,1,1.3358,1,NA
"111",13,917868,"stimuli/m_black.jpg","stimuli/Hand labour tool & accessory.png","stimuli/Kitchen & utensil.png","stimuli/Outdoor activity & sport item.png","stimuli/Electronic device & accessory.png","Outdoor activity & sport item",3,1,"stimuli/objects/gymnasticring.jpg",3,1,2.7559,0,NA
"112",13,917868,"stimuli/m_black.jpg","stimuli/Hand labour tool & accessory.png","stimuli/Electronic device & accessory.png","stimuli/Outdoor activity & sport item.png","stimuli/Kitchen & utensil.png","Outdoor activity & sport item",3,1,"stimuli/objects/bowlingball.jpg",3,1,0.6662,0,NA
"113",13,917868,"stimuli/m_orange.jpg","stimuli/Electronic device & accessory.png","stimuli/Hand labour tool & accessory.png","stimuli/Outdoor activity & sport item.png","stimuli/Kitchen & utensil.png","Outdoor activity & sport item",3,0,"stimuli/objects/baseball01a.jpg",2,0,1.0035,1,NA
"114",13,917868,"stimuli/m_black.jpg","stimuli/Hand labour tool & accessory.png","stimuli/Kitchen & utensil.png","stimuli/Electronic device & accessory.png","stimuli/Outdoor activity & sport item.png","Electronic device & accessory",3,0,"stimuli/objects/spotlight.jpg",4,0,0.859,0,0
"115",13,917868,"stimuli/m_orange.jpg","stimuli/Outdoor activity & sport item.png","stimuli/Electronic device & accessory.png","stimuli/Hand labour tool & accessory.png","stimuli/Kitchen & utensil.png","Hand labour tool & accessory",3,1,"stimuli/objects/drillbit03a.jpg",3,1,1.4304,1,NA
"116",13,917868,"stimuli/m_orange.jpg","stimuli/Electronic device & accessory.png","stimuli/Hand labour tool & accessory.png","stimuli/Outdoor activity & sport item.png","stimuli/Kitchen & utensil.png","Hand labour tool & accessory",2,1,"stimuli/objects/cuttingpliers02.jpg",2,1,1.0406,1,1
"117",13,917868,"stimuli/m_orange.jpg","stimuli/Kitchen & utensil.png","stimuli/Electronic device & accessory.png","stimuli/Outdoor activity & sport item.png","stimuli/Hand labour tool & accessory.png","Hand labour tool & accessory",4,1,"stimuli/objects/metalbrush.jpg",4,1,3.0451,1,NA
"118",13,917868,"stimuli/m_orange.jpg","stimuli/Kitchen & utensil.png","stimuli/Electronic device & accessory.png","stimuli/Outdoor activity & sport item.png","stimuli/Hand labour tool & accessory.png","Hand labour tool & accessory",4,1,"stimuli/objects/jackhammer.jpg",4,1,0.6589,1,NA
"119",13,917868,"stimuli/m_orange.jpg","stimuli/Outdoor activity & sport item.png","stimuli/Kitchen & utensil.png","stimuli/Electronic device & accessory.png","stimuli/Hand labour tool & accessory.png","Outdoor activity & sport item",1,0,"stimuli/objects/kneepad01c.jpg",4,0,0.6,1,1
"120",13,917868,"stimuli/m_orange.jpg","stimuli/Hand labour tool & accessory.png","stimuli/Kitchen & utensil.png","stimuli/Outdoor activity & sport item.png","stimuli/Electronic device & accessory.png","Hand labour tool & accessory",1,1,"stimuli/objects/hammer01.jpg",1,1,1.352,1,NA
"121",13,917868,"stimuli/m_orange.jpg","stimuli/Kitchen & utensil.png","stimuli/Hand labour tool & accessory.png","stimuli/Electronic device & accessory.png","stimuli/Outdoor activity & sport item.png","Electronic device & accessory",3,0,"stimuli/objects/coffeemachine.jpg",2,0,0.9759,1,1
"122",13,917868,"stimuli/m_orange.jpg","stimuli/Electronic device & accessory.png","stimuli/Outdoor activity & sport item.png","stimuli/Kitchen & utensil.png","stimuli/Hand labour tool & accessory.png","Electronic device & accessory",1,0,"stimuli/objects/alarmsystem.jpg",4,0,1.679,1,1
"123",13,917868,"stimuli/m_black.jpg","stimuli/Kitchen & utensil.png","stimuli/Outdoor activity & sport item.png","stimuli/Hand labour tool & accessory.png","stimuli/Electronic device & accessory.png","Outdoor activity & sport item",2,1,"stimuli/objects/podium.jpg",2,1,0.8093,0,0
"124",13,917868,"stimuli/m_orange.jpg","stimuli/Kitchen & utensil.png","stimuli/Electronic device & accessory.png","stimuli/Hand labour tool & accessory.png","stimuli/Outdoor activity & sport item.png","Hand labour tool & accessory",3,1,"stimuli/objects/hedgeshears.jpg",3,1,1.9437,1,NA
"125",13,917868,"stimuli/m_black.jpg","stimuli/Kitchen & utensil.png","stimuli/Electronic device & accessory.png","stimuli/Outdoor activity & sport item.png","stimuli/Hand labour tool & accessory.png","Outdoor activity & sport item",3,1,"stimuli/objects/bikewheel.jpg",3,1,1.6425,0,NA
"126",13,917868,"stimuli/m_orange.jpg","stimuli/Hand labour tool & accessory.png","stimuli/Kitchen & utensil.png","stimuli/Electronic device & accessory.png","stimuli/Outdoor activity & sport item.png","Hand labour tool & accessory",1,1,"stimuli/objects/stepladder.jpg",1,1,1.6694,1,NA
"127",13,917868,"stimuli/m_black.jpg","stimuli/Kitchen & utensil.png","stimuli/Electronic device & accessory.png","stimuli/Hand labour tool & accessory.png","stimuli/Outdoor activity & sport item.png","Outdoor activity & sport item",4,1,"stimuli/objects/toyhockeystick01.jpg",4,1,1.0314,0,1
"128",13,917868,"stimuli/m_black.jpg","stimuli/Hand labour tool & accessory.png","stimuli/Kitchen & utensil.png","stimuli/Outdoor activity & sport item.png","stimuli/Electronic device & accessory.png","Outdoor activity & sport item",3,1,"stimuli/objects/snowboard.jpg",3,1,1.0276,0,NA
"129",13,917868,"stimuli/m_orange.jpg","stimuli/Hand labour tool & accessory.png","stimuli/Outdoor activity & sport item.png","stimuli/Kitchen & utensil.png","stimuli/Electronic device & accessory.png","Hand labour tool & accessory",1,1,"stimuli/objects/caulking.jpg",1,1,0.859,1,1
"130",13,917868,"stimuli/m_black.jpg","stimuli/Kitchen & utensil.png","stimuli/Outdoor activity & sport item.png","stimuli/Electronic device & accessory.png","stimuli/Hand labour tool & accessory.png","Outdoor activity & sport item",2,1,"stimuli/objects/exercisebike.jpg",2,1,0.7922,0,NA
"131",13,917868,"stimuli/m_orange.jpg","stimuli/Hand labour tool & accessory.png","stimuli/Electronic device & accessory.png","stimuli/Kitchen & utensil.png","stimuli/Outdoor activity & sport item.png","Hand labour tool & accessory",1,1,"stimuli/objects/pliers02b.jpg",1,1,1.2639,1,NA
"132",13,917868,"stimuli/m_black.jpg","stimuli/Electronic device & accessory.png","stimuli/Hand labour tool & accessory.png","stimuli/Outdoor activity & sport item.png","stimuli/Kitchen & utensil.png","Kitchen & utensil",4,0,"stimuli/objects/bowl02a.jpg",3,0,2.3038,0,1
