"","participant","Expra.Code","character","left_categ","centleft_categ","centright_categ","right_categ","corr_ans","corr_ans_num","type","img","task_response.keys","task_response.corr","task_response.rt","condition","recogAcc"
"55",24,NA,"stimuli/m_black.jpg","stimuli/Hand labour tool & accessory.png","stimuli/Outdoor activity & sport item.png","stimuli/Kitchen & utensil.png","stimuli/Electronic device & accessory.png","Outdoor activity & sport item",2,1,"stimuli/objects/gymnasticring.jpg",2,1,0.9811,1,1
"56",24,NA,"stimuli/m_black.jpg","stimuli/Outdoor activity & sport item.png","stimuli/Kitchen & utensil.png","stimuli/Electronic device & accessory.png","stimuli/Hand labour tool & accessory.png","Outdoor activity & sport item",1,1,"stimuli/objects/exercisebench.jpg",1,1,1.6021,1,0
"57",24,NA,"stimuli/m_orange.jpg","stimuli/Outdoor activity & sport item.png","stimuli/Kitchen & utensil.png","stimuli/Hand labour tool & accessory.png","stimuli/Electronic device & accessory.png","Hand labour tool & accessory",3,1,"stimuli/objects/jumpercables.jpg",NA,0,NA,0,0
"58",24,NA,"stimuli/m_orange.jpg","stimuli/Electronic device & accessory.png","stimuli/Hand labour tool & accessory.png","stimuli/Kitchen & utensil.png","stimuli/Outdoor activity & sport item.png","Hand labour tool & accessory",2,1,"stimuli/objects/pipewrench.jpg",1,0,1.0257,0,0
"59",24,NA,"stimuli/m_orange.jpg","stimuli/Kitchen & utensil.png","stimuli/Hand labour tool & accessory.png","stimuli/Outdoor activity & sport item.png","stimuli/Electronic device & accessory.png","Hand labour tool & accessory",2,1,"stimuli/objects/tape02a.jpg",2,1,1.616,0,0
"60",24,NA,"stimuli/m_black.jpg","stimuli/Kitchen & utensil.png","stimuli/Hand labour tool & accessory.png","stimuli/Outdoor activity & sport item.png","stimuli/Electronic device & accessory.png","Outdoor activity & sport item",3,1,"stimuli/objects/swing.jpg",3,1,0.9186,1,1
"61",24,NA,"stimuli/m_black.jpg","stimuli/Hand labour tool & accessory.png","stimuli/Electronic device & accessory.png","stimuli/Kitchen & utensil.png","stimuli/Outdoor activity & sport item.png","Kitchen & utensil",3,0,"stimuli/objects/tray.jpg",4,0,0.9446,1,0
"62",24,NA,"stimuli/m_orange.jpg","stimuli/Hand labour tool & accessory.png","stimuli/Outdoor activity & sport item.png","stimuli/Electronic device & accessory.png","stimuli/Kitchen & utensil.png","Hand labour tool & accessory",1,1,"stimuli/objects/wirestripper.jpg",1,1,1.281,0,0
"63",24,NA,"stimuli/m_orange.jpg","stimuli/Outdoor activity & sport item.png","stimuli/Electronic device & accessory.png","stimuli/Kitchen & utensil.png","stimuli/Hand labour tool & accessory.png","Hand labour tool & accessory",4,1,"stimuli/objects/carjack.jpg",4,1,2.3051,0,0
"64",24,NA,"stimuli/m_orange.jpg","stimuli/Electronic device & accessory.png","stimuli/Outdoor activity & sport item.png","stimuli/Hand labour tool & accessory.png","stimuli/Kitchen & utensil.png","Hand labour tool & accessory",3,1,"stimuli/objects/hedgeshears.jpg",3,1,1.0856,0,1
"65",24,NA,"stimuli/m_orange.jpg","stimuli/Kitchen & utensil.png","stimuli/Outdoor activity & sport item.png","stimuli/Electronic device & accessory.png","stimuli/Hand labour tool & accessory.png","Hand labour tool & accessory",4,1,"stimuli/objects/jumpingjack.jpg",3,0,1.817,0,0
"66",24,NA,"stimuli/m_black.jpg","stimuli/Electronic device & accessory.png","stimuli/Kitchen & utensil.png","stimuli/Hand labour tool & accessory.png","stimuli/Outdoor activity & sport item.png","Outdoor activity & sport item",4,1,"stimuli/objects/beachumbrella01.jpg",4,1,1.5013,1,0
"67",24,NA,"stimuli/m_orange.jpg","stimuli/Kitchen & utensil.png","stimuli/Outdoor activity & sport item.png","stimuli/Electronic device & accessory.png","stimuli/Hand labour tool & accessory.png","Hand labour tool & accessory",4,1,"stimuli/objects/metalbrush.jpg",1,0,3.902,0,0
"68",24,NA,"stimuli/m_orange.jpg","stimuli/Outdoor activity & sport item.png","stimuli/Electronic device & accessory.png","stimuli/Kitchen & utensil.png","stimuli/Hand labour tool & accessory.png","Hand labour tool & accessory",4,1,"stimuli/objects/gavel.jpg",4,1,2.1772,0,1
"69",24,NA,"stimuli/m_black.jpg","stimuli/Outdoor activity & sport item.png","stimuli/Electronic device & accessory.png","stimuli/Hand labour tool & accessory.png","stimuli/Kitchen & utensil.png","Hand labour tool & accessory",3,0,"stimuli/objects/shopvac.jpg",1,0,1.3755,1,0
"70",24,NA,"stimuli/m_orange.jpg","stimuli/Kitchen & utensil.png","stimuli/Outdoor activity & sport item.png","stimuli/Hand labour tool & accessory.png","stimuli/Electronic device & accessory.png","Hand labour tool & accessory",3,1,"stimuli/objects/file.jpg",3,1,2.9411,0,1
"71",24,NA,"stimuli/m_orange.jpg","stimuli/Kitchen & utensil.png","stimuli/Electronic device & accessory.png","stimuli/Outdoor activity & sport item.png","stimuli/Hand labour tool & accessory.png","Hand labour tool & accessory",4,1,"stimuli/objects/gardenshears01a.jpg",4,1,2.0853,0,0
"72",24,NA,"stimuli/m_black.jpg","stimuli/Kitchen & utensil.png","stimuli/Hand labour tool & accessory.png","stimuli/Electronic device & accessory.png","stimuli/Outdoor activity & sport item.png","Electronic device & accessory",3,0,"stimuli/objects/avcable.jpg",4,0,1.718,1,1
"73",24,NA,"stimuli/m_orange.jpg","stimuli/Kitchen & utensil.png","stimuli/Electronic device & accessory.png","stimuli/Hand labour tool & accessory.png","stimuli/Outdoor activity & sport item.png","Hand labour tool & accessory",3,1,"stimuli/objects/bowrake.jpg",2,0,1.8849,0,0
"74",24,NA,"stimuli/m_black.jpg","stimuli/Kitchen & utensil.png","stimuli/Hand labour tool & accessory.png","stimuli/Outdoor activity & sport item.png","stimuli/Electronic device & accessory.png","Outdoor activity & sport item",3,1,"stimuli/objects/bikepump01.jpg",3,1,0.9832,1,0
"75",24,NA,"stimuli/m_black.jpg","stimuli/Outdoor activity & sport item.png","stimuli/Hand labour tool & accessory.png","stimuli/Kitchen & utensil.png","stimuli/Electronic device & accessory.png","Outdoor activity & sport item",1,1,"stimuli/objects/golfball.jpg",1,1,1.4012,1,0
"76",24,NA,"stimuli/m_black.jpg","stimuli/Kitchen & utensil.png","stimuli/Outdoor activity & sport item.png","stimuli/Electronic device & accessory.png","stimuli/Hand labour tool & accessory.png","Hand labour tool & accessory",4,0,"stimuli/objects/caulking.jpg",2,0,1.1119,1,1
"77",24,NA,"stimuli/m_orange.jpg","stimuli/Electronic device & accessory.png","stimuli/Kitchen & utensil.png","stimuli/Outdoor activity & sport item.png","stimuli/Hand labour tool & accessory.png","Hand labour tool & accessory",4,1,"stimuli/objects/staplegun.jpg",NA,0,NA,0,0
"78",24,NA,"stimuli/m_black.jpg","stimuli/Electronic device & accessory.png","stimuli/Hand labour tool & accessory.png","stimuli/Kitchen & utensil.png","stimuli/Outdoor activity & sport item.png","Outdoor activity & sport item",4,1,"stimuli/objects/tennisball01b.jpg",4,1,1.3269,1,1
"79",24,NA,"stimuli/m_black.jpg","stimuli/Kitchen & utensil.png","stimuli/Electronic device & accessory.png","stimuli/Outdoor activity & sport item.png","stimuli/Hand labour tool & accessory.png","Outdoor activity & sport item",3,1,"stimuli/objects/umbrella04.jpg",3,1,0.975,1,0
"80",24,NA,"stimuli/m_orange.jpg","stimuli/Hand labour tool & accessory.png","stimuli/Electronic device & accessory.png","stimuli/Outdoor activity & sport item.png","stimuli/Kitchen & utensil.png","Hand labour tool & accessory",1,1,"stimuli/objects/flashlight02b.jpg",2,0,2.3706,0,0
"81",24,NA,"stimuli/m_orange.jpg","stimuli/Kitchen & utensil.png","stimuli/Hand labour tool & accessory.png","stimuli/Outdoor activity & sport item.png","stimuli/Electronic device & accessory.png","Hand labour tool & accessory",2,1,"stimuli/objects/lock03a.jpg",2,1,2.2512,0,0
"82",24,NA,"stimuli/m_orange.jpg","stimuli/Electronic device & accessory.png","stimuli/Outdoor activity & sport item.png","stimuli/Kitchen & utensil.png","stimuli/Hand labour tool & accessory.png","Hand labour tool & accessory",4,1,"stimuli/objects/sledgehammer.jpg",1,0,0.8346,0,1
"83",24,NA,"stimuli/m_black.jpg","stimuli/Electronic device & accessory.png","stimuli/Outdoor activity & sport item.png","stimuli/Kitchen & utensil.png","stimuli/Hand labour tool & accessory.png","Outdoor activity & sport item",2,1,"stimuli/objects/binoculars01b.jpg",2,1,1.5494,1,0
"84",24,NA,"stimuli/m_black.jpg","stimuli/Outdoor activity & sport item.png","stimuli/Kitchen & utensil.png","stimuli/Hand labour tool & accessory.png","stimuli/Electronic device & accessory.png","Outdoor activity & sport item",1,1,"stimuli/objects/weight01.jpg",1,1,1.5011,1,1
"85",24,NA,"stimuli/m_black.jpg","stimuli/Kitchen & utensil.png","stimuli/Hand labour tool & accessory.png","stimuli/Outdoor activity & sport item.png","stimuli/Electronic device & accessory.png","Outdoor activity & sport item",3,1,"stimuli/objects/bikelock.jpg",3,1,0.9792,1,1
"86",24,NA,"stimuli/m_orange.jpg","stimuli/Outdoor activity & sport item.png","stimuli/Kitchen & utensil.png","stimuli/Hand labour tool & accessory.png","stimuli/Electronic device & accessory.png","Outdoor activity & sport item",1,0,"stimuli/objects/frisbee.jpg",3,0,3.5751,0,0
"87",24,NA,"stimuli/m_black.jpg","stimuli/Electronic device & accessory.png","stimuli/Hand labour tool & accessory.png","stimuli/Kitchen & utensil.png","stimuli/Outdoor activity & sport item.png","Electronic device & accessory",1,0,"stimuli/objects/monitor.jpg",4,0,1.1981,1,0
"88",24,NA,"stimuli/m_orange.jpg","stimuli/Hand labour tool & accessory.png","stimuli/Kitchen & utensil.png","stimuli/Outdoor activity & sport item.png","stimuli/Electronic device & accessory.png","Hand labour tool & accessory",1,1,"stimuli/objects/loppingshears.jpg",4,0,2.2089,0,1
"89",24,NA,"stimuli/m_black.jpg","stimuli/Outdoor activity & sport item.png","stimuli/Kitchen & utensil.png","stimuli/Hand labour tool & accessory.png","stimuli/Electronic device & accessory.png","Outdoor activity & sport item",1,1,"stimuli/objects/hockeygoalieglove.jpg",1,1,1.6779,1,0
"90",24,NA,"stimuli/m_black.jpg","stimuli/Hand labour tool & accessory.png","stimuli/Electronic device & accessory.png","stimuli/Outdoor activity & sport item.png","stimuli/Kitchen & utensil.png","Outdoor activity & sport item",3,1,"stimuli/objects/sportbag.jpg",3,1,1.6771,1,0
"91",24,NA,"stimuli/m_orange.jpg","stimuli/Hand labour tool & accessory.png","stimuli/Electronic device & accessory.png","stimuli/Kitchen & utensil.png","stimuli/Outdoor activity & sport item.png","Outdoor activity & sport item",4,0,"stimuli/objects/anchor.jpg",2,0,1.2016,0,1
"92",24,NA,"stimuli/m_orange.jpg","stimuli/Electronic device & accessory.png","stimuli/Kitchen & utensil.png","stimuli/Hand labour tool & accessory.png","stimuli/Outdoor activity & sport item.png","Hand labour tool & accessory",3,1,"stimuli/objects/solderingwire.jpg",3,1,2.6144,0,1
"93",24,NA,"stimuli/m_black.jpg","stimuli/Outdoor activity & sport item.png","stimuli/Kitchen & utensil.png","stimuli/Hand labour tool & accessory.png","stimuli/Electronic device & accessory.png","Kitchen & utensil",2,0,"stimuli/objects/blender.jpg",1,0,1.2441,1,0
"94",24,NA,"stimuli/m_orange.jpg","stimuli/Kitchen & utensil.png","stimuli/Electronic device & accessory.png","stimuli/Hand labour tool & accessory.png","stimuli/Outdoor activity & sport item.png","Hand labour tool & accessory",3,1,"stimuli/objects/gluetube.jpg",1,0,2.7513,0,0
"95",24,NA,"stimuli/m_black.jpg","stimuli/Electronic device & accessory.png","stimuli/Hand labour tool & accessory.png","stimuli/Kitchen & utensil.png","stimuli/Outdoor activity & sport item.png","Electronic device & accessory",1,0,"stimuli/objects/alarmsystem.jpg",4,0,1.0282,1,0
"96",24,NA,"stimuli/m_black.jpg","stimuli/Electronic device & accessory.png","stimuli/Outdoor activity & sport item.png","stimuli/Hand labour tool & accessory.png","stimuli/Kitchen & utensil.png","Outdoor activity & sport item",2,1,"stimuli/objects/punchingball.jpg",2,1,1.8595,1,0
"97",24,NA,"stimuli/m_orange.jpg","stimuli/Electronic device & accessory.png","stimuli/Outdoor activity & sport item.png","stimuli/Hand labour tool & accessory.png","stimuli/Kitchen & utensil.png","Hand labour tool & accessory",3,1,"stimuli/objects/tablesaw.jpg",3,1,2.6783,0,0
"98",24,NA,"stimuli/m_orange.jpg","stimuli/Outdoor activity & sport item.png","stimuli/Electronic device & accessory.png","stimuli/Hand labour tool & accessory.png","stimuli/Kitchen & utensil.png","Kitchen & utensil",4,0,"stimuli/objects/bowl02a.jpg",3,0,1.8926,0,1
"99",24,NA,"stimuli/m_orange.jpg","stimuli/Electronic device & accessory.png","stimuli/Hand labour tool & accessory.png","stimuli/Outdoor activity & sport item.png","stimuli/Kitchen & utensil.png","Outdoor activity & sport item",3,0,"stimuli/objects/boogieboard.jpg",2,0,1.2634,0,0
"100",24,NA,"stimuli/m_black.jpg","stimuli/Electronic device & accessory.png","stimuli/Hand labour tool & accessory.png","stimuli/Outdoor activity & sport item.png","stimuli/Kitchen & utensil.png","Outdoor activity & sport item",3,1,"stimuli/objects/exercisemachine.jpg",3,1,0.9221,1,1
"101",24,NA,"stimuli/m_black.jpg","stimuli/Hand labour tool & accessory.png","stimuli/Outdoor activity & sport item.png","stimuli/Electronic device & accessory.png","stimuli/Kitchen & utensil.png","Outdoor activity & sport item",2,1,"stimuli/objects/charcoalbarbecue.jpg",2,1,1.0604,1,0
"102",24,NA,"stimuli/m_orange.jpg","stimuli/Hand labour tool & accessory.png","stimuli/Outdoor activity & sport item.png","stimuli/Kitchen & utensil.png","stimuli/Electronic device & accessory.png","Hand labour tool & accessory",1,1,"stimuli/objects/pliers02b.jpg",4,0,2.546,0,0
"103",24,NA,"stimuli/m_black.jpg","stimuli/Kitchen & utensil.png","stimuli/Hand labour tool & accessory.png","stimuli/Electronic device & accessory.png","stimuli/Outdoor activity & sport item.png","Hand labour tool & accessory",2,0,"stimuli/objects/painttray.jpg",4,0,0.9919,1,0
"104",24,NA,"stimuli/m_orange.jpg","stimuli/Hand labour tool & accessory.png","stimuli/Electronic device & accessory.png","stimuli/Kitchen & utensil.png","stimuli/Outdoor activity & sport item.png","Hand labour tool & accessory",1,1,"stimuli/objects/measuringtape01.jpg",1,1,2.1093,0,1
"105",24,NA,"stimuli/m_orange.jpg","stimuli/Hand labour tool & accessory.png","stimuli/Kitchen & utensil.png","stimuli/Outdoor activity & sport item.png","stimuli/Electronic device & accessory.png","Hand labour tool & accessory",1,1,"stimuli/objects/hammer01.jpg",1,1,1.7263,0,0
"106",24,NA,"stimuli/m_orange.jpg","stimuli/Outdoor activity & sport item.png","stimuli/Hand labour tool & accessory.png","stimuli/Electronic device & accessory.png","stimuli/Kitchen & utensil.png","Outdoor activity & sport item",1,0,"stimuli/objects/bikehelmet.jpg",1,1,1.9803,0,1
"107",24,NA,"stimuli/m_orange.jpg","stimuli/Kitchen & utensil.png","stimuli/Hand labour tool & accessory.png","stimuli/Electronic device & accessory.png","stimuli/Outdoor activity & sport item.png","Electronic device & accessory",3,0,"stimuli/objects/carlighter02.jpg",4,0,1.5155,0,0
"108",24,NA,"stimuli/m_black.jpg","stimuli/Kitchen & utensil.png","stimuli/Electronic device & accessory.png","stimuli/Hand labour tool & accessory.png","stimuli/Outdoor activity & sport item.png","Outdoor activity & sport item",4,1,"stimuli/objects/basketballhoop01.jpg",4,1,1.8092,1,0
"109",24,NA,"stimuli/m_black.jpg","stimuli/Outdoor activity & sport item.png","stimuli/Hand labour tool & accessory.png","stimuli/Kitchen & utensil.png","stimuli/Electronic device & accessory.png","Kitchen & utensil",3,0,"stimuli/objects/fonduefork01.jpg",1,0,1.5966,1,0
"110",24,NA,"stimuli/m_black.jpg","stimuli/Kitchen & utensil.png","stimuli/Electronic device & accessory.png","stimuli/Outdoor activity & sport item.png","stimuli/Hand labour tool & accessory.png","Outdoor activity & sport item",3,1,"stimuli/objects/snowboard.jpg",3,1,1.1301,1,1
"111",24,NA,"stimuli/m_black.jpg","stimuli/Hand labour tool & accessory.png","stimuli/Electronic device & accessory.png","stimuli/Kitchen & utensil.png","stimuli/Outdoor activity & sport item.png","Hand labour tool & accessory",1,0,"stimuli/objects/pickaxe02.jpg",4,0,1.3509,1,0
"112",24,NA,"stimuli/m_black.jpg","stimuli/Electronic device & accessory.png","stimuli/Outdoor activity & sport item.png","stimuli/Kitchen & utensil.png","stimuli/Hand labour tool & accessory.png","Electronic device & accessory",1,0,"stimuli/objects/cellphone.jpg",2,0,1.5101,1,0
"113",24,NA,"stimuli/m_black.jpg","stimuli/Hand labour tool & accessory.png","stimuli/Outdoor activity & sport item.png","stimuli/Electronic device & accessory.png","stimuli/Kitchen & utensil.png","Outdoor activity & sport item",2,1,"stimuli/objects/bowlingball.jpg",2,1,0.9569,1,0
"114",24,NA,"stimuli/m_black.jpg","stimuli/Outdoor activity & sport item.png","stimuli/Hand labour tool & accessory.png","stimuli/Electronic device & accessory.png","stimuli/Kitchen & utensil.png","Outdoor activity & sport item",1,1,"stimuli/objects/podium.jpg",1,1,1.3282,1,1
"115",24,NA,"stimuli/m_orange.jpg","stimuli/Outdoor activity & sport item.png","stimuli/Electronic device & accessory.png","stimuli/Hand labour tool & accessory.png","stimuli/Kitchen & utensil.png","Hand labour tool & accessory",3,1,"stimuli/objects/cheeseknife01.jpg",1,0,1.4157,0,1
"116",24,NA,"stimuli/m_black.jpg","stimuli/Electronic device & accessory.png","stimuli/Kitchen & utensil.png","stimuli/Hand labour tool & accessory.png","stimuli/Outdoor activity & sport item.png","Outdoor activity & sport item",4,1,"stimuli/objects/magneticcompass.jpg",4,1,1.1564,1,0
"117",24,NA,"stimuli/m_black.jpg","stimuli/Electronic device & accessory.png","stimuli/Hand labour tool & accessory.png","stimuli/Outdoor activity & sport item.png","stimuli/Kitchen & utensil.png","Outdoor activity & sport item",3,1,"stimuli/objects/bikewheel.jpg",3,1,1.7795,1,0
"118",24,NA,"stimuli/m_black.jpg","stimuli/Kitchen & utensil.png","stimuli/Outdoor activity & sport item.png","stimuli/Hand labour tool & accessory.png","stimuli/Electronic device & accessory.png","Outdoor activity & sport item",2,1,"stimuli/objects/reflector.jpg",2,1,1.0244,1,0
"119",24,NA,"stimuli/m_black.jpg","stimuli/Hand labour tool & accessory.png","stimuli/Outdoor activity & sport item.png","stimuli/Kitchen & utensil.png","stimuli/Electronic device & accessory.png","Electronic device & accessory",4,0,"stimuli/objects/scanner.jpg",2,0,0.6261,1,0
"120",24,NA,"stimuli/m_black.jpg","stimuli/Kitchen & utensil.png","stimuli/Outdoor activity & sport item.png","stimuli/Electronic device & accessory.png","stimuli/Hand labour tool & accessory.png","Outdoor activity & sport item",2,1,"stimuli/objects/swimgoggles.jpg",2,1,0.8011,1,0
"121",24,NA,"stimuli/m_black.jpg","stimuli/Hand labour tool & accessory.png","stimuli/Kitchen & utensil.png","stimuli/Outdoor activity & sport item.png","stimuli/Electronic device & accessory.png","Outdoor activity & sport item",3,1,"stimuli/objects/tennisracket.jpg",3,1,1.7923,1,0
"122",24,NA,"stimuli/m_black.jpg","stimuli/Outdoor activity & sport item.png","stimuli/Electronic device & accessory.png","stimuli/Kitchen & utensil.png","stimuli/Hand labour tool & accessory.png","Outdoor activity & sport item",1,1,"stimuli/objects/toyhockeystick01.jpg",1,1,1.2664,1,1
"123",24,NA,"stimuli/m_orange.jpg","stimuli/Hand labour tool & accessory.png","stimuli/Electronic device & accessory.png","stimuli/Outdoor activity & sport item.png","stimuli/Kitchen & utensil.png","Kitchen & utensil",4,0,"stimuli/objects/styrofoamcup.jpg",3,0,1.5114,0,0
"124",24,NA,"stimuli/m_black.jpg","stimuli/Electronic device & accessory.png","stimuli/Kitchen & utensil.png","stimuli/Outdoor activity & sport item.png","stimuli/Hand labour tool & accessory.png","Outdoor activity & sport item",3,1,"stimuli/objects/volleyball.jpg",3,1,1.3603,1,0
"125",24,NA,"stimuli/m_black.jpg","stimuli/Electronic device & accessory.png","stimuli/Hand labour tool & accessory.png","stimuli/Outdoor activity & sport item.png","stimuli/Kitchen & utensil.png","Kitchen & utensil",4,0,"stimuli/objects/oven.jpg",3,0,1.6759,1,0
"126",24,NA,"stimuli/m_orange.jpg","stimuli/Outdoor activity & sport item.png","stimuli/Hand labour tool & accessory.png","stimuli/Kitchen & utensil.png","stimuli/Electronic device & accessory.png","Outdoor activity & sport item",1,0,"stimuli/objects/snowshoe.jpg",2,0,2.091,0,0
"127",24,NA,"stimuli/m_black.jpg","stimuli/Outdoor activity & sport item.png","stimuli/Electronic device & accessory.png","stimuli/Hand labour tool & accessory.png","stimuli/Kitchen & utensil.png","Outdoor activity & sport item",1,1,"stimuli/objects/skipole.jpg",1,1,1.1024,1,0
"128",24,NA,"stimuli/m_orange.jpg","stimuli/Electronic device & accessory.png","stimuli/Kitchen & utensil.png","stimuli/Hand labour tool & accessory.png","stimuli/Outdoor activity & sport item.png","Hand labour tool & accessory",3,1,"stimuli/objects/puttyknife.jpg",4,0,1.3483,0,0
"129",24,NA,"stimuli/m_orange.jpg","stimuli/Outdoor activity & sport item.png","stimuli/Kitchen & utensil.png","stimuli/Hand labour tool & accessory.png","stimuli/Electronic device & accessory.png","Hand labour tool & accessory",3,1,"stimuli/objects/bungeecord02.jpg",2,0,1.0352,0,0
"130",24,NA,"stimuli/m_orange.jpg","stimuli/Electronic device & accessory.png","stimuli/Kitchen & utensil.png","stimuli/Hand labour tool & accessory.png","stimuli/Outdoor activity & sport item.png","Hand labour tool & accessory",3,1,"stimuli/objects/jackhammer.jpg",1,0,0.6855,0,1
"131",24,NA,"stimuli/m_black.jpg","stimuli/Kitchen & utensil.png","stimuli/Outdoor activity & sport item.png","stimuli/Hand labour tool & accessory.png","stimuli/Electronic device & accessory.png","Outdoor activity & sport item",2,1,"stimuli/objects/kneepad01c.jpg",2,1,1.1344,1,0
"132",24,NA,"stimuli/m_black.jpg","stimuli/Hand labour tool & accessory.png","stimuli/Kitchen & utensil.png","stimuli/Outdoor activity & sport item.png","stimuli/Electronic device & accessory.png","Outdoor activity & sport item",3,1,"stimuli/objects/golfbag.jpg",3,1,1.4477,1,0
"133",24,NA,"stimuli/m_black.jpg","stimuli/Outdoor activity & sport item.png","stimuli/Electronic device & accessory.png","stimuli/Hand labour tool & accessory.png","stimuli/Kitchen & utensil.png","Outdoor activity & sport item",1,1,"stimuli/objects/birdie.jpg",1,1,0.9635,1,0
"134",24,NA,"stimuli/m_orange.jpg","stimuli/Hand labour tool & accessory.png","stimuli/Outdoor activity & sport item.png","stimuli/Kitchen & utensil.png","stimuli/Electronic device & accessory.png","Electronic device & accessory",4,0,"stimuli/objects/chandelier.jpg",3,0,2.0971,0,0
"135",24,NA,"stimuli/m_orange.jpg","stimuli/Hand labour tool & accessory.png","stimuli/Outdoor activity & sport item.png","stimuli/Electronic device & accessory.png","stimuli/Kitchen & utensil.png","Hand labour tool & accessory",1,1,"stimuli/objects/drillbit03a.jpg",4,0,1.3126,0,1
"136",24,NA,"stimuli/m_black.jpg","stimuli/Hand labour tool & accessory.png","stimuli/Electronic device & accessory.png","stimuli/Outdoor activity & sport item.png","stimuli/Kitchen & utensil.png","Hand labour tool & accessory",1,0,"stimuli/objects/solderingiron.jpg",3,0,2.2468,1,0
"137",24,NA,"stimuli/m_black.jpg","stimuli/Hand labour tool & accessory.png","stimuli/Electronic device & accessory.png","stimuli/Kitchen & utensil.png","stimuli/Outdoor activity & sport item.png","Outdoor activity & sport item",4,1,"stimuli/objects/lifesaver.jpg",4,1,1.3119,1,0
"138",24,NA,"stimuli/m_black.jpg","stimuli/Hand labour tool & accessory.png","stimuli/Kitchen & utensil.png","stimuli/Electronic device & accessory.png","stimuli/Outdoor activity & sport item.png","Outdoor activity & sport item",4,1,"stimuli/objects/propanetank01.jpg",4,1,0.9919,1,0
"139",24,NA,"stimuli/m_orange.jpg","stimuli/Hand labour tool & accessory.png","stimuli/Kitchen & utensil.png","stimuli/Outdoor activity & sport item.png","stimuli/Electronic device & accessory.png","Hand labour tool & accessory",1,1,"stimuli/objects/cuttingpliers02.jpg",1,1,1.0596,0,1
"140",24,NA,"stimuli/m_black.jpg","stimuli/Kitchen & utensil.png","stimuli/Outdoor activity & sport item.png","stimuli/Electronic device & accessory.png","stimuli/Hand labour tool & accessory.png","Outdoor activity & sport item",2,1,"stimuli/objects/skigoggles01.jpg",2,1,0.933,1,1
"141",24,NA,"stimuli/m_orange.jpg","stimuli/Hand labour tool & accessory.png","stimuli/Kitchen & utensil.png","stimuli/Electronic device & accessory.png","stimuli/Outdoor activity & sport item.png","Electronic device & accessory",3,0,"stimuli/objects/securitycamera.jpg",4,0,1.2259,0,1
"142",24,NA,"stimuli/m_orange.jpg","stimuli/Electronic device & accessory.png","stimuli/Hand labour tool & accessory.png","stimuli/Outdoor activity & sport item.png","stimuli/Kitchen & utensil.png","Hand labour tool & accessory",2,1,"stimuli/objects/pylon01.jpg",4,0,1.216,0,0
"143",24,NA,"stimuli/m_orange.jpg","stimuli/Hand labour tool & accessory.png","stimuli/Electronic device & accessory.png","stimuli/Kitchen & utensil.png","stimuli/Outdoor activity & sport item.png","Kitchen & utensil",3,0,"stimuli/objects/pot01.jpg",3,1,1.2189,0,1
"144",24,NA,"stimuli/m_black.jpg","stimuli/Electronic device & accessory.png","stimuli/Kitchen & utensil.png","stimuli/Hand labour tool & accessory.png","stimuli/Outdoor activity & sport item.png","Outdoor activity & sport item",4,1,"stimuli/objects/surfboard.jpg",4,1,1.2829,1,0
"145",24,NA,"stimuli/m_black.jpg","stimuli/Electronic device & accessory.png","stimuli/Outdoor activity & sport item.png","stimuli/Hand labour tool & accessory.png","stimuli/Kitchen & utensil.png","Outdoor activity & sport item",2,1,"stimuli/objects/cooler01.jpg",2,1,1.7091,1,0
"146",24,NA,"stimuli/m_orange.jpg","stimuli/Outdoor activity & sport item.png","stimuli/Hand labour tool & accessory.png","stimuli/Kitchen & utensil.png","stimuli/Electronic device & accessory.png","Hand labour tool & accessory",2,1,"stimuli/objects/adjustablewrench01b.jpg",3,0,0.9363,0,1
"147",24,NA,"stimuli/m_orange.jpg","stimuli/Outdoor activity & sport item.png","stimuli/Kitchen & utensil.png","stimuli/Electronic device & accessory.png","stimuli/Hand labour tool & accessory.png","Hand labour tool & accessory",4,1,"stimuli/objects/cclamp.jpg",3,0,3.1331,0,1
"148",24,NA,"stimuli/m_orange.jpg","stimuli/Electronic device & accessory.png","stimuli/Hand labour tool & accessory.png","stimuli/Kitchen & utensil.png","stimuli/Outdoor activity & sport item.png","Electronic device & accessory",1,0,"stimuli/objects/videocamera01a.jpg",1,1,1.4375,0,0
"149",24,NA,"stimuli/m_orange.jpg","stimuli/Electronic device & accessory.png","stimuli/Outdoor activity & sport item.png","stimuli/Kitchen & utensil.png","stimuli/Hand labour tool & accessory.png","Electronic device & accessory",1,0,"stimuli/objects/walkman.jpg",4,0,2.1728,0,0
"150",24,NA,"stimuli/m_orange.jpg","stimuli/Kitchen & utensil.png","stimuli/Electronic device & accessory.png","stimuli/Outdoor activity & sport item.png","stimuli/Hand labour tool & accessory.png","Hand labour tool & accessory",4,1,"stimuli/objects/wheel01.jpg",4,1,0.8267,0,1
"151",24,NA,"stimuli/m_black.jpg","stimuli/Outdoor activity & sport item.png","stimuli/Hand labour tool & accessory.png","stimuli/Electronic device & accessory.png","stimuli/Kitchen & utensil.png","Kitchen & utensil",4,0,"stimuli/objects/cleaver01.jpg",1,0,1.1177,1,1
"152",24,NA,"stimuli/m_orange.jpg","stimuli/Electronic device & accessory.png","stimuli/Hand labour tool & accessory.png","stimuli/Kitchen & utensil.png","stimuli/Outdoor activity & sport item.png","Electronic device & accessory",1,0,"stimuli/objects/spotlight.jpg",2,0,1.2191,0,0
"153",24,NA,"stimuli/m_black.jpg","stimuli/Kitchen & utensil.png","stimuli/Electronic device & accessory.png","stimuli/Hand labour tool & accessory.png","stimuli/Outdoor activity & sport item.png","Outdoor activity & sport item",4,1,"stimuli/objects/badmintonracket.jpg",4,1,1.4057,1,1
"154",24,NA,"stimuli/m_orange.jpg","stimuli/Kitchen & utensil.png","stimuli/Electronic device & accessory.png","stimuli/Outdoor activity & sport item.png","stimuli/Hand labour tool & accessory.png","Hand labour tool & accessory",4,1,"stimuli/objects/bucket02.jpg",3,0,1.8597,0,0
"155",24,NA,"stimuli/m_orange.jpg","stimuli/Kitchen & utensil.png","stimuli/Outdoor activity & sport item.png","stimuli/Hand labour tool & accessory.png","stimuli/Electronic device & accessory.png","Hand labour tool & accessory",3,1,"stimuli/objects/stepladder.jpg",1,0,1.0652,0,0
"156",24,NA,"stimuli/m_black.jpg","stimuli/Outdoor activity & sport item.png","stimuli/Kitchen & utensil.png","stimuli/Electronic device & accessory.png","stimuli/Hand labour tool & accessory.png","Kitchen & utensil",2,0,"stimuli/objects/kitchenscale01a.jpg",1,0,0.968,1,0
"157",24,NA,"stimuli/m_orange.jpg","stimuli/Hand labour tool & accessory.png","stimuli/Outdoor activity & sport item.png","stimuli/Electronic device & accessory.png","stimuli/Kitchen & utensil.png","Hand labour tool & accessory",1,1,"stimuli/objects/metalscissors.jpg",4,0,1.312,0,1
"158",24,NA,"stimuli/m_black.jpg","stimuli/Hand labour tool & accessory.png","stimuli/Kitchen & utensil.png","stimuli/Electronic device & accessory.png","stimuli/Outdoor activity & sport item.png","Electronic device & accessory",3,0,"stimuli/objects/coffeemachine.jpg",4,0,1.1405,1,0
"159",24,NA,"stimuli/m_orange.jpg","stimuli/Electronic device & accessory.png","stimuli/Hand labour tool & accessory.png","stimuli/Outdoor activity & sport item.png","stimuli/Kitchen & utensil.png","Hand labour tool & accessory",2,1,"stimuli/objects/mitresaw.jpg",4,0,2.3217,0,0
"160",24,NA,"stimuli/m_orange.jpg","stimuli/Hand labour tool & accessory.png","stimuli/Electronic device & accessory.png","stimuli/Outdoor activity & sport item.png","stimuli/Kitchen & utensil.png","Kitchen & utensil",4,0,"stimuli/objects/grater01a.jpg",4,1,1.0943,0,0
"161",24,NA,"stimuli/m_orange.jpg","stimuli/Kitchen & utensil.png","stimuli/Electronic device & accessory.png","stimuli/Hand labour tool & accessory.png","stimuli/Outdoor activity & sport item.png","Hand labour tool & accessory",3,1,"stimuli/objects/leafblower01.jpg",4,0,0.4184,0,0
"162",24,NA,"stimuli/m_black.jpg","stimuli/Hand labour tool & accessory.png","stimuli/Kitchen & utensil.png","stimuli/Outdoor activity & sport item.png","stimuli/Electronic device & accessory.png","Outdoor activity & sport item",3,1,"stimuli/objects/footballhelmet.jpg",3,1,1.319,1,0
"163",24,NA,"stimuli/m_black.jpg","stimuli/Hand labour tool & accessory.png","stimuli/Outdoor activity & sport item.png","stimuli/Electronic device & accessory.png","stimuli/Kitchen & utensil.png","Outdoor activity & sport item",2,1,"stimuli/objects/baseball01a.jpg",2,1,2.1343,1,1
"164",24,NA,"stimuli/m_black.jpg","stimuli/Kitchen & utensil.png","stimuli/Electronic device & accessory.png","stimuli/Outdoor activity & sport item.png","stimuli/Hand labour tool & accessory.png","Outdoor activity & sport item",3,1,"stimuli/objects/bicycle.jpg",3,1,1.2338,1,0
"165",24,NA,"stimuli/m_black.jpg","stimuli/Hand labour tool & accessory.png","stimuli/Electronic device & accessory.png","stimuli/Outdoor activity & sport item.png","stimuli/Kitchen & utensil.png","Hand labour tool & accessory",1,0,"stimuli/objects/mallet01b.jpg",3,0,1.9353,1,1
"166",24,NA,"stimuli/m_black.jpg","stimuli/Kitchen & utensil.png","stimuli/Electronic device & accessory.png","stimuli/Hand labour tool & accessory.png","stimuli/Outdoor activity & sport item.png","Outdoor activity & sport item",4,1,"stimuli/objects/exercisebike.jpg",4,1,1.0224,1,0
"167",24,NA,"stimuli/m_black.jpg","stimuli/Outdoor activity & sport item.png","stimuli/Electronic device & accessory.png","stimuli/Kitchen & utensil.png","stimuli/Hand labour tool & accessory.png","Outdoor activity & sport item",1,1,"stimuli/objects/backpack01a.jpg",1,1,1.2511,1,0
"168",24,NA,"stimuli/m_orange.jpg","stimuli/Kitchen & utensil.png","stimuli/Hand labour tool & accessory.png","stimuli/Outdoor activity & sport item.png","stimuli/Electronic device & accessory.png","Hand labour tool & accessory",2,1,"stimuli/objects/nailgun.jpg",2,1,1.151,0,1
"169",24,NA,"stimuli/m_orange.jpg","stimuli/Kitchen & utensil.png","stimuli/Outdoor activity & sport item.png","stimuli/Electronic device & accessory.png","stimuli/Hand labour tool & accessory.png","Kitchen & utensil",1,0,"stimuli/objects/icebucket.jpg",4,0,1.0652,0,1
"170",24,NA,"stimuli/m_orange.jpg","stimuli/Outdoor activity & sport item.png","stimuli/Kitchen & utensil.png","stimuli/Electronic device & accessory.png","stimuli/Hand labour tool & accessory.png","Outdoor activity & sport item",1,0,"stimuli/objects/handgripper.jpg",2,0,0.5859,0,0
"171",24,NA,"stimuli/m_orange.jpg","stimuli/Outdoor activity & sport item.png","stimuli/Electronic device & accessory.png","stimuli/Hand labour tool & accessory.png","stimuli/Kitchen & utensil.png","Hand labour tool & accessory",3,1,"stimuli/objects/gastank.jpg",4,0,1.028,0,0
"172",24,NA,"stimuli/m_orange.jpg","stimuli/Kitchen & utensil.png","stimuli/Hand labour tool & accessory.png","stimuli/Electronic device & accessory.png","stimuli/Outdoor activity & sport item.png","Kitchen & utensil",1,0,"stimuli/objects/teapot.jpg",2,0,1.1345,0,1
"173",24,NA,"stimuli/m_orange.jpg","stimuli/Hand labour tool & accessory.png","stimuli/Kitchen & utensil.png","stimuli/Electronic device & accessory.png","stimuli/Outdoor activity & sport item.png","Hand labour tool & accessory",1,1,"stimuli/objects/hoe.jpg",3,0,1.145,0,0
"174",24,NA,"stimuli/m_orange.jpg","stimuli/Outdoor activity & sport item.png","stimuli/Hand labour tool & accessory.png","stimuli/Electronic device & accessory.png","stimuli/Kitchen & utensil.png","Hand labour tool & accessory",2,1,"stimuli/objects/squeegee01b.jpg",2,1,0.4673,0,0
