﻿images,key,illustration_loop.thisRepN,illustration_loop.thisTrialN,illustration_loop.thisN,illustration_loop.thisIndex,image.started,image.stopped,text.started,text.stopped,participant,Expra Code,date,expName,psychopyVersion,frameRate,
slide 1.jpg,'space’,0,0,0,0,6.92553842702182,None,,,1,,2021_Nov_25_1248,MemLear_ses-01_part-02_label-nBack,2020.1.3,60.95827047111667,
slide 2.jpg,'l’,0,1,1,1,8.061686640023254,None,,,1,,2021_Nov_25_1248,MemLear_ses-01_part-02_label-nBack,2020.1.3,60.95827047111667,
slide 3.jpg,'l’,0,2,2,2,9.66992996900808,None,,,1,,2021_Nov_25_1248,MemLear_ses-01_part-02_label-nBack,2020.1.3,60.95827047111667,
slide 4.jpg,'l’,0,3,3,3,10.063785487000132,None,,,1,,2021_Nov_25_1248,MemLear_ses-01_part-02_label-nBack,2020.1.3,60.95827047111667,
slide 5.jpg,'d’,0,4,4,4,10.240621272008866,None,,,1,,2021_Nov_25_1248,MemLear_ses-01_part-02_label-nBack,2020.1.3,60.95827047111667,
slide 6.jpg,'l’,0,5,5,5,10.475030477013206,None,,,1,,2021_Nov_25_1248,MemLear_ses-01_part-02_label-nBack,2020.1.3,60.95827047111667,
slide 7.jpg,'space’,0,6,6,6,10.655897213000571,None,,,1,,2021_Nov_25_1248,MemLear_ses-01_part-02_label-nBack,2020.1.3,60.95827047111667,
,,,,,,,,10.880770454008598,None,,,,,,,
