illustration_loop.thisRepN,illustration_loop.thisTrialN,illustration_loop.thisN,illustration_loop.thisIndex,illustration_loop.ran,images,key,participant,Expra Code,date,expName,psychopyVersion,OS,frameRate
0,0,0,0,1,slide 1.jpg,'space’,24,,2021-12-21_12h01.41.462,MemLear_ses-01_part-02_label-nBack,2020.1.3,Win32,60
0,1,1,1,1,slide 2.jpg,'l’,24,,2021-12-21_12h01.41.462,MemLear_ses-01_part-02_label-nBack,2020.1.3,Win32,60
0,2,2,2,1,slide 3.jpg,'l’,24,,2021-12-21_12h01.41.462,MemLear_ses-01_part-02_label-nBack,2020.1.3,Win32,60
0,3,3,3,1,slide 4.jpg,'l’,24,,2021-12-21_12h01.41.462,MemLear_ses-01_part-02_label-nBack,2020.1.3,Win32,60
0,4,4,4,1,slide 5.jpg,'d’,24,,2021-12-21_12h01.41.462,MemLear_ses-01_part-02_label-nBack,2020.1.3,Win32,60
0,5,5,5,1,slide 6.jpg,'l’,24,,2021-12-21_12h01.41.462,MemLear_ses-01_part-02_label-nBack,2020.1.3,Win32,60
