"","participant","Expra.Code","character","left_categ","centleft_categ","centright_categ","right_categ","corr_ans","corr_ans_num","type","img","task_response.keys","task_response.corr","task_response.rt","condition","recogAcc","trialN"
"15",7,NA,"stimuli/m_orange.jpg","stimuli/Kitchen & utensil.png","stimuli/Outdoor activity & sport item.png","stimuli/Hand labour tool & accessory.png","stimuli/Electronic device & accessory.png","Electronic device & accessory",4,1,"stimuli/objects/spotlight.jpg",4,1,1.1219,1,0,1
"16",7,NA,"stimuli/m_black.jpg","stimuli/Kitchen & utensil.png","stimuli/Outdoor activity & sport item.png","stimuli/Electronic device & accessory.png","stimuli/Hand labour tool & accessory.png","Kitchen & utensil",1,1,"stimuli/objects/peppermill02b.jpg",1,1,0.7782,0,1,2
"17",7,NA,"stimuli/m_black.jpg","stimuli/Hand labour tool & accessory.png","stimuli/Electronic device & accessory.png","stimuli/Outdoor activity & sport item.png","stimuli/Kitchen & utensil.png","Kitchen & utensil",4,1,"stimuli/objects/canister.jpg",4,1,1.1631,0,0,3
"18",7,NA,"stimuli/m_orange.jpg","stimuli/Electronic device & accessory.png","stimuli/Outdoor activity & sport item.png","stimuli/Kitchen & utensil.png","stimuli/Hand labour tool & accessory.png","Kitchen & utensil",3,0,"stimuli/objects/fryingpan02a.jpg",1,0,0.9597,1,0,4
"19",7,NA,"stimuli/m_black.jpg","stimuli/Kitchen & utensil.png","stimuli/Electronic device & accessory.png","stimuli/Hand labour tool & accessory.png","stimuli/Outdoor activity & sport item.png","Kitchen & utensil",1,1,"stimuli/objects/muffintray01.jpg",1,1,2.1009,0,0,5
"20",7,NA,"stimuli/m_orange.jpg","stimuli/Hand labour tool & accessory.png","stimuli/Outdoor activity & sport item.png","stimuli/Kitchen & utensil.png","stimuli/Electronic device & accessory.png","Kitchen & utensil",3,0,"stimuli/objects/bowl02a.jpg",4,0,1.0939,1,0,6
"21",7,NA,"stimuli/m_black.jpg","stimuli/Kitchen & utensil.png","stimuli/Electronic device & accessory.png","stimuli/Outdoor activity & sport item.png","stimuli/Hand labour tool & accessory.png","Kitchen & utensil",1,1,"stimuli/objects/cowbell.jpg",1,1,1.0776,0,0,7
"22",7,NA,"stimuli/m_orange.jpg","stimuli/Hand labour tool & accessory.png","stimuli/Kitchen & utensil.png","stimuli/Outdoor activity & sport item.png","stimuli/Electronic device & accessory.png","Electronic device & accessory",4,1,"stimuli/objects/usbkey.jpg",4,1,1.4948,1,0,8
"23",7,NA,"stimuli/m_black.jpg","stimuli/Outdoor activity & sport item.png","stimuli/Kitchen & utensil.png","stimuli/Hand labour tool & accessory.png","stimuli/Electronic device & accessory.png","Outdoor activity & sport item",1,0,"stimuli/objects/toyhockeystick01.jpg",2,0,1.2742,0,0,9
"24",7,NA,"stimuli/m_orange.jpg","stimuli/Hand labour tool & accessory.png","stimuli/Electronic device & accessory.png","stimuli/Outdoor activity & sport item.png","stimuli/Kitchen & utensil.png","Hand labour tool & accessory",1,0,"stimuli/objects/tablesaw.jpg",4,0,2.1279,1,0,10
"25",7,NA,"stimuli/m_black.jpg","stimuli/Kitchen & utensil.png","stimuli/Hand labour tool & accessory.png","stimuli/Outdoor activity & sport item.png","stimuli/Electronic device & accessory.png","Kitchen & utensil",1,1,"stimuli/objects/kitchenscale01a.jpg",1,1,2.2931,0,0,11
"26",7,NA,"stimuli/m_orange.jpg","stimuli/Outdoor activity & sport item.png","stimuli/Kitchen & utensil.png","stimuli/Hand labour tool & accessory.png","stimuli/Electronic device & accessory.png","Electronic device & accessory",4,1,"stimuli/objects/securitycamera.jpg",2,0,2.1299,1,0,12
"27",7,NA,"stimuli/m_orange.jpg","stimuli/Kitchen & utensil.png","stimuli/Electronic device & accessory.png","stimuli/Outdoor activity & sport item.png","stimuli/Hand labour tool & accessory.png","Electronic device & accessory",2,1,"stimuli/objects/photocopier.jpg",2,1,1.0775,1,1,13
"28",7,NA,"stimuli/m_orange.jpg","stimuli/Outdoor activity & sport item.png","stimuli/Hand labour tool & accessory.png","stimuli/Kitchen & utensil.png","stimuli/Electronic device & accessory.png","Electronic device & accessory",4,1,"stimuli/objects/phonejack.jpg",4,1,0.9994,1,0,14
"29",7,NA,"stimuli/m_orange.jpg","stimuli/Hand labour tool & accessory.png","stimuli/Electronic device & accessory.png","stimuli/Kitchen & utensil.png","stimuli/Outdoor activity & sport item.png","Hand labour tool & accessory",1,0,"stimuli/objects/swissarmyknife01a.jpg",2,0,1.1814,1,1,15
"30",7,NA,"stimuli/m_orange.jpg","stimuli/Outdoor activity & sport item.png","stimuli/Kitchen & utensil.png","stimuli/Hand labour tool & accessory.png","stimuli/Electronic device & accessory.png","Electronic device & accessory",4,1,"stimuli/objects/lamp04a.jpg",4,1,1.5278,1,0,16
"31",7,NA,"stimuli/m_black.jpg","stimuli/Hand labour tool & accessory.png","stimuli/Kitchen & utensil.png","stimuli/Outdoor activity & sport item.png","stimuli/Electronic device & accessory.png","Kitchen & utensil",2,1,"stimuli/objects/pastaspoon.jpg",2,1,1.4962,0,0,17
"32",7,NA,"stimuli/m_black.jpg","stimuli/Electronic device & accessory.png","stimuli/Outdoor activity & sport item.png","stimuli/Hand labour tool & accessory.png","stimuli/Kitchen & utensil.png","Kitchen & utensil",4,1,"stimuli/objects/fonduefork01.jpg",4,1,1.2745,0,1,18
"33",7,NA,"stimuli/m_black.jpg","stimuli/Outdoor activity & sport item.png","stimuli/Kitchen & utensil.png","stimuli/Hand labour tool & accessory.png","stimuli/Electronic device & accessory.png","Kitchen & utensil",2,1,"stimuli/objects/dishrack.jpg",2,1,1.0015,0,0,19
"34",7,NA,"stimuli/m_orange.jpg","stimuli/Kitchen & utensil.png","stimuli/Electronic device & accessory.png","stimuli/Outdoor activity & sport item.png","stimuli/Hand labour tool & accessory.png","Electronic device & accessory",2,1,"stimuli/objects/expansioncard.jpg",2,1,1.3593,1,1,20
"35",7,NA,"stimuli/m_black.jpg","stimuli/Electronic device & accessory.png","stimuli/Hand labour tool & accessory.png","stimuli/Outdoor activity & sport item.png","stimuli/Kitchen & utensil.png","Kitchen & utensil",4,1,"stimuli/objects/tupperware03a.jpg",4,1,1.0577,0,0,21
"36",7,NA,"stimuli/m_orange.jpg","stimuli/Electronic device & accessory.png","stimuli/Hand labour tool & accessory.png","stimuli/Outdoor activity & sport item.png","stimuli/Kitchen & utensil.png","Outdoor activity & sport item",3,0,"stimuli/objects/surfboard.jpg",1,0,0.6904,1,0,22
"37",7,NA,"stimuli/m_orange.jpg","stimuli/Kitchen & utensil.png","stimuli/Hand labour tool & accessory.png","stimuli/Outdoor activity & sport item.png","stimuli/Electronic device & accessory.png","Electronic device & accessory",4,1,"stimuli/objects/electricoutlet.jpg",4,1,1.1576,1,0,23
"38",7,NA,"stimuli/m_black.jpg","stimuli/Electronic device & accessory.png","stimuli/Hand labour tool & accessory.png","stimuli/Kitchen & utensil.png","stimuli/Outdoor activity & sport item.png","Kitchen & utensil",3,1,"stimuli/objects/beermug01a.jpg",3,1,1.6803,0,0,24
"39",7,NA,"stimuli/m_orange.jpg","stimuli/Kitchen & utensil.png","stimuli/Hand labour tool & accessory.png","stimuli/Outdoor activity & sport item.png","stimuli/Electronic device & accessory.png","Electronic device & accessory",4,1,"stimuli/objects/scanner.jpg",4,1,1.045,1,0,25
"40",7,NA,"stimuli/m_black.jpg","stimuli/Electronic device & accessory.png","stimuli/Hand labour tool & accessory.png","stimuli/Kitchen & utensil.png","stimuli/Outdoor activity & sport item.png","Electronic device & accessory",1,0,"stimuli/objects/filmnegative.jpg",3,0,0.9628,0,0,26
"41",7,NA,"stimuli/m_black.jpg","stimuli/Hand labour tool & accessory.png","stimuli/Electronic device & accessory.png","stimuli/Kitchen & utensil.png","stimuli/Outdoor activity & sport item.png","Kitchen & utensil",3,1,"stimuli/objects/cleaver01.jpg",3,1,1.1446,0,0,27
"42",7,NA,"stimuli/m_orange.jpg","stimuli/Electronic device & accessory.png","stimuli/Kitchen & utensil.png","stimuli/Hand labour tool & accessory.png","stimuli/Outdoor activity & sport item.png","Electronic device & accessory",1,1,"stimuli/objects/jack.jpg",1,1,0.5815,1,0,28
"43",7,NA,"stimuli/m_orange.jpg","stimuli/Kitchen & utensil.png","stimuli/Electronic device & accessory.png","stimuli/Hand labour tool & accessory.png","stimuli/Outdoor activity & sport item.png","Electronic device & accessory",2,1,"stimuli/objects/fanheater.jpg",2,1,0.7604,1,0,29
"44",7,NA,"stimuli/m_black.jpg","stimuli/Outdoor activity & sport item.png","stimuli/Hand labour tool & accessory.png","stimuli/Electronic device & accessory.png","stimuli/Kitchen & utensil.png","Outdoor activity & sport item",1,0,"stimuli/objects/umbrella04.jpg",4,0,0.9629,0,1,30
"45",7,NA,"stimuli/m_black.jpg","stimuli/Kitchen & utensil.png","stimuli/Outdoor activity & sport item.png","stimuli/Electronic device & accessory.png","stimuli/Hand labour tool & accessory.png","Kitchen & utensil",1,1,"stimuli/objects/spicerack.jpg",1,1,0.559,0,0,31
"46",7,NA,"stimuli/m_orange.jpg","stimuli/Kitchen & utensil.png","stimuli/Electronic device & accessory.png","stimuli/Hand labour tool & accessory.png","stimuli/Outdoor activity & sport item.png","Electronic device & accessory",2,1,"stimuli/objects/crocodileclips.jpg",2,1,0.8618,1,1,32
"47",7,NA,"stimuli/m_orange.jpg","stimuli/Electronic device & accessory.png","stimuli/Hand labour tool & accessory.png","stimuli/Kitchen & utensil.png","stimuli/Outdoor activity & sport item.png","Kitchen & utensil",3,0,"stimuli/objects/minifridge.jpg",1,0,0.5274,1,0,33
"48",7,NA,"stimuli/m_orange.jpg","stimuli/Outdoor activity & sport item.png","stimuli/Electronic device & accessory.png","stimuli/Kitchen & utensil.png","stimuli/Hand labour tool & accessory.png","Electronic device & accessory",2,1,"stimuli/objects/heatpump.jpg",2,1,0.9904,1,0,34
"49",7,NA,"stimuli/m_black.jpg","stimuli/Hand labour tool & accessory.png","stimuli/Kitchen & utensil.png","stimuli/Outdoor activity & sport item.png","stimuli/Electronic device & accessory.png","Kitchen & utensil",2,1,"stimuli/objects/funnel.jpg",2,1,0.7357,0,1,35
"50",7,NA,"stimuli/m_orange.jpg","stimuli/Outdoor activity & sport item.png","stimuli/Kitchen & utensil.png","stimuli/Electronic device & accessory.png","stimuli/Hand labour tool & accessory.png","Electronic device & accessory",3,1,"stimuli/objects/lightswitch01.jpg",3,1,0.8773,1,1,36
"51",7,NA,"stimuli/m_orange.jpg","stimuli/Outdoor activity & sport item.png","stimuli/Kitchen & utensil.png","stimuli/Hand labour tool & accessory.png","stimuli/Electronic device & accessory.png","Outdoor activity & sport item",1,0,"stimuli/objects/snowshoe.jpg",4,0,0.8064,1,0,37
"52",7,NA,"stimuli/m_black.jpg","stimuli/Outdoor activity & sport item.png","stimuli/Kitchen & utensil.png","stimuli/Electronic device & accessory.png","stimuli/Hand labour tool & accessory.png","Kitchen & utensil",2,1,"stimuli/objects/shotglass.jpg",2,1,0.9482,0,0,38
"53",7,NA,"stimuli/m_orange.jpg","stimuli/Electronic device & accessory.png","stimuli/Hand labour tool & accessory.png","stimuli/Kitchen & utensil.png","stimuli/Outdoor activity & sport item.png","Kitchen & utensil",3,0,"stimuli/objects/cookingpot.jpg",1,0,0.5271,1,1,39
"54",7,NA,"stimuli/m_black.jpg","stimuli/Hand labour tool & accessory.png","stimuli/Outdoor activity & sport item.png","stimuli/Kitchen & utensil.png","stimuli/Electronic device & accessory.png","Kitchen & utensil",3,1,"stimuli/objects/pitcher02b.jpg",3,1,1.0752,0,0,40
"55",7,NA,"stimuli/m_black.jpg","stimuli/Electronic device & accessory.png","stimuli/Outdoor activity & sport item.png","stimuli/Kitchen & utensil.png","stimuli/Hand labour tool & accessory.png","Electronic device & accessory",1,0,"stimuli/objects/wiicontroller.jpg",3,0,0.8636,0,0,41
"56",7,NA,"stimuli/m_black.jpg","stimuli/Hand labour tool & accessory.png","stimuli/Electronic device & accessory.png","stimuli/Outdoor activity & sport item.png","stimuli/Kitchen & utensil.png","Hand labour tool & accessory",1,0,"stimuli/objects/knifesharpener.jpg",4,0,1.2626,0,1,42
"57",7,NA,"stimuli/m_black.jpg","stimuli/Electronic device & accessory.png","stimuli/Outdoor activity & sport item.png","stimuli/Kitchen & utensil.png","stimuli/Hand labour tool & accessory.png","Kitchen & utensil",3,1,"stimuli/objects/peeler01.jpg",3,1,0.915,0,1,43
"58",7,NA,"stimuli/m_black.jpg","stimuli/Electronic device & accessory.png","stimuli/Kitchen & utensil.png","stimuli/Hand labour tool & accessory.png","stimuli/Outdoor activity & sport item.png","Kitchen & utensil",2,1,"stimuli/objects/pot01.jpg",2,1,0.7151,0,1,44
"59",7,NA,"stimuli/m_black.jpg","stimuli/Electronic device & accessory.png","stimuli/Kitchen & utensil.png","stimuli/Outdoor activity & sport item.png","stimuli/Hand labour tool & accessory.png","Kitchen & utensil",2,1,"stimuli/objects/coffeemaker.jpg",2,1,0.7949,0,0,45
"60",7,NA,"stimuli/m_black.jpg","stimuli/Kitchen & utensil.png","stimuli/Electronic device & accessory.png","stimuli/Outdoor activity & sport item.png","stimuli/Hand labour tool & accessory.png","Kitchen & utensil",1,1,"stimuli/objects/spatula04.jpg",1,1,0.5447,0,0,46
"61",7,NA,"stimuli/m_orange.jpg","stimuli/Outdoor activity & sport item.png","stimuli/Electronic device & accessory.png","stimuli/Kitchen & utensil.png","stimuli/Hand labour tool & accessory.png","Electronic device & accessory",2,1,"stimuli/objects/lightbulb01.jpg",2,1,0.9524,1,1,47
"62",7,NA,"stimuli/m_black.jpg","stimuli/Electronic device & accessory.png","stimuli/Kitchen & utensil.png","stimuli/Hand labour tool & accessory.png","stimuli/Outdoor activity & sport item.png","Kitchen & utensil",2,1,"stimuli/objects/cakeplatter.jpg",2,1,0.7253,0,0,48
"63",7,NA,"stimuli/m_orange.jpg","stimuli/Kitchen & utensil.png","stimuli/Electronic device & accessory.png","stimuli/Hand labour tool & accessory.png","stimuli/Outdoor activity & sport item.png","Electronic device & accessory",2,1,"stimuli/objects/alarmsystem.jpg",2,1,0.9102,1,0,49
"64",7,NA,"stimuli/m_orange.jpg","stimuli/Outdoor activity & sport item.png","stimuli/Electronic device & accessory.png","stimuli/Hand labour tool & accessory.png","stimuli/Kitchen & utensil.png","Hand labour tool & accessory",3,0,"stimuli/objects/boltcutter.jpg",2,0,0.7013,1,0,50
"65",7,NA,"stimuli/m_black.jpg","stimuli/Electronic device & accessory.png","stimuli/Hand labour tool & accessory.png","stimuli/Kitchen & utensil.png","stimuli/Outdoor activity & sport item.png","Electronic device & accessory",1,0,"stimuli/objects/audiocablesplitter.jpg",3,0,0.9592,0,1,51
"66",7,NA,"stimuli/m_orange.jpg","stimuli/Kitchen & utensil.png","stimuli/Outdoor activity & sport item.png","stimuli/Electronic device & accessory.png","stimuli/Hand labour tool & accessory.png","Electronic device & accessory",3,1,"stimuli/objects/ipod.jpg",3,1,1.5299,1,0,52
"67",7,NA,"stimuli/m_orange.jpg","stimuli/Outdoor activity & sport item.png","stimuli/Electronic device & accessory.png","stimuli/Hand labour tool & accessory.png","stimuli/Kitchen & utensil.png","Electronic device & accessory",2,1,"stimuli/objects/radio01.jpg",2,1,0.6643,1,0,53
"68",7,NA,"stimuli/m_orange.jpg","stimuli/Electronic device & accessory.png","stimuli/Outdoor activity & sport item.png","stimuli/Hand labour tool & accessory.png","stimuli/Kitchen & utensil.png","Electronic device & accessory",1,1,"stimuli/objects/telephone01b.jpg",1,1,0.6612,1,0,54
"69",7,NA,"stimuli/m_black.jpg","stimuli/Kitchen & utensil.png","stimuli/Outdoor activity & sport item.png","stimuli/Hand labour tool & accessory.png","stimuli/Electronic device & accessory.png","Kitchen & utensil",1,1,"stimuli/objects/knife03.jpg",1,1,0.5091,0,1,55
"70",7,NA,"stimuli/m_black.jpg","stimuli/Kitchen & utensil.png","stimuli/Electronic device & accessory.png","stimuli/Hand labour tool & accessory.png","stimuli/Outdoor activity & sport item.png","Kitchen & utensil",1,1,"stimuli/objects/spatula03.jpg",1,1,0.4761,0,0,56
"71",7,NA,"stimuli/m_orange.jpg","stimuli/Kitchen & utensil.png","stimuli/Hand labour tool & accessory.png","stimuli/Outdoor activity & sport item.png","stimuli/Electronic device & accessory.png","Electronic device & accessory",4,1,"stimuli/objects/nintendods.jpg",4,1,1.3302,1,1,57
"72",7,NA,"stimuli/m_black.jpg","stimuli/Hand labour tool & accessory.png","stimuli/Kitchen & utensil.png","stimuli/Electronic device & accessory.png","stimuli/Outdoor activity & sport item.png","Electronic device & accessory",3,0,"stimuli/objects/avcable.jpg",2,0,0.7405,0,0,58
"73",7,NA,"stimuli/m_black.jpg","stimuli/Electronic device & accessory.png","stimuli/Hand labour tool & accessory.png","stimuli/Outdoor activity & sport item.png","stimuli/Kitchen & utensil.png","Kitchen & utensil",4,1,"stimuli/objects/chocolatefonduedish.jpg",4,1,1.0615,0,0,59
"74",7,NA,"stimuli/m_orange.jpg","stimuli/Electronic device & accessory.png","stimuli/Kitchen & utensil.png","stimuli/Outdoor activity & sport item.png","stimuli/Hand labour tool & accessory.png","Electronic device & accessory",1,1,"stimuli/objects/walkietalkie.jpg",1,1,1.447,1,0,60
"75",7,NA,"stimuli/m_orange.jpg","stimuli/Outdoor activity & sport item.png","stimuli/Hand labour tool & accessory.png","stimuli/Electronic device & accessory.png","stimuli/Kitchen & utensil.png","Electronic device & accessory",3,1,"stimuli/objects/djmixer02.jpg",3,1,1.1935,1,0,61
"76",7,NA,"stimuli/m_black.jpg","stimuli/Kitchen & utensil.png","stimuli/Hand labour tool & accessory.png","stimuli/Outdoor activity & sport item.png","stimuli/Electronic device & accessory.png","Kitchen & utensil",1,1,"stimuli/objects/grill.jpg",1,1,0.7897,0,0,62
"77",7,NA,"stimuli/m_orange.jpg","stimuli/Electronic device & accessory.png","stimuli/Hand labour tool & accessory.png","stimuli/Kitchen & utensil.png","stimuli/Outdoor activity & sport item.png","Electronic device & accessory",1,1,"stimuli/objects/battery02b.jpg",1,1,1.4488,1,0,63
"78",7,NA,"stimuli/m_orange.jpg","stimuli/Electronic device & accessory.png","stimuli/Hand labour tool & accessory.png","stimuli/Outdoor activity & sport item.png","stimuli/Kitchen & utensil.png","Electronic device & accessory",1,1,"stimuli/objects/taperecorder.jpg",1,1,0.5236,1,0,64
"79",7,NA,"stimuli/m_orange.jpg","stimuli/Hand labour tool & accessory.png","stimuli/Outdoor activity & sport item.png","stimuli/Kitchen & utensil.png","stimuli/Electronic device & accessory.png","Electronic device & accessory",4,1,"stimuli/objects/carantenna.jpg",4,1,0.9318,1,0,65
"80",7,NA,"stimuli/m_orange.jpg","stimuli/Hand labour tool & accessory.png","stimuli/Outdoor activity & sport item.png","stimuli/Electronic device & accessory.png","stimuli/Kitchen & utensil.png","Electronic device & accessory",3,1,"stimuli/objects/lectern01.jpg",3,1,0.93,1,0,66
"81",7,NA,"stimuli/m_black.jpg","stimuli/Kitchen & utensil.png","stimuli/Electronic device & accessory.png","stimuli/Outdoor activity & sport item.png","stimuli/Hand labour tool & accessory.png","Kitchen & utensil",1,1,"stimuli/objects/ramekin01.jpg",1,1,0.5119,0,1,67
"82",7,NA,"stimuli/m_orange.jpg","stimuli/Hand labour tool & accessory.png","stimuli/Kitchen & utensil.png","stimuli/Outdoor activity & sport item.png","stimuli/Electronic device & accessory.png","Electronic device & accessory",4,1,"stimuli/objects/videocamera01a.jpg",4,1,1.6119,1,0,68
"83",7,NA,"stimuli/m_orange.jpg","stimuli/Outdoor activity & sport item.png","stimuli/Hand labour tool & accessory.png","stimuli/Kitchen & utensil.png","stimuli/Electronic device & accessory.png","Outdoor activity & sport item",1,0,"stimuli/objects/kneepad01c.jpg",4,0,1.0298,1,0,69
"84",7,NA,"stimuli/m_black.jpg","stimuli/Hand labour tool & accessory.png","stimuli/Kitchen & utensil.png","stimuli/Electronic device & accessory.png","stimuli/Outdoor activity & sport item.png","Kitchen & utensil",2,1,"stimuli/objects/coffeepot03a.jpg",2,1,1.6492,0,1,70
"85",7,NA,"stimuli/m_black.jpg","stimuli/Hand labour tool & accessory.png","stimuli/Outdoor activity & sport item.png","stimuli/Electronic device & accessory.png","stimuli/Kitchen & utensil.png","Kitchen & utensil",4,1,"stimuli/objects/cuttingboard.jpg",4,1,0.9443,0,0,71
"86",7,NA,"stimuli/m_orange.jpg","stimuli/Hand labour tool & accessory.png","stimuli/Electronic device & accessory.png","stimuli/Kitchen & utensil.png","stimuli/Outdoor activity & sport item.png","Outdoor activity & sport item",4,0,"stimuli/objects/podium.jpg",2,0,0.7941,1,0,72
"87",7,NA,"stimuli/m_black.jpg","stimuli/Outdoor activity & sport item.png","stimuli/Hand labour tool & accessory.png","stimuli/Electronic device & accessory.png","stimuli/Kitchen & utensil.png","Kitchen & utensil",4,1,"stimuli/objects/saltshaker03a.jpg",4,1,1.1485,0,0,73
"88",7,NA,"stimuli/m_black.jpg","stimuli/Hand labour tool & accessory.png","stimuli/Outdoor activity & sport item.png","stimuli/Kitchen & utensil.png","stimuli/Electronic device & accessory.png","Electronic device & accessory",4,0,"stimuli/objects/faxmachine.jpg",3,0,1.0102,0,0,74
"89",7,NA,"stimuli/m_orange.jpg","stimuli/Hand labour tool & accessory.png","stimuli/Outdoor activity & sport item.png","stimuli/Electronic device & accessory.png","stimuli/Kitchen & utensil.png","Electronic device & accessory",3,1,"stimuli/objects/cashregister01.jpg",3,1,0.8924,1,0,75
"90",7,NA,"stimuli/m_orange.jpg","stimuli/Electronic device & accessory.png","stimuli/Kitchen & utensil.png","stimuli/Hand labour tool & accessory.png","stimuli/Outdoor activity & sport item.png","Electronic device & accessory",1,1,"stimuli/objects/coffeemachine.jpg",1,1,0.7093,1,0,76
"91",7,NA,"stimuli/m_black.jpg","stimuli/Hand labour tool & accessory.png","stimuli/Kitchen & utensil.png","stimuli/Outdoor activity & sport item.png","stimuli/Electronic device & accessory.png","Kitchen & utensil",2,1,"stimuli/objects/fork03c.jpg",2,1,0.8109,0,0,77
"92",7,NA,"stimuli/m_orange.jpg","stimuli/Hand labour tool & accessory.png","stimuli/Electronic device & accessory.png","stimuli/Outdoor activity & sport item.png","stimuli/Kitchen & utensil.png","Electronic device & accessory",2,1,"stimuli/objects/chandelier.jpg",2,1,0.6938,1,0,78
"93",7,NA,"stimuli/m_black.jpg","stimuli/Kitchen & utensil.png","stimuli/Outdoor activity & sport item.png","stimuli/Hand labour tool & accessory.png","stimuli/Electronic device & accessory.png","Kitchen & utensil",1,1,"stimuli/objects/bottlecap.jpg",1,1,2.0532,0,0,79
"94",7,NA,"stimuli/m_orange.jpg","stimuli/Outdoor activity & sport item.png","stimuli/Electronic device & accessory.png","stimuli/Hand labour tool & accessory.png","stimuli/Kitchen & utensil.png","Electronic device & accessory",2,1,"stimuli/objects/powercable.jpg",2,1,0.7902,1,1,80
"95",7,NA,"stimuli/m_orange.jpg","stimuli/Outdoor activity & sport item.png","stimuli/Kitchen & utensil.png","stimuli/Electronic device & accessory.png","stimuli/Hand labour tool & accessory.png","Outdoor activity & sport item",1,0,"stimuli/objects/beachumbrella01.jpg",3,0,0.827,1,1,81
"96",7,NA,"stimuli/m_black.jpg","stimuli/Outdoor activity & sport item.png","stimuli/Electronic device & accessory.png","stimuli/Hand labour tool & accessory.png","stimuli/Kitchen & utensil.png","Kitchen & utensil",4,1,"stimuli/objects/potatomasher03b.jpg",4,1,1.2995,0,1,82
"97",7,NA,"stimuli/m_orange.jpg","stimuli/Hand labour tool & accessory.png","stimuli/Kitchen & utensil.png","stimuli/Electronic device & accessory.png","stimuli/Outdoor activity & sport item.png","Electronic device & accessory",3,1,"stimuli/objects/walkman.jpg",3,1,1.0853,1,1,83
"98",7,NA,"stimuli/m_orange.jpg","stimuli/Kitchen & utensil.png","stimuli/Outdoor activity & sport item.png","stimuli/Hand labour tool & accessory.png","stimuli/Electronic device & accessory.png","Electronic device & accessory",4,1,"stimuli/objects/gps.jpg",4,1,0.9322,1,0,84
"99",7,NA,"stimuli/m_black.jpg","stimuli/Outdoor activity & sport item.png","stimuli/Electronic device & accessory.png","stimuli/Hand labour tool & accessory.png","stimuli/Kitchen & utensil.png","Kitchen & utensil",4,1,"stimuli/objects/handmixer01d.jpg",4,1,1.8023,0,0,85
"100",7,NA,"stimuli/m_black.jpg","stimuli/Outdoor activity & sport item.png","stimuli/Kitchen & utensil.png","stimuli/Electronic device & accessory.png","stimuli/Hand labour tool & accessory.png","Outdoor activity & sport item",1,0,"stimuli/objects/charcoalbarbecue.jpg",2,0,0.6457,0,0,86
"101",7,NA,"stimuli/m_black.jpg","stimuli/Electronic device & accessory.png","stimuli/Hand labour tool & accessory.png","stimuli/Outdoor activity & sport item.png","stimuli/Kitchen & utensil.png","Outdoor activity & sport item",3,0,"stimuli/objects/bikepump01.jpg",4,0,0.9772,0,0,87
"102",7,NA,"stimuli/m_orange.jpg","stimuli/Electronic device & accessory.png","stimuli/Outdoor activity & sport item.png","stimuli/Hand labour tool & accessory.png","stimuli/Kitchen & utensil.png","Electronic device & accessory",1,1,"stimuli/objects/extensioncord.jpg",1,1,1.8952,1,0,88
"103",7,NA,"stimuli/m_orange.jpg","stimuli/Hand labour tool & accessory.png","stimuli/Kitchen & utensil.png","stimuli/Electronic device & accessory.png","stimuli/Outdoor activity & sport item.png","Kitchen & utensil",2,0,"stimuli/objects/fridge.jpg",3,0,0.8753,1,1,89
"104",7,NA,"stimuli/m_black.jpg","stimuli/Kitchen & utensil.png","stimuli/Hand labour tool & accessory.png","stimuli/Outdoor activity & sport item.png","stimuli/Electronic device & accessory.png","Kitchen & utensil",1,1,"stimuli/objects/martiniglass01b.jpg",1,1,1.9963,0,0,90
"105",7,NA,"stimuli/m_black.jpg","stimuli/Kitchen & utensil.png","stimuli/Hand labour tool & accessory.png","stimuli/Electronic device & accessory.png","stimuli/Outdoor activity & sport item.png","Hand labour tool & accessory",2,0,"stimuli/objects/lawnmower.jpg",1,0,0.527,0,0,91
"106",7,NA,"stimuli/m_orange.jpg","stimuli/Electronic device & accessory.png","stimuli/Hand labour tool & accessory.png","stimuli/Outdoor activity & sport item.png","stimuli/Kitchen & utensil.png","Electronic device & accessory",1,1,"stimuli/objects/carlighter02.jpg",1,1,2.6427,1,0,92
"107",7,NA,"stimuli/m_black.jpg","stimuli/Outdoor activity & sport item.png","stimuli/Electronic device & accessory.png","stimuli/Hand labour tool & accessory.png","stimuli/Kitchen & utensil.png","Hand labour tool & accessory",3,0,"stimuli/objects/caulking.jpg",4,0,0.9939,0,0,93
"108",7,NA,"stimuli/m_black.jpg","stimuli/Hand labour tool & accessory.png","stimuli/Electronic device & accessory.png","stimuli/Kitchen & utensil.png","stimuli/Outdoor activity & sport item.png","Hand labour tool & accessory",1,0,"stimuli/objects/wateringcan.jpg",3,0,0.9753,0,0,94
"109",7,NA,"stimuli/m_black.jpg","stimuli/Outdoor activity & sport item.png","stimuli/Electronic device & accessory.png","stimuli/Kitchen & utensil.png","stimuli/Hand labour tool & accessory.png","Kitchen & utensil",3,1,"stimuli/objects/whisk.jpg",3,1,0.7566,0,1,95
"110",7,NA,"stimuli/m_black.jpg","stimuli/Electronic device & accessory.png","stimuli/Kitchen & utensil.png","stimuli/Hand labour tool & accessory.png","stimuli/Outdoor activity & sport item.png","Kitchen & utensil",2,1,"stimuli/objects/breadknife.jpg",2,1,0.6435,0,0,96
"111",7,NA,"stimuli/m_orange.jpg","stimuli/Electronic device & accessory.png","stimuli/Outdoor activity & sport item.png","stimuli/Kitchen & utensil.png","stimuli/Hand labour tool & accessory.png","Electronic device & accessory",1,1,"stimuli/objects/remotecontrol04.jpg",1,1,2.6374,1,0,97
"112",7,NA,"stimuli/m_black.jpg","stimuli/Outdoor activity & sport item.png","stimuli/Kitchen & utensil.png","stimuli/Hand labour tool & accessory.png","stimuli/Electronic device & accessory.png","Kitchen & utensil",2,1,"stimuli/objects/icepack.jpg",3,0,0.6229,0,0,98
"113",7,NA,"stimuli/m_black.jpg","stimuli/Kitchen & utensil.png","stimuli/Electronic device & accessory.png","stimuli/Hand labour tool & accessory.png","stimuli/Outdoor activity & sport item.png","Kitchen & utensil",1,1,"stimuli/objects/servingspoon01.jpg",1,1,0.7086,0,1,99
"114",7,NA,"stimuli/m_orange.jpg","stimuli/Hand labour tool & accessory.png","stimuli/Electronic device & accessory.png","stimuli/Kitchen & utensil.png","stimuli/Outdoor activity & sport item.png","Electronic device & accessory",2,1,"stimuli/objects/payphone.jpg",2,1,0.6942,1,0,100
"115",7,NA,"stimuli/m_orange.jpg","stimuli/Kitchen & utensil.png","stimuli/Hand labour tool & accessory.png","stimuli/Electronic device & accessory.png","stimuli/Outdoor activity & sport item.png","Hand labour tool & accessory",2,0,"stimuli/objects/adjustablewrench01b.jpg",3,0,0.8739,1,0,101
"116",7,NA,"stimuli/m_orange.jpg","stimuli/Outdoor activity & sport item.png","stimuli/Hand labour tool & accessory.png","stimuli/Electronic device & accessory.png","stimuli/Kitchen & utensil.png","Outdoor activity & sport item",1,0,"stimuli/objects/golfbag.jpg",3,0,1.4819,1,0,102
"117",7,NA,"stimuli/m_orange.jpg","stimuli/Hand labour tool & accessory.png","stimuli/Outdoor activity & sport item.png","stimuli/Electronic device & accessory.png","stimuli/Kitchen & utensil.png","Electronic device & accessory",3,1,"stimuli/objects/filmroll.jpg",3,1,0.962,1,0,103
"118",7,NA,"stimuli/m_black.jpg","stimuli/Hand labour tool & accessory.png","stimuli/Outdoor activity & sport item.png","stimuli/Electronic device & accessory.png","stimuli/Kitchen & utensil.png","Kitchen & utensil",4,1,"stimuli/objects/icebucket.jpg",4,1,1.394,0,0,104
"119",7,NA,"stimuli/m_orange.jpg","stimuli/Hand labour tool & accessory.png","stimuli/Electronic device & accessory.png","stimuli/Outdoor activity & sport item.png","stimuli/Kitchen & utensil.png","Hand labour tool & accessory",1,0,"stimuli/objects/squeegee01b.jpg",2,0,0.6236,1,0,105
"120",7,NA,"stimuli/m_orange.jpg","stimuli/Hand labour tool & accessory.png","stimuli/Kitchen & utensil.png","stimuli/Outdoor activity & sport item.png","stimuli/Electronic device & accessory.png","Electronic device & accessory",4,1,"stimuli/objects/camera01a.jpg",4,1,1.9112,1,0,106
"121",7,NA,"stimuli/m_black.jpg","stimuli/Hand labour tool & accessory.png","stimuli/Electronic device & accessory.png","stimuli/Outdoor activity & sport item.png","stimuli/Kitchen & utensil.png","Hand labour tool & accessory",1,0,"stimuli/objects/cuttingpliers02.jpg",4,0,1.0729,0,0,107
"122",7,NA,"stimuli/m_black.jpg","stimuli/Hand labour tool & accessory.png","stimuli/Outdoor activity & sport item.png","stimuli/Electronic device & accessory.png","stimuli/Kitchen & utensil.png","Kitchen & utensil",4,1,"stimuli/objects/toasteroven.jpg",4,1,0.9283,0,1,108
"123",7,NA,"stimuli/m_orange.jpg","stimuli/Kitchen & utensil.png","stimuli/Outdoor activity & sport item.png","stimuli/Electronic device & accessory.png","stimuli/Hand labour tool & accessory.png","Electronic device & accessory",3,1,"stimuli/objects/soundmixer.jpg",3,1,1.1648,1,0,109
"124",7,NA,"stimuli/m_black.jpg","stimuli/Kitchen & utensil.png","stimuli/Outdoor activity & sport item.png","stimuli/Electronic device & accessory.png","stimuli/Hand labour tool & accessory.png","Hand labour tool & accessory",4,0,"stimuli/objects/snowshovel.jpg",1,0,0.5796,0,0,110
"125",7,NA,"stimuli/m_orange.jpg","stimuli/Kitchen & utensil.png","stimuli/Electronic device & accessory.png","stimuli/Outdoor activity & sport item.png","stimuli/Hand labour tool & accessory.png","Electronic device & accessory",2,1,"stimuli/objects/desktopcomputer.jpg",2,1,0.7107,1,0,111
"126",7,NA,"stimuli/m_orange.jpg","stimuli/Kitchen & utensil.png","stimuli/Outdoor activity & sport item.png","stimuli/Electronic device & accessory.png","stimuli/Hand labour tool & accessory.png","Hand labour tool & accessory",4,0,"stimuli/objects/painttray.jpg",3,0,0.9904,1,0,112
"127",7,NA,"stimuli/m_black.jpg","stimuli/Outdoor activity & sport item.png","stimuli/Hand labour tool & accessory.png","stimuli/Kitchen & utensil.png","stimuli/Electronic device & accessory.png","Kitchen & utensil",3,1,"stimuli/objects/freezer02.jpg",3,1,2.4697,0,0,113
"128",7,NA,"stimuli/m_black.jpg","stimuli/Outdoor activity & sport item.png","stimuli/Hand labour tool & accessory.png","stimuli/Kitchen & utensil.png","stimuli/Electronic device & accessory.png","Outdoor activity & sport item",1,0,"stimuli/objects/swimgoggles.jpg",3,0,0.8285,0,0,114
"129",7,NA,"stimuli/m_black.jpg","stimuli/Kitchen & utensil.png","stimuli/Hand labour tool & accessory.png","stimuli/Electronic device & accessory.png","stimuli/Outdoor activity & sport item.png","Electronic device & accessory",3,0,"stimuli/objects/cameracase01a.jpg",1,0,0.5995,0,0,115
"130",7,NA,"stimuli/m_orange.jpg","stimuli/Electronic device & accessory.png","stimuli/Kitchen & utensil.png","stimuli/Hand labour tool & accessory.png","stimuli/Outdoor activity & sport item.png","Electronic device & accessory",1,1,"stimuli/objects/computerkeyboard02.jpg",1,1,0.8769,1,1,116
"131",7,NA,"stimuli/m_black.jpg","stimuli/Electronic device & accessory.png","stimuli/Outdoor activity & sport item.png","stimuli/Hand labour tool & accessory.png","stimuli/Kitchen & utensil.png","Kitchen & utensil",4,1,"stimuli/objects/waterbottle03.jpg",4,1,0.8797,0,0,117
"132",7,NA,"stimuli/m_orange.jpg","stimuli/Kitchen & utensil.png","stimuli/Hand labour tool & accessory.png","stimuli/Electronic device & accessory.png","stimuli/Outdoor activity & sport item.png","Kitchen & utensil",1,0,"stimuli/objects/oven.jpg",3,0,1.3507,1,1,118
"133",7,NA,"stimuli/m_black.jpg","stimuli/Hand labour tool & accessory.png","stimuli/Electronic device & accessory.png","stimuli/Kitchen & utensil.png","stimuli/Outdoor activity & sport item.png","Outdoor activity & sport item",4,0,"stimuli/objects/backpack01a.jpg",3,0,0.8759,0,1,119
"134",7,NA,"stimuli/m_black.jpg","stimuli/Outdoor activity & sport item.png","stimuli/Electronic device & accessory.png","stimuli/Kitchen & utensil.png","stimuli/Hand labour tool & accessory.png","Kitchen & utensil",3,1,"stimuli/objects/measuringspoon.jpg",3,1,0.8454,0,0,120
