"","participant","Expra.Code","character","left_categ","centleft_categ","centright_categ","right_categ","corr_ans","corr_ans_num","type","img","task_response.keys","task_response.corr","task_response.rt","condition","recogAcc","confidence","trialN"
"16",31,NA,"stimuli/m_orange.jpg","stimuli/Kitchen & utensil.png","stimuli/Outdoor activity & sport item.png","stimuli/Hand labour tool & accessory.png","stimuli/Electronic device & accessory.png","Electronic device & accessory",4,1,"stimuli/objects/spotlight.jpg",4,1,2.34,1,0,2,1
"17",31,NA,"stimuli/m_black.jpg","stimuli/Kitchen & utensil.png","stimuli/Outdoor activity & sport item.png","stimuli/Electronic device & accessory.png","stimuli/Hand labour tool & accessory.png","Kitchen & utensil",1,1,"stimuli/objects/peppermill02b.jpg",1,1,1.1295,0,1,4,2
"18",31,NA,"stimuli/m_black.jpg","stimuli/Hand labour tool & accessory.png","stimuli/Electronic device & accessory.png","stimuli/Outdoor activity & sport item.png","stimuli/Kitchen & utensil.png","Kitchen & utensil",4,1,"stimuli/objects/canister.jpg",4,1,1.3295,0,0,3,3
"19",31,NA,"stimuli/m_orange.jpg","stimuli/Electronic device & accessory.png","stimuli/Outdoor activity & sport item.png","stimuli/Kitchen & utensil.png","stimuli/Hand labour tool & accessory.png","Kitchen & utensil",3,0,"stimuli/objects/fryingpan02a.jpg",1,0,1.4341,1,1,4,4
"20",31,NA,"stimuli/m_black.jpg","stimuli/Kitchen & utensil.png","stimuli/Electronic device & accessory.png","stimuli/Hand labour tool & accessory.png","stimuli/Outdoor activity & sport item.png","Kitchen & utensil",1,1,"stimuli/objects/muffintray01.jpg",1,1,2.1283,0,1,4,5
"21",31,NA,"stimuli/m_orange.jpg","stimuli/Hand labour tool & accessory.png","stimuli/Outdoor activity & sport item.png","stimuli/Kitchen & utensil.png","stimuli/Electronic device & accessory.png","Kitchen & utensil",3,0,"stimuli/objects/bowl02a.jpg",4,0,0.6454,1,0,4,6
"22",31,NA,"stimuli/m_black.jpg","stimuli/Kitchen & utensil.png","stimuli/Electronic device & accessory.png","stimuli/Outdoor activity & sport item.png","stimuli/Hand labour tool & accessory.png","Kitchen & utensil",1,1,"stimuli/objects/cowbell.jpg",1,1,1.6481,0,1,4,7
"23",31,NA,"stimuli/m_orange.jpg","stimuli/Hand labour tool & accessory.png","stimuli/Kitchen & utensil.png","stimuli/Outdoor activity & sport item.png","stimuli/Electronic device & accessory.png","Electronic device & accessory",4,1,"stimuli/objects/usbkey.jpg",2,0,1.3041,1,1,4,8
"24",31,NA,"stimuli/m_black.jpg","stimuli/Outdoor activity & sport item.png","stimuli/Kitchen & utensil.png","stimuli/Hand labour tool & accessory.png","stimuli/Electronic device & accessory.png","Outdoor activity & sport item",1,0,"stimuli/objects/toyhockeystick01.jpg",2,0,1.8012,0,1,4,9
"25",31,NA,"stimuli/m_orange.jpg","stimuli/Hand labour tool & accessory.png","stimuli/Electronic device & accessory.png","stimuli/Outdoor activity & sport item.png","stimuli/Kitchen & utensil.png","Hand labour tool & accessory",1,0,"stimuli/objects/tablesaw.jpg",2,0,1.8366,1,1,4,10
"26",31,NA,"stimuli/m_black.jpg","stimuli/Kitchen & utensil.png","stimuli/Hand labour tool & accessory.png","stimuli/Outdoor activity & sport item.png","stimuli/Electronic device & accessory.png","Kitchen & utensil",1,1,"stimuli/objects/kitchenscale01a.jpg",2,0,2.2298,0,1,2,11
"27",31,NA,"stimuli/m_orange.jpg","stimuli/Outdoor activity & sport item.png","stimuli/Kitchen & utensil.png","stimuli/Hand labour tool & accessory.png","stimuli/Electronic device & accessory.png","Electronic device & accessory",4,1,"stimuli/objects/securitycamera.jpg",4,1,0.9083,1,1,4,12
"28",31,NA,"stimuli/m_orange.jpg","stimuli/Kitchen & utensil.png","stimuli/Electronic device & accessory.png","stimuli/Outdoor activity & sport item.png","stimuli/Hand labour tool & accessory.png","Electronic device & accessory",2,1,"stimuli/objects/photocopier.jpg",2,1,0.8815,1,1,4,13
"29",31,NA,"stimuli/m_orange.jpg","stimuli/Outdoor activity & sport item.png","stimuli/Hand labour tool & accessory.png","stimuli/Kitchen & utensil.png","stimuli/Electronic device & accessory.png","Electronic device & accessory",4,1,"stimuli/objects/phonejack.jpg",4,1,1.2505,1,0,3,14
"30",31,NA,"stimuli/m_orange.jpg","stimuli/Hand labour tool & accessory.png","stimuli/Electronic device & accessory.png","stimuli/Kitchen & utensil.png","stimuli/Outdoor activity & sport item.png","Hand labour tool & accessory",1,0,"stimuli/objects/swissarmyknife01a.jpg",2,0,1.0426,1,1,4,15
"31",31,NA,"stimuli/m_orange.jpg","stimuli/Outdoor activity & sport item.png","stimuli/Kitchen & utensil.png","stimuli/Hand labour tool & accessory.png","stimuli/Electronic device & accessory.png","Electronic device & accessory",4,1,"stimuli/objects/lamp04a.jpg",4,1,2.2838,1,1,3,16
"32",31,NA,"stimuli/m_black.jpg","stimuli/Hand labour tool & accessory.png","stimuli/Kitchen & utensil.png","stimuli/Outdoor activity & sport item.png","stimuli/Electronic device & accessory.png","Kitchen & utensil",2,1,"stimuli/objects/pastaspoon.jpg",2,1,0.6643,0,1,2,17
"33",31,NA,"stimuli/m_black.jpg","stimuli/Electronic device & accessory.png","stimuli/Outdoor activity & sport item.png","stimuli/Hand labour tool & accessory.png","stimuli/Kitchen & utensil.png","Kitchen & utensil",4,1,"stimuli/objects/fonduefork01.jpg",4,1,0.7215,0,1,4,18
"34",31,NA,"stimuli/m_black.jpg","stimuli/Outdoor activity & sport item.png","stimuli/Kitchen & utensil.png","stimuli/Hand labour tool & accessory.png","stimuli/Electronic device & accessory.png","Kitchen & utensil",2,1,"stimuli/objects/dishrack.jpg",2,1,1.0887,0,1,4,19
"35",31,NA,"stimuli/m_orange.jpg","stimuli/Kitchen & utensil.png","stimuli/Electronic device & accessory.png","stimuli/Outdoor activity & sport item.png","stimuli/Hand labour tool & accessory.png","Electronic device & accessory",2,1,"stimuli/objects/expansioncard.jpg",3,0,0.9336,1,1,3,20
"36",31,NA,"stimuli/m_black.jpg","stimuli/Electronic device & accessory.png","stimuli/Hand labour tool & accessory.png","stimuli/Outdoor activity & sport item.png","stimuli/Kitchen & utensil.png","Kitchen & utensil",4,1,"stimuli/objects/tupperware03a.jpg",4,1,1.6077,0,1,4,21
"37",31,NA,"stimuli/m_orange.jpg","stimuli/Electronic device & accessory.png","stimuli/Hand labour tool & accessory.png","stimuli/Outdoor activity & sport item.png","stimuli/Kitchen & utensil.png","Outdoor activity & sport item",3,0,"stimuli/objects/surfboard.jpg",1,0,1.5188,1,1,4,22
"38",31,NA,"stimuli/m_orange.jpg","stimuli/Kitchen & utensil.png","stimuli/Hand labour tool & accessory.png","stimuli/Outdoor activity & sport item.png","stimuli/Electronic device & accessory.png","Electronic device & accessory",4,1,"stimuli/objects/electricoutlet.jpg",4,1,2.8076,1,1,4,23
"39",31,NA,"stimuli/m_black.jpg","stimuli/Electronic device & accessory.png","stimuli/Hand labour tool & accessory.png","stimuli/Kitchen & utensil.png","stimuli/Outdoor activity & sport item.png","Kitchen & utensil",3,1,"stimuli/objects/beermug01a.jpg",3,1,1.6699,0,0,2,24
"40",31,NA,"stimuli/m_orange.jpg","stimuli/Kitchen & utensil.png","stimuli/Hand labour tool & accessory.png","stimuli/Outdoor activity & sport item.png","stimuli/Electronic device & accessory.png","Electronic device & accessory",4,1,"stimuli/objects/scanner.jpg",3,0,0.7813,1,0,3,25
"41",31,NA,"stimuli/m_black.jpg","stimuli/Electronic device & accessory.png","stimuli/Hand labour tool & accessory.png","stimuli/Kitchen & utensil.png","stimuli/Outdoor activity & sport item.png","Electronic device & accessory",1,0,"stimuli/objects/filmnegative.jpg",3,0,1.1642,0,1,4,26
"42",31,NA,"stimuli/m_black.jpg","stimuli/Hand labour tool & accessory.png","stimuli/Electronic device & accessory.png","stimuli/Kitchen & utensil.png","stimuli/Outdoor activity & sport item.png","Kitchen & utensil",3,1,"stimuli/objects/cleaver01.jpg",3,1,2.8888,0,1,4,27
"43",31,NA,"stimuli/m_orange.jpg","stimuli/Electronic device & accessory.png","stimuli/Kitchen & utensil.png","stimuli/Hand labour tool & accessory.png","stimuli/Outdoor activity & sport item.png","Electronic device & accessory",1,1,"stimuli/objects/jack.jpg",1,1,2.2443,1,1,4,28
"44",31,NA,"stimuli/m_orange.jpg","stimuli/Kitchen & utensil.png","stimuli/Electronic device & accessory.png","stimuli/Hand labour tool & accessory.png","stimuli/Outdoor activity & sport item.png","Electronic device & accessory",2,1,"stimuli/objects/fanheater.jpg",2,1,1.7855,1,1,4,29
"45",31,NA,"stimuli/m_black.jpg","stimuli/Outdoor activity & sport item.png","stimuli/Hand labour tool & accessory.png","stimuli/Electronic device & accessory.png","stimuli/Kitchen & utensil.png","Outdoor activity & sport item",1,0,"stimuli/objects/umbrella04.jpg",4,0,0.8925,0,1,4,30
"46",31,NA,"stimuli/m_black.jpg","stimuli/Kitchen & utensil.png","stimuli/Outdoor activity & sport item.png","stimuli/Electronic device & accessory.png","stimuli/Hand labour tool & accessory.png","Kitchen & utensil",1,1,"stimuli/objects/spicerack.jpg",1,1,2.3119,0,1,3,31
"47",31,NA,"stimuli/m_orange.jpg","stimuli/Kitchen & utensil.png","stimuli/Electronic device & accessory.png","stimuli/Hand labour tool & accessory.png","stimuli/Outdoor activity & sport item.png","Electronic device & accessory",2,1,"stimuli/objects/crocodileclips.jpg",4,0,1.8687,1,0,1,32
"48",31,NA,"stimuli/m_orange.jpg","stimuli/Electronic device & accessory.png","stimuli/Hand labour tool & accessory.png","stimuli/Kitchen & utensil.png","stimuli/Outdoor activity & sport item.png","Kitchen & utensil",3,0,"stimuli/objects/minifridge.jpg",1,0,2.069,1,1,4,33
"49",31,NA,"stimuli/m_orange.jpg","stimuli/Outdoor activity & sport item.png","stimuli/Electronic device & accessory.png","stimuli/Kitchen & utensil.png","stimuli/Hand labour tool & accessory.png","Electronic device & accessory",2,1,"stimuli/objects/heatpump.jpg",2,1,2.6055,1,1,4,34
"50",31,NA,"stimuli/m_black.jpg","stimuli/Hand labour tool & accessory.png","stimuli/Kitchen & utensil.png","stimuli/Outdoor activity & sport item.png","stimuli/Electronic device & accessory.png","Kitchen & utensil",2,1,"stimuli/objects/funnel.jpg",2,1,3.327,0,1,4,35
"51",31,NA,"stimuli/m_orange.jpg","stimuli/Outdoor activity & sport item.png","stimuli/Kitchen & utensil.png","stimuli/Electronic device & accessory.png","stimuli/Hand labour tool & accessory.png","Electronic device & accessory",3,1,"stimuli/objects/lightswitch01.jpg",1,0,1.1552,1,1,1,36
"52",31,NA,"stimuli/m_orange.jpg","stimuli/Outdoor activity & sport item.png","stimuli/Kitchen & utensil.png","stimuli/Hand labour tool & accessory.png","stimuli/Electronic device & accessory.png","Outdoor activity & sport item",1,0,"stimuli/objects/snowshoe.jpg",4,0,0.8927,1,1,3,37
"53",31,NA,"stimuli/m_black.jpg","stimuli/Outdoor activity & sport item.png","stimuli/Kitchen & utensil.png","stimuli/Electronic device & accessory.png","stimuli/Hand labour tool & accessory.png","Kitchen & utensil",2,1,"stimuli/objects/shotglass.jpg",2,1,1.9404,0,1,4,38
"54",31,NA,"stimuli/m_orange.jpg","stimuli/Electronic device & accessory.png","stimuli/Hand labour tool & accessory.png","stimuli/Kitchen & utensil.png","stimuli/Outdoor activity & sport item.png","Kitchen & utensil",3,0,"stimuli/objects/cookingpot.jpg",1,0,1.6535,1,0,3,39
"55",31,NA,"stimuli/m_black.jpg","stimuli/Hand labour tool & accessory.png","stimuli/Outdoor activity & sport item.png","stimuli/Kitchen & utensil.png","stimuli/Electronic device & accessory.png","Kitchen & utensil",3,1,"stimuli/objects/pitcher02b.jpg",3,1,1.4809,0,1,3,40
"56",31,NA,"stimuli/m_black.jpg","stimuli/Electronic device & accessory.png","stimuli/Outdoor activity & sport item.png","stimuli/Kitchen & utensil.png","stimuli/Hand labour tool & accessory.png","Electronic device & accessory",1,0,"stimuli/objects/wiicontroller.jpg",3,0,0.4715,0,1,3,41
"57",31,NA,"stimuli/m_black.jpg","stimuli/Hand labour tool & accessory.png","stimuli/Electronic device & accessory.png","stimuli/Outdoor activity & sport item.png","stimuli/Kitchen & utensil.png","Hand labour tool & accessory",1,0,"stimuli/objects/knifesharpener.jpg",4,0,1.3567,0,1,4,42
"58",31,NA,"stimuli/m_black.jpg","stimuli/Electronic device & accessory.png","stimuli/Outdoor activity & sport item.png","stimuli/Kitchen & utensil.png","stimuli/Hand labour tool & accessory.png","Kitchen & utensil",3,1,"stimuli/objects/peeler01.jpg",3,1,0.7088,0,1,4,43
"59",31,NA,"stimuli/m_black.jpg","stimuli/Electronic device & accessory.png","stimuli/Kitchen & utensil.png","stimuli/Hand labour tool & accessory.png","stimuli/Outdoor activity & sport item.png","Kitchen & utensil",2,1,"stimuli/objects/pot01.jpg",2,1,0.7895,0,1,3,44
"60",31,NA,"stimuli/m_black.jpg","stimuli/Electronic device & accessory.png","stimuli/Kitchen & utensil.png","stimuli/Outdoor activity & sport item.png","stimuli/Hand labour tool & accessory.png","Kitchen & utensil",2,1,"stimuli/objects/coffeemaker.jpg",2,1,0.7396,0,1,4,45
"61",31,NA,"stimuli/m_black.jpg","stimuli/Kitchen & utensil.png","stimuli/Electronic device & accessory.png","stimuli/Outdoor activity & sport item.png","stimuli/Hand labour tool & accessory.png","Kitchen & utensil",1,1,"stimuli/objects/spatula04.jpg",1,1,0.9263,0,1,4,46
"62",31,NA,"stimuli/m_orange.jpg","stimuli/Outdoor activity & sport item.png","stimuli/Electronic device & accessory.png","stimuli/Kitchen & utensil.png","stimuli/Hand labour tool & accessory.png","Electronic device & accessory",2,1,"stimuli/objects/lightbulb01.jpg",2,1,1.0281,1,0,2,47
"63",31,NA,"stimuli/m_black.jpg","stimuli/Electronic device & accessory.png","stimuli/Kitchen & utensil.png","stimuli/Hand labour tool & accessory.png","stimuli/Outdoor activity & sport item.png","Kitchen & utensil",2,1,"stimuli/objects/cakeplatter.jpg",2,1,0.9008,0,1,4,48
"64",31,NA,"stimuli/m_orange.jpg","stimuli/Kitchen & utensil.png","stimuli/Electronic device & accessory.png","stimuli/Hand labour tool & accessory.png","stimuli/Outdoor activity & sport item.png","Electronic device & accessory",2,1,"stimuli/objects/alarmsystem.jpg",2,1,1.0086,1,1,3,49
"65",31,NA,"stimuli/m_orange.jpg","stimuli/Outdoor activity & sport item.png","stimuli/Electronic device & accessory.png","stimuli/Hand labour tool & accessory.png","stimuli/Kitchen & utensil.png","Hand labour tool & accessory",3,0,"stimuli/objects/boltcutter.jpg",2,0,0.7849,1,1,4,50
"66",31,NA,"stimuli/m_black.jpg","stimuli/Electronic device & accessory.png","stimuli/Hand labour tool & accessory.png","stimuli/Kitchen & utensil.png","stimuli/Outdoor activity & sport item.png","Electronic device & accessory",1,0,"stimuli/objects/audiocablesplitter.jpg",3,0,1.4791,0,0,1,51
"67",31,NA,"stimuli/m_orange.jpg","stimuli/Kitchen & utensil.png","stimuli/Outdoor activity & sport item.png","stimuli/Electronic device & accessory.png","stimuli/Hand labour tool & accessory.png","Electronic device & accessory",3,1,"stimuli/objects/ipod.jpg",3,1,1.9621,1,1,4,52
"68",31,NA,"stimuli/m_orange.jpg","stimuli/Outdoor activity & sport item.png","stimuli/Electronic device & accessory.png","stimuli/Hand labour tool & accessory.png","stimuli/Kitchen & utensil.png","Electronic device & accessory",2,1,"stimuli/objects/radio01.jpg",2,1,1.026,1,0,1,53
"69",31,NA,"stimuli/m_orange.jpg","stimuli/Electronic device & accessory.png","stimuli/Outdoor activity & sport item.png","stimuli/Hand labour tool & accessory.png","stimuli/Kitchen & utensil.png","Electronic device & accessory",1,1,"stimuli/objects/telephone01b.jpg",1,1,0.6856,1,1,4,54
"70",31,NA,"stimuli/m_black.jpg","stimuli/Kitchen & utensil.png","stimuli/Outdoor activity & sport item.png","stimuli/Hand labour tool & accessory.png","stimuli/Electronic device & accessory.png","Kitchen & utensil",1,1,"stimuli/objects/knife03.jpg",1,1,0.8847,0,1,4,55
"71",31,NA,"stimuli/m_black.jpg","stimuli/Kitchen & utensil.png","stimuli/Electronic device & accessory.png","stimuli/Hand labour tool & accessory.png","stimuli/Outdoor activity & sport item.png","Kitchen & utensil",1,1,"stimuli/objects/spatula03.jpg",1,1,0.804,0,1,2,56
"72",31,NA,"stimuli/m_orange.jpg","stimuli/Kitchen & utensil.png","stimuli/Hand labour tool & accessory.png","stimuli/Outdoor activity & sport item.png","stimuli/Electronic device & accessory.png","Electronic device & accessory",4,1,"stimuli/objects/nintendods.jpg",4,1,0.5341,1,1,4,57
"73",31,NA,"stimuli/m_black.jpg","stimuli/Hand labour tool & accessory.png","stimuli/Kitchen & utensil.png","stimuli/Electronic device & accessory.png","stimuli/Outdoor activity & sport item.png","Electronic device & accessory",3,0,"stimuli/objects/avcable.jpg",2,0,0.7461,0,0,2,58
"74",31,NA,"stimuli/m_black.jpg","stimuli/Electronic device & accessory.png","stimuli/Hand labour tool & accessory.png","stimuli/Outdoor activity & sport item.png","stimuli/Kitchen & utensil.png","Kitchen & utensil",4,1,"stimuli/objects/chocolatefonduedish.jpg",4,1,0.9164,0,1,3,59
"75",31,NA,"stimuli/m_orange.jpg","stimuli/Electronic device & accessory.png","stimuli/Kitchen & utensil.png","stimuli/Outdoor activity & sport item.png","stimuli/Hand labour tool & accessory.png","Electronic device & accessory",1,1,"stimuli/objects/walkietalkie.jpg",1,1,1.1602,1,0,2,60
"76",31,NA,"stimuli/m_orange.jpg","stimuli/Outdoor activity & sport item.png","stimuli/Hand labour tool & accessory.png","stimuli/Electronic device & accessory.png","stimuli/Kitchen & utensil.png","Electronic device & accessory",3,1,"stimuli/objects/djmixer02.jpg",3,1,1.2981,1,0,3,61
"77",31,NA,"stimuli/m_black.jpg","stimuli/Kitchen & utensil.png","stimuli/Hand labour tool & accessory.png","stimuli/Outdoor activity & sport item.png","stimuli/Electronic device & accessory.png","Kitchen & utensil",1,1,"stimuli/objects/grill.jpg",1,1,0.9076,0,1,4,62
"78",31,NA,"stimuli/m_orange.jpg","stimuli/Electronic device & accessory.png","stimuli/Hand labour tool & accessory.png","stimuli/Kitchen & utensil.png","stimuli/Outdoor activity & sport item.png","Electronic device & accessory",1,1,"stimuli/objects/battery02b.jpg",1,1,1.1405,1,1,2,63
"79",31,NA,"stimuli/m_orange.jpg","stimuli/Electronic device & accessory.png","stimuli/Hand labour tool & accessory.png","stimuli/Outdoor activity & sport item.png","stimuli/Kitchen & utensil.png","Electronic device & accessory",1,1,"stimuli/objects/taperecorder.jpg",1,1,1.1339,1,0,3,64
"80",31,NA,"stimuli/m_orange.jpg","stimuli/Hand labour tool & accessory.png","stimuli/Outdoor activity & sport item.png","stimuli/Kitchen & utensil.png","stimuli/Electronic device & accessory.png","Electronic device & accessory",4,1,"stimuli/objects/carantenna.jpg",4,1,0.7332,1,0,3,65
"81",31,NA,"stimuli/m_orange.jpg","stimuli/Hand labour tool & accessory.png","stimuli/Outdoor activity & sport item.png","stimuli/Electronic device & accessory.png","stimuli/Kitchen & utensil.png","Electronic device & accessory",3,1,"stimuli/objects/lectern01.jpg",3,1,0.5838,1,1,3,66
"82",31,NA,"stimuli/m_black.jpg","stimuli/Kitchen & utensil.png","stimuli/Electronic device & accessory.png","stimuli/Outdoor activity & sport item.png","stimuli/Hand labour tool & accessory.png","Kitchen & utensil",1,1,"stimuli/objects/ramekin01.jpg",1,1,0.4963,0,1,4,67
"83",31,NA,"stimuli/m_orange.jpg","stimuli/Hand labour tool & accessory.png","stimuli/Kitchen & utensil.png","stimuli/Outdoor activity & sport item.png","stimuli/Electronic device & accessory.png","Electronic device & accessory",4,1,"stimuli/objects/videocamera01a.jpg",4,1,0.5358,1,1,4,68
"84",31,NA,"stimuli/m_orange.jpg","stimuli/Outdoor activity & sport item.png","stimuli/Hand labour tool & accessory.png","stimuli/Kitchen & utensil.png","stimuli/Electronic device & accessory.png","Outdoor activity & sport item",1,0,"stimuli/objects/kneepad01c.jpg",4,0,0.7702,1,1,4,69
"85",31,NA,"stimuli/m_black.jpg","stimuli/Hand labour tool & accessory.png","stimuli/Kitchen & utensil.png","stimuli/Electronic device & accessory.png","stimuli/Outdoor activity & sport item.png","Kitchen & utensil",2,1,"stimuli/objects/coffeepot03a.jpg",2,1,0.5745,0,1,4,70
"86",31,NA,"stimuli/m_black.jpg","stimuli/Hand labour tool & accessory.png","stimuli/Outdoor activity & sport item.png","stimuli/Electronic device & accessory.png","stimuli/Kitchen & utensil.png","Kitchen & utensil",4,1,"stimuli/objects/cuttingboard.jpg",4,1,0.4436,0,0,3,71
"87",31,NA,"stimuli/m_orange.jpg","stimuli/Hand labour tool & accessory.png","stimuli/Electronic device & accessory.png","stimuli/Kitchen & utensil.png","stimuli/Outdoor activity & sport item.png","Outdoor activity & sport item",4,0,"stimuli/objects/podium.jpg",2,0,0.4283,1,0,2,72
"88",31,NA,"stimuli/m_black.jpg","stimuli/Outdoor activity & sport item.png","stimuli/Hand labour tool & accessory.png","stimuli/Electronic device & accessory.png","stimuli/Kitchen & utensil.png","Kitchen & utensil",4,1,"stimuli/objects/saltshaker03a.jpg",4,1,0.3962,0,1,4,73
"89",31,NA,"stimuli/m_black.jpg","stimuli/Hand labour tool & accessory.png","stimuli/Outdoor activity & sport item.png","stimuli/Kitchen & utensil.png","stimuli/Electronic device & accessory.png","Electronic device & accessory",4,0,"stimuli/objects/faxmachine.jpg",3,0,0.625,0,1,3,74
"90",31,NA,"stimuli/m_orange.jpg","stimuli/Hand labour tool & accessory.png","stimuli/Outdoor activity & sport item.png","stimuli/Electronic device & accessory.png","stimuli/Kitchen & utensil.png","Electronic device & accessory",3,1,"stimuli/objects/cashregister01.jpg",3,1,0.6432,1,0,2,75
"91",31,NA,"stimuli/m_orange.jpg","stimuli/Electronic device & accessory.png","stimuli/Kitchen & utensil.png","stimuli/Hand labour tool & accessory.png","stimuli/Outdoor activity & sport item.png","Electronic device & accessory",1,1,"stimuli/objects/coffeemachine.jpg",1,1,0.4658,1,1,1,76
"92",31,NA,"stimuli/m_black.jpg","stimuli/Hand labour tool & accessory.png","stimuli/Kitchen & utensil.png","stimuli/Outdoor activity & sport item.png","stimuli/Electronic device & accessory.png","Kitchen & utensil",2,1,"stimuli/objects/fork03c.jpg",2,1,0.7225,0,1,4,77
"93",31,NA,"stimuli/m_orange.jpg","stimuli/Hand labour tool & accessory.png","stimuli/Electronic device & accessory.png","stimuli/Outdoor activity & sport item.png","stimuli/Kitchen & utensil.png","Electronic device & accessory",2,1,"stimuli/objects/chandelier.jpg",4,0,0.697,1,1,3,78
"94",31,NA,"stimuli/m_black.jpg","stimuli/Kitchen & utensil.png","stimuli/Outdoor activity & sport item.png","stimuli/Hand labour tool & accessory.png","stimuli/Electronic device & accessory.png","Kitchen & utensil",1,1,"stimuli/objects/bottlecap.jpg",1,1,1.2909,0,1,4,79
"95",31,NA,"stimuli/m_orange.jpg","stimuli/Outdoor activity & sport item.png","stimuli/Electronic device & accessory.png","stimuli/Hand labour tool & accessory.png","stimuli/Kitchen & utensil.png","Electronic device & accessory",2,1,"stimuli/objects/powercable.jpg",2,1,0.5768,1,0,4,80
"96",31,NA,"stimuli/m_orange.jpg","stimuli/Outdoor activity & sport item.png","stimuli/Kitchen & utensil.png","stimuli/Electronic device & accessory.png","stimuli/Hand labour tool & accessory.png","Outdoor activity & sport item",1,0,"stimuli/objects/beachumbrella01.jpg",3,0,0.5826,1,0,2,81
"97",31,NA,"stimuli/m_black.jpg","stimuli/Outdoor activity & sport item.png","stimuli/Electronic device & accessory.png","stimuli/Hand labour tool & accessory.png","stimuli/Kitchen & utensil.png","Kitchen & utensil",4,1,"stimuli/objects/potatomasher03b.jpg",4,1,0.8462,0,1,4,82
"98",31,NA,"stimuli/m_orange.jpg","stimuli/Hand labour tool & accessory.png","stimuli/Kitchen & utensil.png","stimuli/Electronic device & accessory.png","stimuli/Outdoor activity & sport item.png","Electronic device & accessory",3,1,"stimuli/objects/walkman.jpg",3,1,0.9967,1,0,3,83
"99",31,NA,"stimuli/m_orange.jpg","stimuli/Kitchen & utensil.png","stimuli/Outdoor activity & sport item.png","stimuli/Hand labour tool & accessory.png","stimuli/Electronic device & accessory.png","Electronic device & accessory",4,1,"stimuli/objects/gps.jpg",4,1,0.8821,1,0,3,84
"100",31,NA,"stimuli/m_black.jpg","stimuli/Outdoor activity & sport item.png","stimuli/Electronic device & accessory.png","stimuli/Hand labour tool & accessory.png","stimuli/Kitchen & utensil.png","Kitchen & utensil",4,1,"stimuli/objects/handmixer01d.jpg",4,1,0.7076,0,1,4,85
"101",31,NA,"stimuli/m_black.jpg","stimuli/Outdoor activity & sport item.png","stimuli/Kitchen & utensil.png","stimuli/Electronic device & accessory.png","stimuli/Hand labour tool & accessory.png","Outdoor activity & sport item",1,0,"stimuli/objects/charcoalbarbecue.jpg",2,0,0.5292,0,1,2,86
"102",31,NA,"stimuli/m_black.jpg","stimuli/Electronic device & accessory.png","stimuli/Hand labour tool & accessory.png","stimuli/Outdoor activity & sport item.png","stimuli/Kitchen & utensil.png","Outdoor activity & sport item",3,0,"stimuli/objects/bikepump01.jpg",4,0,0.631,0,1,4,87
"103",31,NA,"stimuli/m_orange.jpg","stimuli/Electronic device & accessory.png","stimuli/Outdoor activity & sport item.png","stimuli/Hand labour tool & accessory.png","stimuli/Kitchen & utensil.png","Electronic device & accessory",1,1,"stimuli/objects/extensioncord.jpg",1,1,1.3724,1,0,3,88
"104",31,NA,"stimuli/m_orange.jpg","stimuli/Hand labour tool & accessory.png","stimuli/Kitchen & utensil.png","stimuli/Electronic device & accessory.png","stimuli/Outdoor activity & sport item.png","Kitchen & utensil",2,0,"stimuli/objects/fridge.jpg",4,0,0.4396,1,1,4,89
"105",31,NA,"stimuli/m_black.jpg","stimuli/Kitchen & utensil.png","stimuli/Hand labour tool & accessory.png","stimuli/Outdoor activity & sport item.png","stimuli/Electronic device & accessory.png","Kitchen & utensil",1,1,"stimuli/objects/martiniglass01b.jpg",1,1,1.1991,0,1,4,90
"106",31,NA,"stimuli/m_black.jpg","stimuli/Kitchen & utensil.png","stimuli/Hand labour tool & accessory.png","stimuli/Electronic device & accessory.png","stimuli/Outdoor activity & sport item.png","Hand labour tool & accessory",2,0,"stimuli/objects/lawnmower.jpg",1,0,0.8963,0,1,4,91
"107",31,NA,"stimuli/m_orange.jpg","stimuli/Electronic device & accessory.png","stimuli/Hand labour tool & accessory.png","stimuli/Outdoor activity & sport item.png","stimuli/Kitchen & utensil.png","Electronic device & accessory",1,1,"stimuli/objects/carlighter02.jpg",1,1,1.7586,1,1,4,92
"108",31,NA,"stimuli/m_black.jpg","stimuli/Outdoor activity & sport item.png","stimuli/Electronic device & accessory.png","stimuli/Hand labour tool & accessory.png","stimuli/Kitchen & utensil.png","Hand labour tool & accessory",3,0,"stimuli/objects/caulking.jpg",4,0,0.4125,0,1,3,93
"109",31,NA,"stimuli/m_black.jpg","stimuli/Hand labour tool & accessory.png","stimuli/Electronic device & accessory.png","stimuli/Kitchen & utensil.png","stimuli/Outdoor activity & sport item.png","Hand labour tool & accessory",1,0,"stimuli/objects/wateringcan.jpg",3,0,0.7222,0,0,1,94
"110",31,NA,"stimuli/m_black.jpg","stimuli/Outdoor activity & sport item.png","stimuli/Electronic device & accessory.png","stimuli/Kitchen & utensil.png","stimuli/Hand labour tool & accessory.png","Kitchen & utensil",3,1,"stimuli/objects/whisk.jpg",3,1,0.8034,0,1,3,95
"111",31,NA,"stimuli/m_black.jpg","stimuli/Electronic device & accessory.png","stimuli/Kitchen & utensil.png","stimuli/Hand labour tool & accessory.png","stimuli/Outdoor activity & sport item.png","Kitchen & utensil",2,1,"stimuli/objects/breadknife.jpg",2,1,0.737,0,0,3,96
"112",31,NA,"stimuli/m_orange.jpg","stimuli/Electronic device & accessory.png","stimuli/Outdoor activity & sport item.png","stimuli/Kitchen & utensil.png","stimuli/Hand labour tool & accessory.png","Electronic device & accessory",1,1,"stimuli/objects/remotecontrol04.jpg",1,1,0.7913,1,1,3,97
"113",31,NA,"stimuli/m_black.jpg","stimuli/Outdoor activity & sport item.png","stimuli/Kitchen & utensil.png","stimuli/Hand labour tool & accessory.png","stimuli/Electronic device & accessory.png","Kitchen & utensil",2,1,"stimuli/objects/icepack.jpg",4,0,1.9033,0,0,3,98
"114",31,NA,"stimuli/m_black.jpg","stimuli/Kitchen & utensil.png","stimuli/Electronic device & accessory.png","stimuli/Hand labour tool & accessory.png","stimuli/Outdoor activity & sport item.png","Kitchen & utensil",1,1,"stimuli/objects/servingspoon01.jpg",1,1,1.7998,0,1,4,99
"115",31,NA,"stimuli/m_orange.jpg","stimuli/Hand labour tool & accessory.png","stimuli/Electronic device & accessory.png","stimuli/Kitchen & utensil.png","stimuli/Outdoor activity & sport item.png","Electronic device & accessory",2,1,"stimuli/objects/payphone.jpg",2,1,0.8524,1,1,4,100
"116",31,NA,"stimuli/m_orange.jpg","stimuli/Kitchen & utensil.png","stimuli/Hand labour tool & accessory.png","stimuli/Electronic device & accessory.png","stimuli/Outdoor activity & sport item.png","Hand labour tool & accessory",2,0,"stimuli/objects/adjustablewrench01b.jpg",1,0,0.6049,1,0,3,101
"117",31,NA,"stimuli/m_orange.jpg","stimuli/Outdoor activity & sport item.png","stimuli/Hand labour tool & accessory.png","stimuli/Electronic device & accessory.png","stimuli/Kitchen & utensil.png","Outdoor activity & sport item",1,0,"stimuli/objects/golfbag.jpg",3,0,0.4716,1,1,4,102
"118",31,NA,"stimuli/m_orange.jpg","stimuli/Hand labour tool & accessory.png","stimuli/Outdoor activity & sport item.png","stimuli/Electronic device & accessory.png","stimuli/Kitchen & utensil.png","Electronic device & accessory",3,1,"stimuli/objects/filmroll.jpg",3,1,0.5531,1,0,3,103
"119",31,NA,"stimuli/m_black.jpg","stimuli/Hand labour tool & accessory.png","stimuli/Outdoor activity & sport item.png","stimuli/Electronic device & accessory.png","stimuli/Kitchen & utensil.png","Kitchen & utensil",4,1,"stimuli/objects/icebucket.jpg",4,1,0.8154,0,0,3,104
"120",31,NA,"stimuli/m_orange.jpg","stimuli/Hand labour tool & accessory.png","stimuli/Electronic device & accessory.png","stimuli/Outdoor activity & sport item.png","stimuli/Kitchen & utensil.png","Hand labour tool & accessory",1,0,"stimuli/objects/squeegee01b.jpg",2,0,1.6972,1,1,4,105
"121",31,NA,"stimuli/m_orange.jpg","stimuli/Hand labour tool & accessory.png","stimuli/Kitchen & utensil.png","stimuli/Outdoor activity & sport item.png","stimuli/Electronic device & accessory.png","Electronic device & accessory",4,1,"stimuli/objects/camera01a.jpg",4,1,0.7224,1,1,4,106
"122",31,NA,"stimuli/m_black.jpg","stimuli/Hand labour tool & accessory.png","stimuli/Electronic device & accessory.png","stimuli/Outdoor activity & sport item.png","stimuli/Kitchen & utensil.png","Hand labour tool & accessory",1,0,"stimuli/objects/cuttingpliers02.jpg",4,0,0.6926,0,1,4,107
"123",31,NA,"stimuli/m_black.jpg","stimuli/Hand labour tool & accessory.png","stimuli/Outdoor activity & sport item.png","stimuli/Electronic device & accessory.png","stimuli/Kitchen & utensil.png","Kitchen & utensil",4,1,"stimuli/objects/toasteroven.jpg",4,1,0.5361,0,0,1,108
"124",31,NA,"stimuli/m_orange.jpg","stimuli/Kitchen & utensil.png","stimuli/Outdoor activity & sport item.png","stimuli/Electronic device & accessory.png","stimuli/Hand labour tool & accessory.png","Electronic device & accessory",3,1,"stimuli/objects/soundmixer.jpg",3,1,0.697,1,1,2,109
"125",31,NA,"stimuli/m_black.jpg","stimuli/Kitchen & utensil.png","stimuli/Outdoor activity & sport item.png","stimuli/Electronic device & accessory.png","stimuli/Hand labour tool & accessory.png","Hand labour tool & accessory",4,0,"stimuli/objects/snowshovel.jpg",1,0,0.9217,0,1,3,110
"126",31,NA,"stimuli/m_orange.jpg","stimuli/Kitchen & utensil.png","stimuli/Electronic device & accessory.png","stimuli/Outdoor activity & sport item.png","stimuli/Hand labour tool & accessory.png","Electronic device & accessory",2,1,"stimuli/objects/desktopcomputer.jpg",2,1,0.8002,1,0,4,111
"127",31,NA,"stimuli/m_orange.jpg","stimuli/Kitchen & utensil.png","stimuli/Outdoor activity & sport item.png","stimuli/Electronic device & accessory.png","stimuli/Hand labour tool & accessory.png","Hand labour tool & accessory",4,0,"stimuli/objects/painttray.jpg",3,0,1.9845,1,0,3,112
"128",31,NA,"stimuli/m_black.jpg","stimuli/Outdoor activity & sport item.png","stimuli/Hand labour tool & accessory.png","stimuli/Kitchen & utensil.png","stimuli/Electronic device & accessory.png","Kitchen & utensil",3,1,"stimuli/objects/freezer02.jpg",3,1,1.8507,0,1,2,113
"129",31,NA,"stimuli/m_black.jpg","stimuli/Outdoor activity & sport item.png","stimuli/Hand labour tool & accessory.png","stimuli/Kitchen & utensil.png","stimuli/Electronic device & accessory.png","Outdoor activity & sport item",1,0,"stimuli/objects/swimgoggles.jpg",3,0,1.8268,0,1,3,114
"130",31,NA,"stimuli/m_black.jpg","stimuli/Kitchen & utensil.png","stimuli/Hand labour tool & accessory.png","stimuli/Electronic device & accessory.png","stimuli/Outdoor activity & sport item.png","Electronic device & accessory",3,0,"stimuli/objects/cameracase01a.jpg",1,0,1.2368,0,1,4,115
"131",31,NA,"stimuli/m_orange.jpg","stimuli/Electronic device & accessory.png","stimuli/Kitchen & utensil.png","stimuli/Hand labour tool & accessory.png","stimuli/Outdoor activity & sport item.png","Electronic device & accessory",1,1,"stimuli/objects/computerkeyboard02.jpg",4,0,0.5842,1,0,1,116
"132",31,NA,"stimuli/m_black.jpg","stimuli/Electronic device & accessory.png","stimuli/Outdoor activity & sport item.png","stimuli/Hand labour tool & accessory.png","stimuli/Kitchen & utensil.png","Kitchen & utensil",4,1,"stimuli/objects/waterbottle03.jpg",2,0,0.8868,0,1,4,117
"133",31,NA,"stimuli/m_orange.jpg","stimuli/Kitchen & utensil.png","stimuli/Hand labour tool & accessory.png","stimuli/Electronic device & accessory.png","stimuli/Outdoor activity & sport item.png","Kitchen & utensil",1,0,"stimuli/objects/oven.jpg",3,0,1.52,1,1,4,118
"134",31,NA,"stimuli/m_black.jpg","stimuli/Hand labour tool & accessory.png","stimuli/Electronic device & accessory.png","stimuli/Kitchen & utensil.png","stimuli/Outdoor activity & sport item.png","Outdoor activity & sport item",4,0,"stimuli/objects/backpack01a.jpg",3,0,1.1321,0,1,2,119
"135",31,NA,"stimuli/m_black.jpg","stimuli/Outdoor activity & sport item.png","stimuli/Electronic device & accessory.png","stimuli/Kitchen & utensil.png","stimuli/Hand labour tool & accessory.png","Kitchen & utensil",3,1,"stimuli/objects/measuringspoon.jpg",3,1,0.4773,0,0,4,120
