﻿images,key,illustration_loop.thisRepN,illustration_loop.thisTrialN,illustration_loop.thisN,illustration_loop.thisIndex,image.started,image.stopped,participant,Expra Code,date,expName,psychopyVersion,frameRate,
slide 1.jpg,'space’,0,0,0,0,7.959959608997451,None,1,,2021_Nov_25_1244,MemLear_ses-01_part-02_label-nBack,2020.1.3,59.7547495452182,
slide 2.jpg,'l’,0,1,1,1,11.12960409000516,None,1,,2021_Nov_25_1244,MemLear_ses-01_part-02_label-nBack,2020.1.3,59.7547495452182,
slide 3.jpg,'l’,0,2,2,2,14.534287899994524,None,1,,2021_Nov_25_1244,MemLear_ses-01_part-02_label-nBack,2020.1.3,59.7547495452182,
slide 4.jpg,'l’,0,3,3,3,14.957559634000063,None,1,,2021_Nov_25_1244,MemLear_ses-01_part-02_label-nBack,2020.1.3,59.7547495452182,
slide 5.jpg,'d’,0,4,4,4,16.29687426201417,None,1,,2021_Nov_25_1244,MemLear_ses-01_part-02_label-nBack,2020.1.3,59.7547495452182,
slide 6.jpg,'l’,0,5,5,5,17.293272962007904,None,1,,2021_Nov_25_1244,MemLear_ses-01_part-02_label-nBack,2020.1.3,59.7547495452182,
slide 7.jpg,'space’,0,6,6,6,19.035642695002025,None,1,,2021_Nov_25_1244,MemLear_ses-01_part-02_label-nBack,2020.1.3,59.7547495452182,
