myownaccuracy,respcorrs,minNrPractice,considerNrTrials,Instr_resp.keys,Instr_resp.rt,key_resp_2.keys,key_resp_2.rt,instruction_loop.thisRepN,instruction_loop.thisTrialN,instruction_loop.thisN,instruction_loop.thisIndex,instruction_loop.ran,slides,participant,Expra Code,date,expName,psychopyVersion,OS,frameRate,taskGoresp.keys,taskGoresp.rt,pract_resp.keys,pract_resp.corr,pract_resp.rt,myownaccuracyCORR,pract_loop.thisRepN,pract_loop.thisTrialN,pract_loop.thisN,pract_loop.thisIndex,pract_loop.ran,character,left_categ,centleft_categ,centright_categ,right_categ,trial_cond,corr_ans,corr_ans_num,type,img,rep_resp.keys,rep_resp.rt,repeat_practice.thisRepN,repeat_practice.thisTrialN,repeat_practice.thisN,repeat_practice.thisIndex,repeat_practice.ran,task_response.keys,task_response.corr,task_response.rt,task_loop.thisRepN,task_loop.thisTrialN,task_loop.thisN,task_loop.thisIndex,task_loop.ran,condition
[],[],10,10,space,76.0121,space,2.5013,0,0,0,0,1,stimuli/slide1.png,23,277170,2021-12-21_10h30.06.070,MemLear_ses-01_part-01_label-phase1,2020.1.3,MacIntel,60,,,,,,,,,,,,,,,,,,,,,,,,,,,,,,,,,,,,,
,,,,,,space,1.616,0,1,1,1,1,stimuli/slide2.png,23,277170,2021-12-21_10h30.06.070,MemLear_ses-01_part-01_label-phase1,2020.1.3,MacIntel,60,,,,,,,,,,,,,,,,,,,,,,,,,,,,,,,,,,,,,
,,,,,,space,2.5377,0,2,2,2,1,stimuli/slide3.png,23,277170,2021-12-21_10h30.06.070,MemLear_ses-01_part-01_label-phase1,2020.1.3,MacIntel,60,,,,,,,,,,,,,,,,,,,,,,,,,,,,,,,,,,,,,
,,,,,,space,2.3488,0,3,3,3,1,stimuli/slide4.png,23,277170,2021-12-21_10h30.06.070,MemLear_ses-01_part-01_label-phase1,2020.1.3,MacIntel,60,,,,,,,,,,,,,,,,,,,,,,,,,,,,,,,,,,,,,
,,,,,,space,2.2508,0,4,4,4,1,stimuli/slide5.png,23,277170,2021-12-21_10h30.06.070,MemLear_ses-01_part-01_label-phase1,2020.1.3,MacIntel,60,,,,,,,,,,,,,,,,,,,,,,,,,,,,,,,,,,,,,
,,,,,,space,3.6918,0,5,5,5,1,stimuli/slide6.png,23,277170,2021-12-21_10h30.06.070,MemLear_ses-01_part-01_label-phase1,2020.1.3,MacIntel,60,,,,,,,,,,,,,,,,,,,,,,,,,,,,,,,,,,,,,
1,[],,,,,,,,,,,,,23,277170,2021-12-21_10h30.06.070,MemLear_ses-01_part-01_label-phase1,2020.1.3,MacIntel,60,space,2.6472,1,1,2.3676,1,0,0,0,0,1,stimuli/m_red.jpg,stimuli/Food.png,stimuli/Gamestoy & entertainment.png,stimuli/Vehicle.png,stimuli/Clothing.png,1,Food,1,1,stimuli/objects/chocolatecroissant.jpg,,,,,,,,,,,,,,,,
0,[1],,,,,,,,,,,,,23,277170,2021-12-21_10h30.06.070,MemLear_ses-01_part-01_label-phase1,2020.1.3,MacIntel,60,,,2,0,1.0469,1,0,1,1,1,1,stimuli/m_red.jpg,stimuli/Clothing.png,stimuli/Food.png,stimuli/Gamestoy & entertainment.png,stimuli/Vehicle.png,0,Vehicle,4,0,stimuli/objects/tricycle.jpg,,,,,,,,,,,,,,,,
0,[1],,,,,,,,,,,,,23,277170,2021-12-21_10h30.06.070,MemLear_ses-01_part-01_label-phase1,2020.1.3,MacIntel,60,,,3,0,2.6979,1,0,2,2,2,1,stimuli/m_blue.jpg,stimuli/Vehicle.png,stimuli/Clothing.png,stimuli/Gamestoy & entertainment.png,stimuli/Food.png,0,Food,4,0,stimuli/objects/cracker02.jpg,,,,,,,,,,,,,,,,
1,[1],,,,,,,,,,,,,23,277170,2021-12-21_10h30.06.070,MemLear_ses-01_part-01_label-phase1,2020.1.3,MacIntel,60,,,4,1,1.5978,1,0,3,3,3,1,stimuli/m_red.jpg,stimuli/Clothing.png,stimuli/Vehicle.png,stimuli/Gamestoy & entertainment.png,stimuli/Food.png,1,Food,4,1,stimuli/objects/hotdog.jpg,,,,,,,,,,,,,,,,
1,"[1,1]",,,,,,,,,,,,,23,277170,2021-12-21_10h30.06.070,MemLear_ses-01_part-01_label-phase1,2020.1.3,MacIntel,60,,,3,1,2.032,1,0,4,4,4,1,stimuli/m_red.jpg,stimuli/Clothing.png,stimuli/Gamestoy & entertainment.png,stimuli/Food.png,stimuli/Vehicle.png,1,Food,3,1,stimuli/objects/kiwi03.jpg,,,,,,,,,,,,,,,,
1,"[1,1,1]",,,,,,,,,,,,,23,277170,2021-12-21_10h30.06.070,MemLear_ses-01_part-01_label-phase1,2020.1.3,MacIntel,60,,,3,1,1.2473,1,0,5,5,5,1,stimuli/m_red.jpg,stimuli/Vehicle.png,stimuli/Gamestoy & entertainment.png,stimuli/Food.png,stimuli/Clothing.png,1,Food,3,1,stimuli/objects/greenolive.jpg,,,,,,,,,,,,,,,,
1,"[1,1,1,1]",,,,,,,,,,,,,23,277170,2021-12-21_10h30.06.070,MemLear_ses-01_part-01_label-phase1,2020.1.3,MacIntel,60,,,4,1,3.1129,1,0,6,6,6,1,stimuli/m_blue.jpg,stimuli/Food.png,stimuli/Clothing.png,stimuli/Vehicle.png,stimuli/Gamestoy & entertainment.png,1,Gamestoy & entertainment,4,1,stimuli/objects/paperairplane.jpg,,,,,,,,,,,,,,,,
1,"[1,1,1,1,1]",,,,,,,,,,,,,23,277170,2021-12-21_10h30.06.070,MemLear_ses-01_part-01_label-phase1,2020.1.3,MacIntel,60,,,2,1,3.679,1,0,7,7,7,1,stimuli/m_blue.jpg,stimuli/Vehicle.png,stimuli/Gamestoy & entertainment.png,stimuli/Food.png,stimuli/Clothing.png,1,Gamestoy & entertainment,2,1,stimuli/objects/toyanimal02.jpg,,,,,,,,,,,,,,,,
1,"[1,1,1,1,1,1]",,,,,,,,,,,,,23,277170,2021-12-21_10h30.06.070,MemLear_ses-01_part-01_label-phase1,2020.1.3,MacIntel,60,,,4,1,1.6627,1,0,8,8,8,1,stimuli/m_red.jpg,stimuli/Vehicle.png,stimuli/Clothing.png,stimuli/Gamestoy & entertainment.png,stimuli/Food.png,1,Food,4,1,stimuli/objects/casabamelon.jpg,,,,,,,,,,,,,,,,
1,"[1,1,1,1,1,1,1]",,,,,,,,,,,,,23,277170,2021-12-21_10h30.06.070,MemLear_ses-01_part-01_label-phase1,2020.1.3,MacIntel,60,,,1,1,1.9458,1,0,9,9,9,1,stimuli/m_blue.jpg,stimuli/Gamestoy & entertainment.png,stimuli/Clothing.png,stimuli/Vehicle.png,stimuli/Food.png,1,Gamestoy & entertainment,1,1,stimuli/objects/paddleball.jpg,,,,,,,,,,,,,,,,
1,"[1,1,1,1,1,1,1,1]",,,,,,,,,,,,,23,277170,2021-12-21_10h30.06.070,MemLear_ses-01_part-01_label-phase1,2020.1.3,MacIntel,60,,,1,1,1.3353,1,0,10,10,10,1,stimuli/m_blue.jpg,stimuli/Gamestoy & entertainment.png,stimuli/Clothing.png,stimuli/Food.png,stimuli/Vehicle.png,1,Gamestoy & entertainment,1,1,stimuli/objects/rockinghorse.jpg,,,,,,,,,,,,,,,,
1,"[1,1,1,1,1,1,1,1,1]",,,,,,,,,,,,,23,277170,2021-12-21_10h30.06.070,MemLear_ses-01_part-01_label-phase1,2020.1.3,MacIntel,60,,,2,1,1.1808,1,0,11,11,11,1,stimuli/m_red.jpg,stimuli/Vehicle.png,stimuli/Food.png,stimuli/Clothing.png,stimuli/Gamestoy & entertainment.png,1,Food,2,1,stimuli/objects/arugula.jpg,,,,,,,,,,,,,,,,
,,,,,,,,,,,,,,23,277170,2021-12-21_10h30.06.070,MemLear_ses-01_part-01_label-phase1,2020.1.3,MacIntel,60,,,,,,,,,,,,,,,,,,,,,,space,86.6516,0,0,0,0,1,,,,,,,,,
1,[],,,,,,,,,,,,,23,277170,2021-12-21_10h30.06.070,MemLear_ses-01_part-01_label-phase1,2020.1.3,MacIntel,60,,,1,1,1.1457,1,0,0,0,0,1,stimuli/m_red.jpg,stimuli/Food.png,stimuli/Gamestoy & entertainment.png,stimuli/Vehicle.png,stimuli/Clothing.png,1,Food,1,1,stimuli/objects/chocolatecroissant.jpg,,,,,,,,,,,,,,,,
0,[1],,,,,,,,,,,,,23,277170,2021-12-21_10h30.06.070,MemLear_ses-01_part-01_label-phase1,2020.1.3,MacIntel,60,,,2,0,1.0548,1,0,1,1,1,1,stimuli/m_red.jpg,stimuli/Clothing.png,stimuli/Food.png,stimuli/Gamestoy & entertainment.png,stimuli/Vehicle.png,0,Vehicle,4,0,stimuli/objects/tricycle.jpg,,,,,,,,,,,,,,,,
0,[1],,,,,,,,,,,,,23,277170,2021-12-21_10h30.06.070,MemLear_ses-01_part-01_label-phase1,2020.1.3,MacIntel,60,,,3,0,2.3646,1,0,2,2,2,1,stimuli/m_blue.jpg,stimuli/Vehicle.png,stimuli/Clothing.png,stimuli/Gamestoy & entertainment.png,stimuli/Food.png,0,Food,4,0,stimuli/objects/cracker02.jpg,,,,,,,,,,,,,,,,
1,[1],,,,,,,,,,,,,23,277170,2021-12-21_10h30.06.070,MemLear_ses-01_part-01_label-phase1,2020.1.3,MacIntel,60,,,4,1,1.5787,1,0,3,3,3,1,stimuli/m_red.jpg,stimuli/Clothing.png,stimuli/Vehicle.png,stimuli/Gamestoy & entertainment.png,stimuli/Food.png,1,Food,4,1,stimuli/objects/hotdog.jpg,,,,,,,,,,,,,,,,
1,"[1,1]",,,,,,,,,,,,,23,277170,2021-12-21_10h30.06.070,MemLear_ses-01_part-01_label-phase1,2020.1.3,MacIntel,60,,,3,1,1.5295,1,0,4,4,4,1,stimuli/m_red.jpg,stimuli/Clothing.png,stimuli/Gamestoy & entertainment.png,stimuli/Food.png,stimuli/Vehicle.png,1,Food,3,1,stimuli/objects/kiwi03.jpg,,,,,,,,,,,,,,,,
1,"[1,1,1]",,,,,,,,,,,,,23,277170,2021-12-21_10h30.06.070,MemLear_ses-01_part-01_label-phase1,2020.1.3,MacIntel,60,,,3,1,1.2955,1,0,5,5,5,1,stimuli/m_red.jpg,stimuli/Vehicle.png,stimuli/Gamestoy & entertainment.png,stimuli/Food.png,stimuli/Clothing.png,1,Food,3,1,stimuli/objects/greenolive.jpg,,,,,,,,,,,,,,,,
1,"[1,1,1,1]",,,,,,,,,,,,,23,277170,2021-12-21_10h30.06.070,MemLear_ses-01_part-01_label-phase1,2020.1.3,MacIntel,60,,,4,1,1.3115,1,0,6,6,6,1,stimuli/m_blue.jpg,stimuli/Food.png,stimuli/Clothing.png,stimuli/Vehicle.png,stimuli/Gamestoy & entertainment.png,1,Gamestoy & entertainment,4,1,stimuli/objects/paperairplane.jpg,,,,,,,,,,,,,,,,
1,"[1,1,1,1,1]",,,,,,,,,,,,,23,277170,2021-12-21_10h30.06.070,MemLear_ses-01_part-01_label-phase1,2020.1.3,MacIntel,60,,,2,1,1.6638,1,0,7,7,7,1,stimuli/m_blue.jpg,stimuli/Vehicle.png,stimuli/Gamestoy & entertainment.png,stimuli/Food.png,stimuli/Clothing.png,1,Gamestoy & entertainment,2,1,stimuli/objects/toyanimal02.jpg,,,,,,,,,,,,,,,,
1,"[1,1,1,1,1,1]",,,,,,,,,,,,,23,277170,2021-12-21_10h30.06.070,MemLear_ses-01_part-01_label-phase1,2020.1.3,MacIntel,60,,,4,1,1.1288,1,0,8,8,8,1,stimuli/m_red.jpg,stimuli/Vehicle.png,stimuli/Clothing.png,stimuli/Gamestoy & entertainment.png,stimuli/Food.png,1,Food,4,1,stimuli/objects/casabamelon.jpg,,,,,,,,,,,,,,,,
1,"[1,1,1,1,1,1,1]",,,,,,,,,,,,,23,277170,2021-12-21_10h30.06.070,MemLear_ses-01_part-01_label-phase1,2020.1.3,MacIntel,60,,,1,1,1.2145,1,0,9,9,9,1,stimuli/m_blue.jpg,stimuli/Gamestoy & entertainment.png,stimuli/Clothing.png,stimuli/Vehicle.png,stimuli/Food.png,1,Gamestoy & entertainment,1,1,stimuli/objects/paddleball.jpg,,,,,,,,,,,,,,,,
1,"[1,1,1,1,1,1,1,1]",,,,,,,,,,,,,23,277170,2021-12-21_10h30.06.070,MemLear_ses-01_part-01_label-phase1,2020.1.3,MacIntel,60,,,1,1,1.9625,1,0,10,10,10,1,stimuli/m_blue.jpg,stimuli/Gamestoy & entertainment.png,stimuli/Clothing.png,stimuli/Food.png,stimuli/Vehicle.png,1,Gamestoy & entertainment,1,1,stimuli/objects/rockinghorse.jpg,,,,,,,,,,,,,,,,
1,"[1,1,1,1,1,1,1,1,1]",,,,,,,,,,,,,23,277170,2021-12-21_10h30.06.070,MemLear_ses-01_part-01_label-phase1,2020.1.3,MacIntel,60,,,2,1,1.1451,1,0,11,11,11,1,stimuli/m_red.jpg,stimuli/Vehicle.png,stimuli/Food.png,stimuli/Clothing.png,stimuli/Gamestoy & entertainment.png,1,Food,2,1,stimuli/objects/arugula.jpg,,,,,,,,,,,,,,,,
,,,,,,,,,,,,,,23,277170,2021-12-21_10h30.06.070,MemLear_ses-01_part-01_label-phase1,2020.1.3,MacIntel,60,,,,,,,,,,,,,,,,,,,,,,n,8.0326,1,0,1,0,1,,,,,,,,,
,,,,,,,,,,,,,,23,277170,2021-12-21_10h30.06.070,MemLear_ses-01_part-01_label-phase1,2020.1.3,MacIntel,60,,,,,,,,,,,,stimuli/m_orange.jpg,stimuli/Kitchen & utensil.png,stimuli/Outdoor activity & sport item.png,stimuli/Hand labour tool & accessory.png,stimuli/Electronic device & accessory.png,,Electronic device & accessory,4,1,stimuli/objects/spotlight.jpg,,,,,,,,4,1,2.1496,0,0,0,0,1,1
,,,,,,,,,,,,,,23,277170,2021-12-21_10h30.06.070,MemLear_ses-01_part-01_label-phase1,2020.1.3,MacIntel,60,,,,,,,,,,,,stimuli/m_black.jpg,stimuli/Kitchen & utensil.png,stimuli/Outdoor activity & sport item.png,stimuli/Electronic device & accessory.png,stimuli/Hand labour tool & accessory.png,,Kitchen & utensil,1,1,stimuli/objects/peppermill02b.jpg,,,,,,,,1,1,1.7477,0,1,1,1,1,0
,,,,,,,,,,,,,,23,277170,2021-12-21_10h30.06.070,MemLear_ses-01_part-01_label-phase1,2020.1.3,MacIntel,60,,,,,,,,,,,,stimuli/m_black.jpg,stimuli/Hand labour tool & accessory.png,stimuli/Electronic device & accessory.png,stimuli/Outdoor activity & sport item.png,stimuli/Kitchen & utensil.png,,Kitchen & utensil,4,1,stimuli/objects/canister.jpg,,,,,,,,4,1,1.7989,0,2,2,2,1,0
,,,,,,,,,,,,,,23,277170,2021-12-21_10h30.06.070,MemLear_ses-01_part-01_label-phase1,2020.1.3,MacIntel,60,,,,,,,,,,,,stimuli/m_orange.jpg,stimuli/Electronic device & accessory.png,stimuli/Outdoor activity & sport item.png,stimuli/Kitchen & utensil.png,stimuli/Hand labour tool & accessory.png,,Kitchen & utensil,3,0,stimuli/objects/fryingpan02a.jpg,,,,,,,,1,0,2.3682,0,3,3,3,1,1
,,,,,,,,,,,,,,23,277170,2021-12-21_10h30.06.070,MemLear_ses-01_part-01_label-phase1,2020.1.3,MacIntel,60,,,,,,,,,,,,stimuli/m_black.jpg,stimuli/Kitchen & utensil.png,stimuli/Electronic device & accessory.png,stimuli/Hand labour tool & accessory.png,stimuli/Outdoor activity & sport item.png,,Kitchen & utensil,1,1,stimuli/objects/muffintray01.jpg,,,,,,,,1,1,2.086,0,4,4,4,1,0
,,,,,,,,,,,,,,23,277170,2021-12-21_10h30.06.070,MemLear_ses-01_part-01_label-phase1,2020.1.3,MacIntel,60,,,,,,,,,,,,stimuli/m_orange.jpg,stimuli/Hand labour tool & accessory.png,stimuli/Outdoor activity & sport item.png,stimuli/Kitchen & utensil.png,stimuli/Electronic device & accessory.png,,Kitchen & utensil,3,0,stimuli/objects/bowl02a.jpg,,,,,,,,3,1,3.716,0,5,5,5,1,1
,,,,,,,,,,,,,,23,277170,2021-12-21_10h30.06.070,MemLear_ses-01_part-01_label-phase1,2020.1.3,MacIntel,60,,,,,,,,,,,,stimuli/m_black.jpg,stimuli/Kitchen & utensil.png,stimuli/Electronic device & accessory.png,stimuli/Outdoor activity & sport item.png,stimuli/Hand labour tool & accessory.png,,Kitchen & utensil,1,1,stimuli/objects/cowbell.jpg,,,,,,,,1,1,2.5658,0,6,6,6,1,0
,,,,,,,,,,,,,,23,277170,2021-12-21_10h30.06.070,MemLear_ses-01_part-01_label-phase1,2020.1.3,MacIntel,60,,,,,,,,,,,,stimuli/m_orange.jpg,stimuli/Hand labour tool & accessory.png,stimuli/Kitchen & utensil.png,stimuli/Outdoor activity & sport item.png,stimuli/Electronic device & accessory.png,,Electronic device & accessory,4,1,stimuli/objects/usbkey.jpg,,,,,,,,4,1,2.7292,0,7,7,7,1,1
,,,,,,,,,,,,,,23,277170,2021-12-21_10h30.06.070,MemLear_ses-01_part-01_label-phase1,2020.1.3,MacIntel,60,,,,,,,,,,,,stimuli/m_black.jpg,stimuli/Outdoor activity & sport item.png,stimuli/Kitchen & utensil.png,stimuli/Hand labour tool & accessory.png,stimuli/Electronic device & accessory.png,,Outdoor activity & sport item,1,0,stimuli/objects/toyhockeystick01.jpg,,,,,,,,,0,,0,8,8,8,1,0
,,,,,,,,,,,,,,23,277170,2021-12-21_10h30.06.070,MemLear_ses-01_part-01_label-phase1,2020.1.3,MacIntel,60,,,,,,,,,,,,stimuli/m_orange.jpg,stimuli/Hand labour tool & accessory.png,stimuli/Electronic device & accessory.png,stimuli/Outdoor activity & sport item.png,stimuli/Kitchen & utensil.png,,Hand labour tool & accessory,1,0,stimuli/objects/tablesaw.jpg,,,,,,,,,0,,0,9,9,9,1,1
,,,,,,,,,,,,,,23,277170,2021-12-21_10h30.06.070,MemLear_ses-01_part-01_label-phase1,2020.1.3,MacIntel,60,,,,,,,,,,,,stimuli/m_black.jpg,stimuli/Kitchen & utensil.png,stimuli/Hand labour tool & accessory.png,stimuli/Outdoor activity & sport item.png,stimuli/Electronic device & accessory.png,,Kitchen & utensil,1,1,stimuli/objects/kitchenscale01a.jpg,,,,,,,,4,0,2.0639,0,10,10,10,1,0
,,,,,,,,,,,,,,23,277170,2021-12-21_10h30.06.070,MemLear_ses-01_part-01_label-phase1,2020.1.3,MacIntel,60,,,,,,,,,,,,stimuli/m_orange.jpg,stimuli/Outdoor activity & sport item.png,stimuli/Kitchen & utensil.png,stimuli/Hand labour tool & accessory.png,stimuli/Electronic device & accessory.png,,Electronic device & accessory,4,1,stimuli/objects/securitycamera.jpg,,,,,,,,1,0,3.0331,0,11,11,11,1,1
,,,,,,,,,,,,,,23,277170,2021-12-21_10h30.06.070,MemLear_ses-01_part-01_label-phase1,2020.1.3,MacIntel,60,,,,,,,,,,,,stimuli/m_orange.jpg,stimuli/Kitchen & utensil.png,stimuli/Electronic device & accessory.png,stimuli/Outdoor activity & sport item.png,stimuli/Hand labour tool & accessory.png,,Electronic device & accessory,2,1,stimuli/objects/photocopier.jpg,,,,,,,,2,1,1.5303,0,12,12,12,1,1
,,,,,,,,,,,,,,23,277170,2021-12-21_10h30.06.070,MemLear_ses-01_part-01_label-phase1,2020.1.3,MacIntel,60,,,,,,,,,,,,stimuli/m_orange.jpg,stimuli/Outdoor activity & sport item.png,stimuli/Hand labour tool & accessory.png,stimuli/Kitchen & utensil.png,stimuli/Electronic device & accessory.png,,Electronic device & accessory,4,1,stimuli/objects/phonejack.jpg,,,,,,,,,0,,0,13,13,13,1,1
,,,,,,,,,,,,,,23,277170,2021-12-21_10h30.06.070,MemLear_ses-01_part-01_label-phase1,2020.1.3,MacIntel,60,,,,,,,,,,,,stimuli/m_orange.jpg,stimuli/Hand labour tool & accessory.png,stimuli/Electronic device & accessory.png,stimuli/Kitchen & utensil.png,stimuli/Outdoor activity & sport item.png,,Hand labour tool & accessory,1,0,stimuli/objects/swissarmyknife01a.jpg,,,,,,,,3,0,3.6632,0,14,14,14,1,1
,,,,,,,,,,,,,,23,277170,2021-12-21_10h30.06.070,MemLear_ses-01_part-01_label-phase1,2020.1.3,MacIntel,60,,,,,,,,,,,,stimuli/m_orange.jpg,stimuli/Outdoor activity & sport item.png,stimuli/Kitchen & utensil.png,stimuli/Hand labour tool & accessory.png,stimuli/Electronic device & accessory.png,,Electronic device & accessory,4,1,stimuli/objects/lamp04a.jpg,,,,,,,,4,1,2.0978,0,15,15,15,1,1
,,,,,,,,,,,,,,23,277170,2021-12-21_10h30.06.070,MemLear_ses-01_part-01_label-phase1,2020.1.3,MacIntel,60,,,,,,,,,,,,stimuli/m_black.jpg,stimuli/Hand labour tool & accessory.png,stimuli/Kitchen & utensil.png,stimuli/Outdoor activity & sport item.png,stimuli/Electronic device & accessory.png,,Kitchen & utensil,2,1,stimuli/objects/pastaspoon.jpg,,,,,,,,4,0,2.9336,0,16,16,16,1,0
,,,,,,,,,,,,,,23,277170,2021-12-21_10h30.06.070,MemLear_ses-01_part-01_label-phase1,2020.1.3,MacIntel,60,,,,,,,,,,,,stimuli/m_black.jpg,stimuli/Electronic device & accessory.png,stimuli/Outdoor activity & sport item.png,stimuli/Hand labour tool & accessory.png,stimuli/Kitchen & utensil.png,,Kitchen & utensil,4,1,stimuli/objects/fonduefork01.jpg,,,,,,,,4,1,2.4476,0,17,17,17,1,0
,,,,,,,,,,,,,,23,277170,2021-12-21_10h30.06.070,MemLear_ses-01_part-01_label-phase1,2020.1.3,MacIntel,60,,,,,,,,,,,,stimuli/m_black.jpg,stimuli/Outdoor activity & sport item.png,stimuli/Kitchen & utensil.png,stimuli/Hand labour tool & accessory.png,stimuli/Electronic device & accessory.png,,Kitchen & utensil,2,1,stimuli/objects/dishrack.jpg,,,,,,,,2,1,3.4215,0,18,18,18,1,0
,,,,,,,,,,,,,,23,277170,2021-12-21_10h30.06.070,MemLear_ses-01_part-01_label-phase1,2020.1.3,MacIntel,60,,,,,,,,,,,,stimuli/m_orange.jpg,stimuli/Kitchen & utensil.png,stimuli/Electronic device & accessory.png,stimuli/Outdoor activity & sport item.png,stimuli/Hand labour tool & accessory.png,,Electronic device & accessory,2,1,stimuli/objects/expansioncard.jpg,,,,,,,,1,0,2.6291,0,19,19,19,1,1
,,,,,,,,,,,,,,23,277170,2021-12-21_10h30.06.070,MemLear_ses-01_part-01_label-phase1,2020.1.3,MacIntel,60,,,,,,,,,,,,stimuli/m_black.jpg,stimuli/Electronic device & accessory.png,stimuli/Hand labour tool & accessory.png,stimuli/Outdoor activity & sport item.png,stimuli/Kitchen & utensil.png,,Kitchen & utensil,4,1,stimuli/objects/tupperware03a.jpg,,,,,,,,,0,,0,20,20,20,1,0
,,,,,,,,,,,,,,23,277170,2021-12-21_10h30.06.070,MemLear_ses-01_part-01_label-phase1,2020.1.3,MacIntel,60,,,,,,,,,,,,stimuli/m_orange.jpg,stimuli/Electronic device & accessory.png,stimuli/Hand labour tool & accessory.png,stimuli/Outdoor activity & sport item.png,stimuli/Kitchen & utensil.png,,Outdoor activity & sport item,3,0,stimuli/objects/surfboard.jpg,,,,,,,,4,0,2.8191,0,21,21,21,1,1
,,,,,,,,,,,,,,23,277170,2021-12-21_10h30.06.070,MemLear_ses-01_part-01_label-phase1,2020.1.3,MacIntel,60,,,,,,,,,,,,stimuli/m_orange.jpg,stimuli/Kitchen & utensil.png,stimuli/Hand labour tool & accessory.png,stimuli/Outdoor activity & sport item.png,stimuli/Electronic device & accessory.png,,Electronic device & accessory,4,1,stimuli/objects/electricoutlet.jpg,,,,,,,,3,0,2.3792,0,22,22,22,1,1
,,,,,,,,,,,,,,23,277170,2021-12-21_10h30.06.070,MemLear_ses-01_part-01_label-phase1,2020.1.3,MacIntel,60,,,,,,,,,,,,stimuli/m_black.jpg,stimuli/Electronic device & accessory.png,stimuli/Hand labour tool & accessory.png,stimuli/Kitchen & utensil.png,stimuli/Outdoor activity & sport item.png,,Kitchen & utensil,3,1,stimuli/objects/beermug01a.jpg,,,,,,,,,0,,0,23,23,23,1,0
,,,,,,,,,,,,,,23,277170,2021-12-21_10h30.06.070,MemLear_ses-01_part-01_label-phase1,2020.1.3,MacIntel,60,,,,,,,,,,,,stimuli/m_orange.jpg,stimuli/Kitchen & utensil.png,stimuli/Hand labour tool & accessory.png,stimuli/Outdoor activity & sport item.png,stimuli/Electronic device & accessory.png,,Electronic device & accessory,4,1,stimuli/objects/scanner.jpg,,,,,,,,,0,,0,24,24,24,1,1
,,,,,,,,,,,,,,23,277170,2021-12-21_10h30.06.070,MemLear_ses-01_part-01_label-phase1,2020.1.3,MacIntel,60,,,,,,,,,,,,stimuli/m_black.jpg,stimuli/Electronic device & accessory.png,stimuli/Hand labour tool & accessory.png,stimuli/Kitchen & utensil.png,stimuli/Outdoor activity & sport item.png,,Electronic device & accessory,1,0,stimuli/objects/filmnegative.jpg,,,,,,,,1,1,1.9482,0,25,25,25,1,0
,,,,,,,,,,,,,,23,277170,2021-12-21_10h30.06.070,MemLear_ses-01_part-01_label-phase1,2020.1.3,MacIntel,60,,,,,,,,,,,,stimuli/m_black.jpg,stimuli/Hand labour tool & accessory.png,stimuli/Electronic device & accessory.png,stimuli/Kitchen & utensil.png,stimuli/Outdoor activity & sport item.png,,Kitchen & utensil,3,1,stimuli/objects/cleaver01.jpg,,,,,,,,3,1,3.4964,0,26,26,26,1,0
,,,,,,,,,,,,,,23,277170,2021-12-21_10h30.06.070,MemLear_ses-01_part-01_label-phase1,2020.1.3,MacIntel,60,,,,,,,,,,,,stimuli/m_orange.jpg,stimuli/Electronic device & accessory.png,stimuli/Kitchen & utensil.png,stimuli/Hand labour tool & accessory.png,stimuli/Outdoor activity & sport item.png,,Electronic device & accessory,1,1,stimuli/objects/jack.jpg,,,,,,,,1,1,1.7905,0,27,27,27,1,1
,,,,,,,,,,,,,,23,277170,2021-12-21_10h30.06.070,MemLear_ses-01_part-01_label-phase1,2020.1.3,MacIntel,60,,,,,,,,,,,,stimuli/m_orange.jpg,stimuli/Kitchen & utensil.png,stimuli/Electronic device & accessory.png,stimuli/Hand labour tool & accessory.png,stimuli/Outdoor activity & sport item.png,,Electronic device & accessory,2,1,stimuli/objects/fanheater.jpg,,,,,,,,,0,,0,28,28,28,1,1
,,,,,,,,,,,,,,23,277170,2021-12-21_10h30.06.070,MemLear_ses-01_part-01_label-phase1,2020.1.3,MacIntel,60,,,,,,,,,,,,stimuli/m_black.jpg,stimuli/Outdoor activity & sport item.png,stimuli/Hand labour tool & accessory.png,stimuli/Electronic device & accessory.png,stimuli/Kitchen & utensil.png,,Outdoor activity & sport item,1,0,stimuli/objects/umbrella04.jpg,,,,,,,,4,0,1.918,0,29,29,29,1,0
,,,,,,,,,,,,,,23,277170,2021-12-21_10h30.06.070,MemLear_ses-01_part-01_label-phase1,2020.1.3,MacIntel,60,,,,,,,,,,,,stimuli/m_black.jpg,stimuli/Kitchen & utensil.png,stimuli/Outdoor activity & sport item.png,stimuli/Electronic device & accessory.png,stimuli/Hand labour tool & accessory.png,,Kitchen & utensil,1,1,stimuli/objects/spicerack.jpg,,,,,,,,1,1,1.5786,0,30,30,30,1,0
,,,,,,,,,,,,,,23,277170,2021-12-21_10h30.06.070,MemLear_ses-01_part-01_label-phase1,2020.1.3,MacIntel,60,,,,,,,,,,,,stimuli/m_orange.jpg,stimuli/Kitchen & utensil.png,stimuli/Electronic device & accessory.png,stimuli/Hand labour tool & accessory.png,stimuli/Outdoor activity & sport item.png,,Electronic device & accessory,2,1,stimuli/objects/crocodileclips.jpg,,,,,,,,2,1,1.1626,0,31,31,31,1,1
,,,,,,,,,,,,,,23,277170,2021-12-21_10h30.06.070,MemLear_ses-01_part-01_label-phase1,2020.1.3,MacIntel,60,,,,,,,,,,,,stimuli/m_orange.jpg,stimuli/Electronic device & accessory.png,stimuli/Hand labour tool & accessory.png,stimuli/Kitchen & utensil.png,stimuli/Outdoor activity & sport item.png,,Kitchen & utensil,3,0,stimuli/objects/minifridge.jpg,,,,,,,,1,0,2.0139,0,32,32,32,1,1
,,,,,,,,,,,,,,23,277170,2021-12-21_10h30.06.070,MemLear_ses-01_part-01_label-phase1,2020.1.3,MacIntel,60,,,,,,,,,,,,stimuli/m_orange.jpg,stimuli/Outdoor activity & sport item.png,stimuli/Electronic device & accessory.png,stimuli/Kitchen & utensil.png,stimuli/Hand labour tool & accessory.png,,Electronic device & accessory,2,1,stimuli/objects/heatpump.jpg,,,,,,,,2,1,1.097,0,33,33,33,1,1
,,,,,,,,,,,,,,23,277170,2021-12-21_10h30.06.070,MemLear_ses-01_part-01_label-phase1,2020.1.3,MacIntel,60,,,,,,,,,,,,stimuli/m_black.jpg,stimuli/Hand labour tool & accessory.png,stimuli/Kitchen & utensil.png,stimuli/Outdoor activity & sport item.png,stimuli/Electronic device & accessory.png,,Kitchen & utensil,2,1,stimuli/objects/funnel.jpg,,,,,,,,2,1,1.3493,0,34,34,34,1,0
,,,,,,,,,,,,,,23,277170,2021-12-21_10h30.06.070,MemLear_ses-01_part-01_label-phase1,2020.1.3,MacIntel,60,,,,,,,,,,,,stimuli/m_orange.jpg,stimuli/Outdoor activity & sport item.png,stimuli/Kitchen & utensil.png,stimuli/Electronic device & accessory.png,stimuli/Hand labour tool & accessory.png,,Electronic device & accessory,3,1,stimuli/objects/lightswitch01.jpg,,,,,,,,3,1,1.9464,0,35,35,35,1,1
,,,,,,,,,,,,,,23,277170,2021-12-21_10h30.06.070,MemLear_ses-01_part-01_label-phase1,2020.1.3,MacIntel,60,,,,,,,,,,,,stimuli/m_orange.jpg,stimuli/Outdoor activity & sport item.png,stimuli/Kitchen & utensil.png,stimuli/Hand labour tool & accessory.png,stimuli/Electronic device & accessory.png,,Outdoor activity & sport item,1,0,stimuli/objects/snowshoe.jpg,,,,,,,,4,0,1.8843,0,36,36,36,1,1
,,,,,,,,,,,,,,23,277170,2021-12-21_10h30.06.070,MemLear_ses-01_part-01_label-phase1,2020.1.3,MacIntel,60,,,,,,,,,,,,stimuli/m_black.jpg,stimuli/Outdoor activity & sport item.png,stimuli/Kitchen & utensil.png,stimuli/Electronic device & accessory.png,stimuli/Hand labour tool & accessory.png,,Kitchen & utensil,2,1,stimuli/objects/shotglass.jpg,,,,,,,,2,1,1.4252,0,37,37,37,1,0
,,,,,,,,,,,,,,23,277170,2021-12-21_10h30.06.070,MemLear_ses-01_part-01_label-phase1,2020.1.3,MacIntel,60,,,,,,,,,,,,stimuli/m_orange.jpg,stimuli/Electronic device & accessory.png,stimuli/Hand labour tool & accessory.png,stimuli/Kitchen & utensil.png,stimuli/Outdoor activity & sport item.png,,Kitchen & utensil,3,0,stimuli/objects/cookingpot.jpg,,,,,,,,1,0,2.1366,0,38,38,38,1,1
,,,,,,,,,,,,,,23,277170,2021-12-21_10h30.06.070,MemLear_ses-01_part-01_label-phase1,2020.1.3,MacIntel,60,,,,,,,,,,,,stimuli/m_black.jpg,stimuli/Hand labour tool & accessory.png,stimuli/Outdoor activity & sport item.png,stimuli/Kitchen & utensil.png,stimuli/Electronic device & accessory.png,,Kitchen & utensil,3,1,stimuli/objects/pitcher02b.jpg,,,,,,,,3,1,2.9805,0,39,39,39,1,0
,,,,,,,,,,,,,,23,277170,2021-12-21_10h30.06.070,MemLear_ses-01_part-01_label-phase1,2020.1.3,MacIntel,60,,,,,,,,,,,,stimuli/m_black.jpg,stimuli/Electronic device & accessory.png,stimuli/Outdoor activity & sport item.png,stimuli/Kitchen & utensil.png,stimuli/Hand labour tool & accessory.png,,Electronic device & accessory,1,0,stimuli/objects/wiicontroller.jpg,,,,,,,,3,0,1.7468,0,40,40,40,1,0
,,,,,,,,,,,,,,23,277170,2021-12-21_10h30.06.070,MemLear_ses-01_part-01_label-phase1,2020.1.3,MacIntel,60,,,,,,,,,,,,stimuli/m_black.jpg,stimuli/Hand labour tool & accessory.png,stimuli/Electronic device & accessory.png,stimuli/Outdoor activity & sport item.png,stimuli/Kitchen & utensil.png,,Hand labour tool & accessory,1,0,stimuli/objects/knifesharpener.jpg,,,,,,,,4,0,1.7476,0,41,41,41,1,0
,,,,,,,,,,,,,,23,277170,2021-12-21_10h30.06.070,MemLear_ses-01_part-01_label-phase1,2020.1.3,MacIntel,60,,,,,,,,,,,,stimuli/m_black.jpg,stimuli/Electronic device & accessory.png,stimuli/Outdoor activity & sport item.png,stimuli/Kitchen & utensil.png,stimuli/Hand labour tool & accessory.png,,Kitchen & utensil,3,1,stimuli/objects/peeler01.jpg,,,,,,,,3,1,1.5962,0,42,42,42,1,0
,,,,,,,,,,,,,,23,277170,2021-12-21_10h30.06.070,MemLear_ses-01_part-01_label-phase1,2020.1.3,MacIntel,60,,,,,,,,,,,,stimuli/m_black.jpg,stimuli/Electronic device & accessory.png,stimuli/Kitchen & utensil.png,stimuli/Hand labour tool & accessory.png,stimuli/Outdoor activity & sport item.png,,Kitchen & utensil,2,1,stimuli/objects/pot01.jpg,,,,,,,,2,1,1.1056,0,43,43,43,1,0
,,,,,,,,,,,,,,23,277170,2021-12-21_10h30.06.070,MemLear_ses-01_part-01_label-phase1,2020.1.3,MacIntel,60,,,,,,,,,,,,stimuli/m_black.jpg,stimuli/Electronic device & accessory.png,stimuli/Kitchen & utensil.png,stimuli/Outdoor activity & sport item.png,stimuli/Hand labour tool & accessory.png,,Kitchen & utensil,2,1,stimuli/objects/coffeemaker.jpg,,,,,,,,2,1,1.1636,0,44,44,44,1,0
,,,,,,,,,,,,,,23,277170,2021-12-21_10h30.06.070,MemLear_ses-01_part-01_label-phase1,2020.1.3,MacIntel,60,,,,,,,,,,,,stimuli/m_black.jpg,stimuli/Kitchen & utensil.png,stimuli/Electronic device & accessory.png,stimuli/Outdoor activity & sport item.png,stimuli/Hand labour tool & accessory.png,,Kitchen & utensil,1,1,stimuli/objects/spatula04.jpg,,,,,,,,1,1,1.3507,0,45,45,45,1,0
,,,,,,,,,,,,,,23,277170,2021-12-21_10h30.06.070,MemLear_ses-01_part-01_label-phase1,2020.1.3,MacIntel,60,,,,,,,,,,,,stimuli/m_orange.jpg,stimuli/Outdoor activity & sport item.png,stimuli/Electronic device & accessory.png,stimuli/Kitchen & utensil.png,stimuli/Hand labour tool & accessory.png,,Electronic device & accessory,2,1,stimuli/objects/lightbulb01.jpg,,,,,,,,2,1,1.3483,0,46,46,46,1,1
,,,,,,,,,,,,,,23,277170,2021-12-21_10h30.06.070,MemLear_ses-01_part-01_label-phase1,2020.1.3,MacIntel,60,,,,,,,,,,,,stimuli/m_black.jpg,stimuli/Electronic device & accessory.png,stimuli/Kitchen & utensil.png,stimuli/Hand labour tool & accessory.png,stimuli/Outdoor activity & sport item.png,,Kitchen & utensil,2,1,stimuli/objects/cakeplatter.jpg,,,,,,,,2,1,1.8483,0,47,47,47,1,0
,,,,,,,,,,,,,,23,277170,2021-12-21_10h30.06.070,MemLear_ses-01_part-01_label-phase1,2020.1.3,MacIntel,60,,,,,,,,,,,,stimuli/m_orange.jpg,stimuli/Kitchen & utensil.png,stimuli/Electronic device & accessory.png,stimuli/Hand labour tool & accessory.png,stimuli/Outdoor activity & sport item.png,,Electronic device & accessory,2,1,stimuli/objects/alarmsystem.jpg,,,,,,,,2,1,2.6184,0,48,48,48,1,1
,,,,,,,,,,,,,,23,277170,2021-12-21_10h30.06.070,MemLear_ses-01_part-01_label-phase1,2020.1.3,MacIntel,60,,,,,,,,,,,,stimuli/m_orange.jpg,stimuli/Outdoor activity & sport item.png,stimuli/Electronic device & accessory.png,stimuli/Hand labour tool & accessory.png,stimuli/Kitchen & utensil.png,,Hand labour tool & accessory,3,0,stimuli/objects/boltcutter.jpg,,,,,,,,2,0,0.9469,0,49,49,49,1,1
,,,,,,,,,,,,,,23,277170,2021-12-21_10h30.06.070,MemLear_ses-01_part-01_label-phase1,2020.1.3,MacIntel,60,,,,,,,,,,,,stimuli/m_black.jpg,stimuli/Electronic device & accessory.png,stimuli/Hand labour tool & accessory.png,stimuli/Kitchen & utensil.png,stimuli/Outdoor activity & sport item.png,,Electronic device & accessory,1,0,stimuli/objects/audiocablesplitter.jpg,,,,,,,,3,0,1.1809,0,50,50,50,1,0
,,,,,,,,,,,,,,23,277170,2021-12-21_10h30.06.070,MemLear_ses-01_part-01_label-phase1,2020.1.3,MacIntel,60,,,,,,,,,,,,stimuli/m_orange.jpg,stimuli/Kitchen & utensil.png,stimuli/Outdoor activity & sport item.png,stimuli/Electronic device & accessory.png,stimuli/Hand labour tool & accessory.png,,Electronic device & accessory,3,1,stimuli/objects/ipod.jpg,,,,,,,,3,1,1.6976,0,51,51,51,1,1
,,,,,,,,,,,,,,23,277170,2021-12-21_10h30.06.070,MemLear_ses-01_part-01_label-phase1,2020.1.3,MacIntel,60,,,,,,,,,,,,stimuli/m_orange.jpg,stimuli/Outdoor activity & sport item.png,stimuli/Electronic device & accessory.png,stimuli/Hand labour tool & accessory.png,stimuli/Kitchen & utensil.png,,Electronic device & accessory,2,1,stimuli/objects/radio01.jpg,,,,,,,,2,1,1.2376,0,52,52,52,1,1
,,,,,,,,,,,,,,23,277170,2021-12-21_10h30.06.070,MemLear_ses-01_part-01_label-phase1,2020.1.3,MacIntel,60,,,,,,,,,,,,stimuli/m_orange.jpg,stimuli/Electronic device & accessory.png,stimuli/Outdoor activity & sport item.png,stimuli/Hand labour tool & accessory.png,stimuli/Kitchen & utensil.png,,Electronic device & accessory,1,1,stimuli/objects/telephone01b.jpg,,,,,,,,1,1,0.905,0,53,53,53,1,1
,,,,,,,,,,,,,,23,277170,2021-12-21_10h30.06.070,MemLear_ses-01_part-01_label-phase1,2020.1.3,MacIntel,60,,,,,,,,,,,,stimuli/m_black.jpg,stimuli/Kitchen & utensil.png,stimuli/Outdoor activity & sport item.png,stimuli/Hand labour tool & accessory.png,stimuli/Electronic device & accessory.png,,Kitchen & utensil,1,1,stimuli/objects/knife03.jpg,,,,,,,,1,1,0.9315,0,54,54,54,1,0
,,,,,,,,,,,,,,23,277170,2021-12-21_10h30.06.070,MemLear_ses-01_part-01_label-phase1,2020.1.3,MacIntel,60,,,,,,,,,,,,stimuli/m_black.jpg,stimuli/Kitchen & utensil.png,stimuli/Electronic device & accessory.png,stimuli/Hand labour tool & accessory.png,stimuli/Outdoor activity & sport item.png,,Kitchen & utensil,1,1,stimuli/objects/spatula03.jpg,,,,,,,,1,1,1.9177,0,55,55,55,1,0
,,,,,,,,,,,,,,23,277170,2021-12-21_10h30.06.070,MemLear_ses-01_part-01_label-phase1,2020.1.3,MacIntel,60,,,,,,,,,,,,stimuli/m_orange.jpg,stimuli/Kitchen & utensil.png,stimuli/Hand labour tool & accessory.png,stimuli/Outdoor activity & sport item.png,stimuli/Electronic device & accessory.png,,Electronic device & accessory,4,1,stimuli/objects/nintendods.jpg,,,,,,,,4,1,1.1974,0,56,56,56,1,1
,,,,,,,,,,,,,,23,277170,2021-12-21_10h30.06.070,MemLear_ses-01_part-01_label-phase1,2020.1.3,MacIntel,60,,,,,,,,,,,,stimuli/m_black.jpg,stimuli/Hand labour tool & accessory.png,stimuli/Kitchen & utensil.png,stimuli/Electronic device & accessory.png,stimuli/Outdoor activity & sport item.png,,Electronic device & accessory,3,0,stimuli/objects/avcable.jpg,,,,,,,,2,0,1.6365,0,57,57,57,1,0
,,,,,,,,,,,,,,23,277170,2021-12-21_10h30.06.070,MemLear_ses-01_part-01_label-phase1,2020.1.3,MacIntel,60,,,,,,,,,,,,stimuli/m_black.jpg,stimuli/Electronic device & accessory.png,stimuli/Hand labour tool & accessory.png,stimuli/Outdoor activity & sport item.png,stimuli/Kitchen & utensil.png,,Kitchen & utensil,4,1,stimuli/objects/chocolatefonduedish.jpg,,,,,,,,4,1,1.3625,0,58,58,58,1,0
,,,,,,,,,,,,,,23,277170,2021-12-21_10h30.06.070,MemLear_ses-01_part-01_label-phase1,2020.1.3,MacIntel,60,,,,,,,,,,,,stimuli/m_orange.jpg,stimuli/Electronic device & accessory.png,stimuli/Kitchen & utensil.png,stimuli/Outdoor activity & sport item.png,stimuli/Hand labour tool & accessory.png,,Electronic device & accessory,1,1,stimuli/objects/walkietalkie.jpg,,,,,,,,1,1,1.1144,0,59,59,59,1,1
,,,,,,,,,,,,,,23,277170,2021-12-21_10h30.06.070,MemLear_ses-01_part-01_label-phase1,2020.1.3,MacIntel,60,,,,,,,,,,,,stimuli/m_orange.jpg,stimuli/Outdoor activity & sport item.png,stimuli/Hand labour tool & accessory.png,stimuli/Electronic device & accessory.png,stimuli/Kitchen & utensil.png,,Electronic device & accessory,3,1,stimuli/objects/djmixer02.jpg,,,,,,,,3,1,1.8683,0,60,60,60,1,1
,,,,,,,,,,,,,,23,277170,2021-12-21_10h30.06.070,MemLear_ses-01_part-01_label-phase1,2020.1.3,MacIntel,60,,,,,,,,,,,,stimuli/m_black.jpg,stimuli/Kitchen & utensil.png,stimuli/Hand labour tool & accessory.png,stimuli/Outdoor activity & sport item.png,stimuli/Electronic device & accessory.png,,Kitchen & utensil,1,1,stimuli/objects/grill.jpg,,,,,,,,1,1,0.7673,0,61,61,61,1,0
,,,,,,,,,,,,,,23,277170,2021-12-21_10h30.06.070,MemLear_ses-01_part-01_label-phase1,2020.1.3,MacIntel,60,,,,,,,,,,,,stimuli/m_orange.jpg,stimuli/Electronic device & accessory.png,stimuli/Hand labour tool & accessory.png,stimuli/Kitchen & utensil.png,stimuli/Outdoor activity & sport item.png,,Electronic device & accessory,1,1,stimuli/objects/battery02b.jpg,,,,,,,,1,1,1.4463,0,62,62,62,1,1
,,,,,,,,,,,,,,23,277170,2021-12-21_10h30.06.070,MemLear_ses-01_part-01_label-phase1,2020.1.3,MacIntel,60,,,,,,,,,,,,stimuli/m_orange.jpg,stimuli/Electronic device & accessory.png,stimuli/Hand labour tool & accessory.png,stimuli/Outdoor activity & sport item.png,stimuli/Kitchen & utensil.png,,Electronic device & accessory,1,1,stimuli/objects/taperecorder.jpg,,,,,,,,1,1,0.7676,0,63,63,63,1,1
,,,,,,,,,,,,,,23,277170,2021-12-21_10h30.06.070,MemLear_ses-01_part-01_label-phase1,2020.1.3,MacIntel,60,,,,,,,,,,,,stimuli/m_orange.jpg,stimuli/Hand labour tool & accessory.png,stimuli/Outdoor activity & sport item.png,stimuli/Kitchen & utensil.png,stimuli/Electronic device & accessory.png,,Electronic device & accessory,4,1,stimuli/objects/carantenna.jpg,,,,,,,,4,1,1.3119,0,64,64,64,1,1
,,,,,,,,,,,,,,23,277170,2021-12-21_10h30.06.070,MemLear_ses-01_part-01_label-phase1,2020.1.3,MacIntel,60,,,,,,,,,,,,stimuli/m_orange.jpg,stimuli/Hand labour tool & accessory.png,stimuli/Outdoor activity & sport item.png,stimuli/Electronic device & accessory.png,stimuli/Kitchen & utensil.png,,Electronic device & accessory,3,1,stimuli/objects/lectern01.jpg,,,,,,,,3,1,3.0893,0,65,65,65,1,1
,,,,,,,,,,,,,,23,277170,2021-12-21_10h30.06.070,MemLear_ses-01_part-01_label-phase1,2020.1.3,MacIntel,60,,,,,,,,,,,,stimuli/m_black.jpg,stimuli/Kitchen & utensil.png,stimuli/Electronic device & accessory.png,stimuli/Outdoor activity & sport item.png,stimuli/Hand labour tool & accessory.png,,Kitchen & utensil,1,1,stimuli/objects/ramekin01.jpg,,,,,,,,1,1,0.5882,0,66,66,66,1,0
,,,,,,,,,,,,,,23,277170,2021-12-21_10h30.06.070,MemLear_ses-01_part-01_label-phase1,2020.1.3,MacIntel,60,,,,,,,,,,,,stimuli/m_orange.jpg,stimuli/Hand labour tool & accessory.png,stimuli/Kitchen & utensil.png,stimuli/Outdoor activity & sport item.png,stimuli/Electronic device & accessory.png,,Electronic device & accessory,4,1,stimuli/objects/videocamera01a.jpg,,,,,,,,4,1,1.0505,0,67,67,67,1,1
,,,,,,,,,,,,,,23,277170,2021-12-21_10h30.06.070,MemLear_ses-01_part-01_label-phase1,2020.1.3,MacIntel,60,,,,,,,,,,,,stimuli/m_orange.jpg,stimuli/Outdoor activity & sport item.png,stimuli/Hand labour tool & accessory.png,stimuli/Kitchen & utensil.png,stimuli/Electronic device & accessory.png,,Outdoor activity & sport item,1,0,stimuli/objects/kneepad01c.jpg,,,,,,,,4,0,1.138,0,68,68,68,1,1
,,,,,,,,,,,,,,23,277170,2021-12-21_10h30.06.070,MemLear_ses-01_part-01_label-phase1,2020.1.3,MacIntel,60,,,,,,,,,,,,stimuli/m_black.jpg,stimuli/Hand labour tool & accessory.png,stimuli/Kitchen & utensil.png,stimuli/Electronic device & accessory.png,stimuli/Outdoor activity & sport item.png,,Kitchen & utensil,2,1,stimuli/objects/coffeepot03a.jpg,,,,,,,,2,1,2.1468,0,69,69,69,1,0
,,,,,,,,,,,,,,23,277170,2021-12-21_10h30.06.070,MemLear_ses-01_part-01_label-phase1,2020.1.3,MacIntel,60,,,,,,,,,,,,stimuli/m_black.jpg,stimuli/Hand labour tool & accessory.png,stimuli/Outdoor activity & sport item.png,stimuli/Electronic device & accessory.png,stimuli/Kitchen & utensil.png,,Kitchen & utensil,4,1,stimuli/objects/cuttingboard.jpg,,,,,,,,4,1,1.6647,0,70,70,70,1,0
,,,,,,,,,,,,,,23,277170,2021-12-21_10h30.06.070,MemLear_ses-01_part-01_label-phase1,2020.1.3,MacIntel,60,,,,,,,,,,,,stimuli/m_orange.jpg,stimuli/Hand labour tool & accessory.png,stimuli/Electronic device & accessory.png,stimuli/Kitchen & utensil.png,stimuli/Outdoor activity & sport item.png,,Outdoor activity & sport item,4,0,stimuli/objects/podium.jpg,,,,,,,,2,0,0.9173,0,71,71,71,1,1
,,,,,,,,,,,,,,23,277170,2021-12-21_10h30.06.070,MemLear_ses-01_part-01_label-phase1,2020.1.3,MacIntel,60,,,,,,,,,,,,stimuli/m_black.jpg,stimuli/Outdoor activity & sport item.png,stimuli/Hand labour tool & accessory.png,stimuli/Electronic device & accessory.png,stimuli/Kitchen & utensil.png,,Kitchen & utensil,4,1,stimuli/objects/saltshaker03a.jpg,,,,,,,,4,1,1.7826,0,72,72,72,1,0
,,,,,,,,,,,,,,23,277170,2021-12-21_10h30.06.070,MemLear_ses-01_part-01_label-phase1,2020.1.3,MacIntel,60,,,,,,,,,,,,stimuli/m_black.jpg,stimuli/Hand labour tool & accessory.png,stimuli/Outdoor activity & sport item.png,stimuli/Kitchen & utensil.png,stimuli/Electronic device & accessory.png,,Electronic device & accessory,4,0,stimuli/objects/faxmachine.jpg,,,,,,,,3,0,1.571,0,73,73,73,1,0
,,,,,,,,,,,,,,23,277170,2021-12-21_10h30.06.070,MemLear_ses-01_part-01_label-phase1,2020.1.3,MacIntel,60,,,,,,,,,,,,stimuli/m_orange.jpg,stimuli/Hand labour tool & accessory.png,stimuli/Outdoor activity & sport item.png,stimuli/Electronic device & accessory.png,stimuli/Kitchen & utensil.png,,Electronic device & accessory,3,1,stimuli/objects/cashregister01.jpg,,,,,,,,3,1,1.3385,0,74,74,74,1,1
,,,,,,,,,,,,,,23,277170,2021-12-21_10h30.06.070,MemLear_ses-01_part-01_label-phase1,2020.1.3,MacIntel,60,,,,,,,,,,,,stimuli/m_orange.jpg,stimuli/Electronic device & accessory.png,stimuli/Kitchen & utensil.png,stimuli/Hand labour tool & accessory.png,stimuli/Outdoor activity & sport item.png,,Electronic device & accessory,1,1,stimuli/objects/coffeemachine.jpg,,,,,,,,1,1,1.1447,0,75,75,75,1,1
,,,,,,,,,,,,,,23,277170,2021-12-21_10h30.06.070,MemLear_ses-01_part-01_label-phase1,2020.1.3,MacIntel,60,,,,,,,,,,,,stimuli/m_black.jpg,stimuli/Hand labour tool & accessory.png,stimuli/Kitchen & utensil.png,stimuli/Outdoor activity & sport item.png,stimuli/Electronic device & accessory.png,,Kitchen & utensil,2,1,stimuli/objects/fork03c.jpg,,,,,,,,2,1,1.7197,0,76,76,76,1,0
,,,,,,,,,,,,,,23,277170,2021-12-21_10h30.06.070,MemLear_ses-01_part-01_label-phase1,2020.1.3,MacIntel,60,,,,,,,,,,,,stimuli/m_orange.jpg,stimuli/Hand labour tool & accessory.png,stimuli/Electronic device & accessory.png,stimuli/Outdoor activity & sport item.png,stimuli/Kitchen & utensil.png,,Electronic device & accessory,2,1,stimuli/objects/chandelier.jpg,,,,,,,,2,1,1.9477,0,77,77,77,1,1
,,,,,,,,,,,,,,23,277170,2021-12-21_10h30.06.070,MemLear_ses-01_part-01_label-phase1,2020.1.3,MacIntel,60,,,,,,,,,,,,stimuli/m_black.jpg,stimuli/Kitchen & utensil.png,stimuli/Outdoor activity & sport item.png,stimuli/Hand labour tool & accessory.png,stimuli/Electronic device & accessory.png,,Kitchen & utensil,1,1,stimuli/objects/bottlecap.jpg,,,,,,,,1,1,1.277,0,78,78,78,1,0
,,,,,,,,,,,,,,23,277170,2021-12-21_10h30.06.070,MemLear_ses-01_part-01_label-phase1,2020.1.3,MacIntel,60,,,,,,,,,,,,stimuli/m_orange.jpg,stimuli/Outdoor activity & sport item.png,stimuli/Electronic device & accessory.png,stimuli/Hand labour tool & accessory.png,stimuli/Kitchen & utensil.png,,Electronic device & accessory,2,1,stimuli/objects/powercable.jpg,,,,,,,,2,1,0.9481,0,79,79,79,1,1
,,,,,,,,,,,,,,23,277170,2021-12-21_10h30.06.070,MemLear_ses-01_part-01_label-phase1,2020.1.3,MacIntel,60,,,,,,,,,,,,stimuli/m_orange.jpg,stimuli/Outdoor activity & sport item.png,stimuli/Kitchen & utensil.png,stimuli/Electronic device & accessory.png,stimuli/Hand labour tool & accessory.png,,Outdoor activity & sport item,1,0,stimuli/objects/beachumbrella01.jpg,,,,,,,,3,0,1.5511,0,80,80,80,1,1
,,,,,,,,,,,,,,23,277170,2021-12-21_10h30.06.070,MemLear_ses-01_part-01_label-phase1,2020.1.3,MacIntel,60,,,,,,,,,,,,stimuli/m_black.jpg,stimuli/Outdoor activity & sport item.png,stimuli/Electronic device & accessory.png,stimuli/Hand labour tool & accessory.png,stimuli/Kitchen & utensil.png,,Kitchen & utensil,4,1,stimuli/objects/potatomasher03b.jpg,,,,,,,,4,1,1.1297,0,81,81,81,1,0
,,,,,,,,,,,,,,23,277170,2021-12-21_10h30.06.070,MemLear_ses-01_part-01_label-phase1,2020.1.3,MacIntel,60,,,,,,,,,,,,stimuli/m_orange.jpg,stimuli/Hand labour tool & accessory.png,stimuli/Kitchen & utensil.png,stimuli/Electronic device & accessory.png,stimuli/Outdoor activity & sport item.png,,Electronic device & accessory,3,1,stimuli/objects/walkman.jpg,,,,,,,,3,1,1.2055,0,82,82,82,1,1
,,,,,,,,,,,,,,23,277170,2021-12-21_10h30.06.070,MemLear_ses-01_part-01_label-phase1,2020.1.3,MacIntel,60,,,,,,,,,,,,stimuli/m_orange.jpg,stimuli/Kitchen & utensil.png,stimuli/Outdoor activity & sport item.png,stimuli/Hand labour tool & accessory.png,stimuli/Electronic device & accessory.png,,Electronic device & accessory,4,1,stimuli/objects/gps.jpg,,,,,,,,4,1,1.6314,0,83,83,83,1,1
,,,,,,,,,,,,,,23,277170,2021-12-21_10h30.06.070,MemLear_ses-01_part-01_label-phase1,2020.1.3,MacIntel,60,,,,,,,,,,,,stimuli/m_black.jpg,stimuli/Outdoor activity & sport item.png,stimuli/Electronic device & accessory.png,stimuli/Hand labour tool & accessory.png,stimuli/Kitchen & utensil.png,,Kitchen & utensil,4,1,stimuli/objects/handmixer01d.jpg,,,,,,,,3,0,2.7317,0,84,84,84,1,0
,,,,,,,,,,,,,,23,277170,2021-12-21_10h30.06.070,MemLear_ses-01_part-01_label-phase1,2020.1.3,MacIntel,60,,,,,,,,,,,,stimuli/m_black.jpg,stimuli/Outdoor activity & sport item.png,stimuli/Kitchen & utensil.png,stimuli/Electronic device & accessory.png,stimuli/Hand labour tool & accessory.png,,Outdoor activity & sport item,1,0,stimuli/objects/charcoalbarbecue.jpg,,,,,,,,2,0,2.0301,0,85,85,85,1,0
,,,,,,,,,,,,,,23,277170,2021-12-21_10h30.06.070,MemLear_ses-01_part-01_label-phase1,2020.1.3,MacIntel,60,,,,,,,,,,,,stimuli/m_black.jpg,stimuli/Electronic device & accessory.png,stimuli/Hand labour tool & accessory.png,stimuli/Outdoor activity & sport item.png,stimuli/Kitchen & utensil.png,,Outdoor activity & sport item,3,0,stimuli/objects/bikepump01.jpg,,,,,,,,4,0,1.9887,0,86,86,86,1,0
,,,,,,,,,,,,,,23,277170,2021-12-21_10h30.06.070,MemLear_ses-01_part-01_label-phase1,2020.1.3,MacIntel,60,,,,,,,,,,,,stimuli/m_orange.jpg,stimuli/Electronic device & accessory.png,stimuli/Outdoor activity & sport item.png,stimuli/Hand labour tool & accessory.png,stimuli/Kitchen & utensil.png,,Electronic device & accessory,1,1,stimuli/objects/extensioncord.jpg,,,,,,,,1,1,1.381,0,87,87,87,1,1
,,,,,,,,,,,,,,23,277170,2021-12-21_10h30.06.070,MemLear_ses-01_part-01_label-phase1,2020.1.3,MacIntel,60,,,,,,,,,,,,stimuli/m_orange.jpg,stimuli/Hand labour tool & accessory.png,stimuli/Kitchen & utensil.png,stimuli/Electronic device & accessory.png,stimuli/Outdoor activity & sport item.png,,Kitchen & utensil,2,0,stimuli/objects/fridge.jpg,,,,,,,,3,0,1.0039,0,88,88,88,1,1
,,,,,,,,,,,,,,23,277170,2021-12-21_10h30.06.070,MemLear_ses-01_part-01_label-phase1,2020.1.3,MacIntel,60,,,,,,,,,,,,stimuli/m_black.jpg,stimuli/Kitchen & utensil.png,stimuli/Hand labour tool & accessory.png,stimuli/Outdoor activity & sport item.png,stimuli/Electronic device & accessory.png,,Kitchen & utensil,1,1,stimuli/objects/martiniglass01b.jpg,,,,,,,,1,1,1.4283,0,89,89,89,1,0
,,,,,,,,,,,,,,23,277170,2021-12-21_10h30.06.070,MemLear_ses-01_part-01_label-phase1,2020.1.3,MacIntel,60,,,,,,,,,,,,stimuli/m_black.jpg,stimuli/Kitchen & utensil.png,stimuli/Hand labour tool & accessory.png,stimuli/Electronic device & accessory.png,stimuli/Outdoor activity & sport item.png,,Hand labour tool & accessory,2,0,stimuli/objects/lawnmower.jpg,,,,,,,,1,0,0.7871,0,90,90,90,1,0
,,,,,,,,,,,,,,23,277170,2021-12-21_10h30.06.070,MemLear_ses-01_part-01_label-phase1,2020.1.3,MacIntel,60,,,,,,,,,,,,stimuli/m_orange.jpg,stimuli/Electronic device & accessory.png,stimuli/Hand labour tool & accessory.png,stimuli/Outdoor activity & sport item.png,stimuli/Kitchen & utensil.png,,Electronic device & accessory,1,1,stimuli/objects/carlighter02.jpg,,,,,,,,1,1,1.5344,0,91,91,91,1,1
,,,,,,,,,,,,,,23,277170,2021-12-21_10h30.06.070,MemLear_ses-01_part-01_label-phase1,2020.1.3,MacIntel,60,,,,,,,,,,,,stimuli/m_black.jpg,stimuli/Outdoor activity & sport item.png,stimuli/Electronic device & accessory.png,stimuli/Hand labour tool & accessory.png,stimuli/Kitchen & utensil.png,,Hand labour tool & accessory,3,0,stimuli/objects/caulking.jpg,,,,,,,,4,0,1.1482,0,92,92,92,1,0
,,,,,,,,,,,,,,23,277170,2021-12-21_10h30.06.070,MemLear_ses-01_part-01_label-phase1,2020.1.3,MacIntel,60,,,,,,,,,,,,stimuli/m_black.jpg,stimuli/Hand labour tool & accessory.png,stimuli/Electronic device & accessory.png,stimuli/Kitchen & utensil.png,stimuli/Outdoor activity & sport item.png,,Hand labour tool & accessory,1,0,stimuli/objects/wateringcan.jpg,,,,,,,,3,0,1.7639,0,93,93,93,1,0
,,,,,,,,,,,,,,23,277170,2021-12-21_10h30.06.070,MemLear_ses-01_part-01_label-phase1,2020.1.3,MacIntel,60,,,,,,,,,,,,stimuli/m_black.jpg,stimuli/Outdoor activity & sport item.png,stimuli/Electronic device & accessory.png,stimuli/Kitchen & utensil.png,stimuli/Hand labour tool & accessory.png,,Kitchen & utensil,3,1,stimuli/objects/whisk.jpg,,,,,,,,3,1,2.9316,0,94,94,94,1,0
,,,,,,,,,,,,,,23,277170,2021-12-21_10h30.06.070,MemLear_ses-01_part-01_label-phase1,2020.1.3,MacIntel,60,,,,,,,,,,,,stimuli/m_black.jpg,stimuli/Electronic device & accessory.png,stimuli/Kitchen & utensil.png,stimuli/Hand labour tool & accessory.png,stimuli/Outdoor activity & sport item.png,,Kitchen & utensil,2,1,stimuli/objects/breadknife.jpg,,,,,,,,2,1,0.935,0,95,95,95,1,0
,,,,,,,,,,,,,,23,277170,2021-12-21_10h30.06.070,MemLear_ses-01_part-01_label-phase1,2020.1.3,MacIntel,60,,,,,,,,,,,,stimuli/m_orange.jpg,stimuli/Electronic device & accessory.png,stimuli/Outdoor activity & sport item.png,stimuli/Kitchen & utensil.png,stimuli/Hand labour tool & accessory.png,,Electronic device & accessory,1,1,stimuli/objects/remotecontrol04.jpg,,,,,,,,1,1,0.8682,0,96,96,96,1,1
,,,,,,,,,,,,,,23,277170,2021-12-21_10h30.06.070,MemLear_ses-01_part-01_label-phase1,2020.1.3,MacIntel,60,,,,,,,,,,,,stimuli/m_black.jpg,stimuli/Outdoor activity & sport item.png,stimuli/Kitchen & utensil.png,stimuli/Hand labour tool & accessory.png,stimuli/Electronic device & accessory.png,,Kitchen & utensil,2,1,stimuli/objects/icepack.jpg,,,,,,,,2,1,0.8622,0,97,97,97,1,0
,,,,,,,,,,,,,,23,277170,2021-12-21_10h30.06.070,MemLear_ses-01_part-01_label-phase1,2020.1.3,MacIntel,60,,,,,,,,,,,,stimuli/m_black.jpg,stimuli/Kitchen & utensil.png,stimuli/Electronic device & accessory.png,stimuli/Hand labour tool & accessory.png,stimuli/Outdoor activity & sport item.png,,Kitchen & utensil,1,1,stimuli/objects/servingspoon01.jpg,,,,,,,,1,1,2.1668,0,98,98,98,1,0
,,,,,,,,,,,,,,23,277170,2021-12-21_10h30.06.070,MemLear_ses-01_part-01_label-phase1,2020.1.3,MacIntel,60,,,,,,,,,,,,stimuli/m_orange.jpg,stimuli/Hand labour tool & accessory.png,stimuli/Electronic device & accessory.png,stimuli/Kitchen & utensil.png,stimuli/Outdoor activity & sport item.png,,Electronic device & accessory,2,1,stimuli/objects/payphone.jpg,,,,,,,,2,1,0.7492,0,99,99,99,1,1
,,,,,,,,,,,,,,23,277170,2021-12-21_10h30.06.070,MemLear_ses-01_part-01_label-phase1,2020.1.3,MacIntel,60,,,,,,,,,,,,stimuli/m_orange.jpg,stimuli/Kitchen & utensil.png,stimuli/Hand labour tool & accessory.png,stimuli/Electronic device & accessory.png,stimuli/Outdoor activity & sport item.png,,Hand labour tool & accessory,2,0,stimuli/objects/adjustablewrench01b.jpg,,,,,,,,3,0,1.6376,0,100,100,100,1,1
,,,,,,,,,,,,,,23,277170,2021-12-21_10h30.06.070,MemLear_ses-01_part-01_label-phase1,2020.1.3,MacIntel,60,,,,,,,,,,,,stimuli/m_orange.jpg,stimuli/Outdoor activity & sport item.png,stimuli/Hand labour tool & accessory.png,stimuli/Electronic device & accessory.png,stimuli/Kitchen & utensil.png,,Outdoor activity & sport item,1,0,stimuli/objects/golfbag.jpg,,,,,,,,3,0,1.5467,0,101,101,101,1,1
,,,,,,,,,,,,,,23,277170,2021-12-21_10h30.06.070,MemLear_ses-01_part-01_label-phase1,2020.1.3,MacIntel,60,,,,,,,,,,,,stimuli/m_orange.jpg,stimuli/Hand labour tool & accessory.png,stimuli/Outdoor activity & sport item.png,stimuli/Electronic device & accessory.png,stimuli/Kitchen & utensil.png,,Electronic device & accessory,3,1,stimuli/objects/filmroll.jpg,,,,,,,,3,1,1.0375,0,102,102,102,1,1
,,,,,,,,,,,,,,23,277170,2021-12-21_10h30.06.070,MemLear_ses-01_part-01_label-phase1,2020.1.3,MacIntel,60,,,,,,,,,,,,stimuli/m_black.jpg,stimuli/Hand labour tool & accessory.png,stimuli/Outdoor activity & sport item.png,stimuli/Electronic device & accessory.png,stimuli/Kitchen & utensil.png,,Kitchen & utensil,4,1,stimuli/objects/icebucket.jpg,,,,,,,,4,1,1.4142,0,103,103,103,1,0
,,,,,,,,,,,,,,23,277170,2021-12-21_10h30.06.070,MemLear_ses-01_part-01_label-phase1,2020.1.3,MacIntel,60,,,,,,,,,,,,stimuli/m_orange.jpg,stimuli/Hand labour tool & accessory.png,stimuli/Electronic device & accessory.png,stimuli/Outdoor activity & sport item.png,stimuli/Kitchen & utensil.png,,Hand labour tool & accessory,1,0,stimuli/objects/squeegee01b.jpg,,,,,,,,2,0,1.4802,0,104,104,104,1,1
,,,,,,,,,,,,,,23,277170,2021-12-21_10h30.06.070,MemLear_ses-01_part-01_label-phase1,2020.1.3,MacIntel,60,,,,,,,,,,,,stimuli/m_orange.jpg,stimuli/Hand labour tool & accessory.png,stimuli/Kitchen & utensil.png,stimuli/Outdoor activity & sport item.png,stimuli/Electronic device & accessory.png,,Electronic device & accessory,4,1,stimuli/objects/camera01a.jpg,,,,,,,,4,1,1.1447,0,105,105,105,1,1
,,,,,,,,,,,,,,23,277170,2021-12-21_10h30.06.070,MemLear_ses-01_part-01_label-phase1,2020.1.3,MacIntel,60,,,,,,,,,,,,stimuli/m_black.jpg,stimuli/Hand labour tool & accessory.png,stimuli/Electronic device & accessory.png,stimuli/Outdoor activity & sport item.png,stimuli/Kitchen & utensil.png,,Hand labour tool & accessory,1,0,stimuli/objects/cuttingpliers02.jpg,,,,,,,,4,0,1.7572,0,106,106,106,1,0
,,,,,,,,,,,,,,23,277170,2021-12-21_10h30.06.070,MemLear_ses-01_part-01_label-phase1,2020.1.3,MacIntel,60,,,,,,,,,,,,stimuli/m_black.jpg,stimuli/Hand labour tool & accessory.png,stimuli/Outdoor activity & sport item.png,stimuli/Electronic device & accessory.png,stimuli/Kitchen & utensil.png,,Kitchen & utensil,4,1,stimuli/objects/toasteroven.jpg,,,,,,,,4,1,1.3393,0,107,107,107,1,0
,,,,,,,,,,,,,,23,277170,2021-12-21_10h30.06.070,MemLear_ses-01_part-01_label-phase1,2020.1.3,MacIntel,60,,,,,,,,,,,,stimuli/m_orange.jpg,stimuli/Kitchen & utensil.png,stimuli/Outdoor activity & sport item.png,stimuli/Electronic device & accessory.png,stimuli/Hand labour tool & accessory.png,,Electronic device & accessory,3,1,stimuli/objects/soundmixer.jpg,,,,,,,,3,1,2.3818,0,108,108,108,1,1
,,,,,,,,,,,,,,23,277170,2021-12-21_10h30.06.070,MemLear_ses-01_part-01_label-phase1,2020.1.3,MacIntel,60,,,,,,,,,,,,stimuli/m_black.jpg,stimuli/Kitchen & utensil.png,stimuli/Outdoor activity & sport item.png,stimuli/Electronic device & accessory.png,stimuli/Hand labour tool & accessory.png,,Hand labour tool & accessory,4,0,stimuli/objects/snowshovel.jpg,,,,,,,,1,0,1.1974,0,109,109,109,1,0
,,,,,,,,,,,,,,23,277170,2021-12-21_10h30.06.070,MemLear_ses-01_part-01_label-phase1,2020.1.3,MacIntel,60,,,,,,,,,,,,stimuli/m_orange.jpg,stimuli/Kitchen & utensil.png,stimuli/Electronic device & accessory.png,stimuli/Outdoor activity & sport item.png,stimuli/Hand labour tool & accessory.png,,Electronic device & accessory,2,1,stimuli/objects/desktopcomputer.jpg,,,,,,,,2,1,0.8477,0,110,110,110,1,1
,,,,,,,,,,,,,,23,277170,2021-12-21_10h30.06.070,MemLear_ses-01_part-01_label-phase1,2020.1.3,MacIntel,60,,,,,,,,,,,,stimuli/m_orange.jpg,stimuli/Kitchen & utensil.png,stimuli/Outdoor activity & sport item.png,stimuli/Electronic device & accessory.png,stimuli/Hand labour tool & accessory.png,,Hand labour tool & accessory,4,0,stimuli/objects/painttray.jpg,,,,,,,,3,0,2.5493,0,111,111,111,1,1
,,,,,,,,,,,,,,23,277170,2021-12-21_10h30.06.070,MemLear_ses-01_part-01_label-phase1,2020.1.3,MacIntel,60,,,,,,,,,,,,stimuli/m_black.jpg,stimuli/Outdoor activity & sport item.png,stimuli/Hand labour tool & accessory.png,stimuli/Kitchen & utensil.png,stimuli/Electronic device & accessory.png,,Kitchen & utensil,3,1,stimuli/objects/freezer02.jpg,,,,,,,,3,1,1.8534,0,112,112,112,1,0
,,,,,,,,,,,,,,23,277170,2021-12-21_10h30.06.070,MemLear_ses-01_part-01_label-phase1,2020.1.3,MacIntel,60,,,,,,,,,,,,stimuli/m_black.jpg,stimuli/Outdoor activity & sport item.png,stimuli/Hand labour tool & accessory.png,stimuli/Kitchen & utensil.png,stimuli/Electronic device & accessory.png,,Outdoor activity & sport item,1,0,stimuli/objects/swimgoggles.jpg,,,,,,,,3,0,0.7825,0,113,113,113,1,0
,,,,,,,,,,,,,,23,277170,2021-12-21_10h30.06.070,MemLear_ses-01_part-01_label-phase1,2020.1.3,MacIntel,60,,,,,,,,,,,,stimuli/m_black.jpg,stimuli/Kitchen & utensil.png,stimuli/Hand labour tool & accessory.png,stimuli/Electronic device & accessory.png,stimuli/Outdoor activity & sport item.png,,Electronic device & accessory,3,0,stimuli/objects/cameracase01a.jpg,,,,,,,,1,0,1.5965,0,114,114,114,1,0
,,,,,,,,,,,,,,23,277170,2021-12-21_10h30.06.070,MemLear_ses-01_part-01_label-phase1,2020.1.3,MacIntel,60,,,,,,,,,,,,stimuli/m_orange.jpg,stimuli/Electronic device & accessory.png,stimuli/Kitchen & utensil.png,stimuli/Hand labour tool & accessory.png,stimuli/Outdoor activity & sport item.png,,Electronic device & accessory,1,1,stimuli/objects/computerkeyboard02.jpg,,,,,,,,1,1,1.2201,0,115,115,115,1,1
,,,,,,,,,,,,,,23,277170,2021-12-21_10h30.06.070,MemLear_ses-01_part-01_label-phase1,2020.1.3,MacIntel,60,,,,,,,,,,,,stimuli/m_black.jpg,stimuli/Electronic device & accessory.png,stimuli/Outdoor activity & sport item.png,stimuli/Hand labour tool & accessory.png,stimuli/Kitchen & utensil.png,,Kitchen & utensil,4,1,stimuli/objects/waterbottle03.jpg,,,,,,,,4,1,2.0161,0,116,116,116,1,0
,,,,,,,,,,,,,,23,277170,2021-12-21_10h30.06.070,MemLear_ses-01_part-01_label-phase1,2020.1.3,MacIntel,60,,,,,,,,,,,,stimuli/m_orange.jpg,stimuli/Kitchen & utensil.png,stimuli/Hand labour tool & accessory.png,stimuli/Electronic device & accessory.png,stimuli/Outdoor activity & sport item.png,,Kitchen & utensil,1,0,stimuli/objects/oven.jpg,,,,,,,,3,0,0.9675,0,117,117,117,1,1
,,,,,,,,,,,,,,23,277170,2021-12-21_10h30.06.070,MemLear_ses-01_part-01_label-phase1,2020.1.3,MacIntel,60,,,,,,,,,,,,stimuli/m_black.jpg,stimuli/Hand labour tool & accessory.png,stimuli/Electronic device & accessory.png,stimuli/Kitchen & utensil.png,stimuli/Outdoor activity & sport item.png,,Outdoor activity & sport item,4,0,stimuli/objects/backpack01a.jpg,,,,,,,,3,0,1.4177,0,118,118,118,1,0
,,,,,,,,,,,,,,23,277170,2021-12-21_10h30.06.070,MemLear_ses-01_part-01_label-phase1,2020.1.3,MacIntel,60,,,,,,,,,,,,stimuli/m_black.jpg,stimuli/Outdoor activity & sport item.png,stimuli/Electronic device & accessory.png,stimuli/Kitchen & utensil.png,stimuli/Hand labour tool & accessory.png,,Kitchen & utensil,3,1,stimuli/objects/measuringspoon.jpg,,,,,,,,3,1,1.7151,0,119,119,119,1,0
