myownaccuracy,respcorrs,minNrPractice,considerNrTrials,Instr_resp.keys,Instr_resp.rt,key_resp_2.keys,key_resp_2.rt,instruction_loop.thisRepN,instruction_loop.thisTrialN,instruction_loop.thisN,instruction_loop.thisIndex,instruction_loop.ran,slides,participant,Expra Code,date,expName,psychopyVersion,OS,frameRate,taskGoresp.keys,taskGoresp.rt,pract_resp.keys,pract_resp.corr,myownaccuracyCORR,pract_loop.thisRepN,pract_loop.thisTrialN,pract_loop.thisN,pract_loop.thisIndex,pract_loop.ran,character,left_categ,centleft_categ,centright_categ,right_categ,trial_cond,corr_ans,corr_ans_num,type,img,pract_resp.rt,rep_resp.keys,rep_resp.rt,repeat_practice.thisRepN,repeat_practice.thisTrialN,repeat_practice.thisN,repeat_practice.thisIndex,repeat_practice.ran,task_response.keys,task_response.corr,task_response.rt,task_loop.thisRepN,task_loop.thisTrialN,task_loop.thisN,task_loop.thisIndex,task_loop.ran,condition
[],[],10,10,space,4.7072,space,3.9776,0,0,0,0,1,stimuli/slide1.png,5,824852,2021-12-27_17h08.21.064,MemLear_ses-01_part-01_label-phase1,2020.1.3,Win32,60,,,,,,,,,,,,,,,,,,,,,,,,,,,,,,,,,,,,,
,,,,,,space,13.8826,0,1,1,1,1,stimuli/slide2.png,5,824852,2021-12-27_17h08.21.064,MemLear_ses-01_part-01_label-phase1,2020.1.3,Win32,60,,,,,,,,,,,,,,,,,,,,,,,,,,,,,,,,,,,,,
,,,,,,space,16.4272,0,2,2,2,1,stimuli/slide3.png,5,824852,2021-12-27_17h08.21.064,MemLear_ses-01_part-01_label-phase1,2020.1.3,Win32,60,,,,,,,,,,,,,,,,,,,,,,,,,,,,,,,,,,,,,
,,,,,,space,5.8928,0,3,3,3,1,stimuli/slide4.png,5,824852,2021-12-27_17h08.21.064,MemLear_ses-01_part-01_label-phase1,2020.1.3,Win32,60,,,,,,,,,,,,,,,,,,,,,,,,,,,,,,,,,,,,,
,,,,,,space,8.4667,0,4,4,4,1,stimuli/slide5.png,5,824852,2021-12-27_17h08.21.064,MemLear_ses-01_part-01_label-phase1,2020.1.3,Win32,60,,,,,,,,,,,,,,,,,,,,,,,,,,,,,,,,,,,,,
,,,,,,space,4.5447,0,5,5,5,1,stimuli/slide6.png,5,824852,2021-12-27_17h08.21.064,MemLear_ses-01_part-01_label-phase1,2020.1.3,Win32,60,,,,,,,,,,,,,,,,,,,,,,,,,,,,,,,,,,,,,
0,[],,,,,,,,,,,,,5,824852,2021-12-27_17h08.21.064,MemLear_ses-01_part-01_label-phase1,2020.1.3,Win32,60,space,19.2648,,0,0,0,0,0,0,1,stimuli/m_red.jpg,stimuli/Food.png,stimuli/Gamestoy & entertainment.png,stimuli/Vehicle.png,stimuli/Clothing.png,1,Food,1,1,stimuli/objects/chocolatecroissant.jpg,,,,,,,,,,,,,,,,,
0,[0],,,,,,,,,,,,,5,824852,2021-12-27_17h08.21.064,MemLear_ses-01_part-01_label-phase1,2020.1.3,Win32,60,,,,0,0,0,1,1,1,1,stimuli/m_red.jpg,stimuli/Clothing.png,stimuli/Food.png,stimuli/Gamestoy & entertainment.png,stimuli/Vehicle.png,0,Vehicle,4,0,stimuli/objects/tricycle.jpg,,,,,,,,,,,,,,,,,
0,[0],,,,,,,,,,,,,5,824852,2021-12-27_17h08.21.064,MemLear_ses-01_part-01_label-phase1,2020.1.3,Win32,60,,,,0,0,0,2,2,2,1,stimuli/m_blue.jpg,stimuli/Vehicle.png,stimuli/Clothing.png,stimuli/Gamestoy & entertainment.png,stimuli/Food.png,0,Food,4,0,stimuli/objects/cracker02.jpg,,,,,,,,,,,,,,,,,
0,[0],,,,,,,,,,,,,5,824852,2021-12-27_17h08.21.064,MemLear_ses-01_part-01_label-phase1,2020.1.3,Win32,60,,,,0,0,0,3,3,3,1,stimuli/m_red.jpg,stimuli/Clothing.png,stimuli/Vehicle.png,stimuli/Gamestoy & entertainment.png,stimuli/Food.png,1,Food,4,1,stimuli/objects/hotdog.jpg,,,,,,,,,,,,,,,,,
0,"[0,0]",,,,,,,,,,,,,5,824852,2021-12-27_17h08.21.064,MemLear_ses-01_part-01_label-phase1,2020.1.3,Win32,60,,,,0,0,0,4,4,4,1,stimuli/m_red.jpg,stimuli/Clothing.png,stimuli/Gamestoy & entertainment.png,stimuli/Food.png,stimuli/Vehicle.png,1,Food,3,1,stimuli/objects/kiwi03.jpg,,,,,,,,,,,,,,,,,
0,"[0,0,0]",,,,,,,,,,,,,5,824852,2021-12-27_17h08.21.064,MemLear_ses-01_part-01_label-phase1,2020.1.3,Win32,60,,,,0,0,0,5,5,5,1,stimuli/m_red.jpg,stimuli/Vehicle.png,stimuli/Gamestoy & entertainment.png,stimuli/Food.png,stimuli/Clothing.png,1,Food,3,1,stimuli/objects/greenolive.jpg,,,,,,,,,,,,,,,,,
0,"[0,0,0,0]",,,,,,,,,,,,,5,824852,2021-12-27_17h08.21.064,MemLear_ses-01_part-01_label-phase1,2020.1.3,Win32,60,,,,0,0,0,6,6,6,1,stimuli/m_blue.jpg,stimuli/Food.png,stimuli/Clothing.png,stimuli/Vehicle.png,stimuli/Gamestoy & entertainment.png,1,Gamestoy & entertainment,4,1,stimuli/objects/paperairplane.jpg,,,,,,,,,,,,,,,,,
0,"[0,0,0,0,0]",,,,,,,,,,,,,5,824852,2021-12-27_17h08.21.064,MemLear_ses-01_part-01_label-phase1,2020.1.3,Win32,60,,,,0,0,0,7,7,7,1,stimuli/m_blue.jpg,stimuli/Vehicle.png,stimuli/Gamestoy & entertainment.png,stimuli/Food.png,stimuli/Clothing.png,1,Gamestoy & entertainment,2,1,stimuli/objects/toyanimal02.jpg,,,,,,,,,,,,,,,,,
0,"[0,0,0,0,0,0]",,,,,,,,,,,,,5,824852,2021-12-27_17h08.21.064,MemLear_ses-01_part-01_label-phase1,2020.1.3,Win32,60,,,,0,0,0,8,8,8,1,stimuli/m_red.jpg,stimuli/Vehicle.png,stimuli/Clothing.png,stimuli/Gamestoy & entertainment.png,stimuli/Food.png,1,Food,4,1,stimuli/objects/casabamelon.jpg,,,,,,,,,,,,,,,,,
0,"[0,0,0,0,0,0,0]",,,,,,,,,,,,,5,824852,2021-12-27_17h08.21.064,MemLear_ses-01_part-01_label-phase1,2020.1.3,Win32,60,,,,0,0,0,9,9,9,1,stimuli/m_blue.jpg,stimuli/Gamestoy & entertainment.png,stimuli/Clothing.png,stimuli/Vehicle.png,stimuli/Food.png,1,Gamestoy & entertainment,1,1,stimuli/objects/paddleball.jpg,,,,,,,,,,,,,,,,,
0,"[0,0,0,0,0,0,0,0]",,,,,,,,,,,,,5,824852,2021-12-27_17h08.21.064,MemLear_ses-01_part-01_label-phase1,2020.1.3,Win32,60,,,,0,0,0,10,10,10,1,stimuli/m_blue.jpg,stimuli/Gamestoy & entertainment.png,stimuli/Clothing.png,stimuli/Food.png,stimuli/Vehicle.png,1,Gamestoy & entertainment,1,1,stimuli/objects/rockinghorse.jpg,,,,,,,,,,,,,,,,,
0,"[0,0,0,0,0,0,0,0,0]",,,,,,,,,,,,,5,824852,2021-12-27_17h08.21.064,MemLear_ses-01_part-01_label-phase1,2020.1.3,Win32,60,,,,0,0,0,11,11,11,1,stimuli/m_red.jpg,stimuli/Vehicle.png,stimuli/Food.png,stimuli/Clothing.png,stimuli/Gamestoy & entertainment.png,1,Food,2,1,stimuli/objects/arugula.jpg,,,,,,,,,,,,,,,,,
0,"[0,0,0,0,0,0,0,0,0,0]",,,,,,,,,,,,,5,824852,2021-12-27_17h08.21.064,MemLear_ses-01_part-01_label-phase1,2020.1.3,Win32,60,,,,0,0,0,12,12,12,1,stimuli/m_blue.jpg,stimuli/Food.png,stimuli/Clothing.png,stimuli/Gamestoy & entertainment.png,stimuli/Vehicle.png,1,Gamestoy & entertainment,3,1,stimuli/objects/dartboard.jpg,,,,,,,,,,,,,,,,,
1,"[0,0,0,0,0,0,0,0,0,0,0]",,,,,,,,,,,,,5,824852,2021-12-27_17h08.21.064,MemLear_ses-01_part-01_label-phase1,2020.1.3,Win32,60,,,4,1,1,0,13,13,13,1,stimuli/m_red.jpg,stimuli/Clothing.png,stimuli/Gamestoy & entertainment.png,stimuli/Vehicle.png,stimuli/Food.png,1,Food,4,1,stimuli/objects/chickenshishkebab.jpg,3.3136,,,,,,,,,,,,,,,,
1,"[0,0,0,0,0,0,0,0,0,0,0,1]",,,,,,,,,,,,,5,824852,2021-12-27_17h08.21.064,MemLear_ses-01_part-01_label-phase1,2020.1.3,Win32,60,,,3,1,1,0,14,14,14,1,stimuli/m_red.jpg,stimuli/Clothing.png,stimuli/Gamestoy & entertainment.png,stimuli/Food.png,stimuli/Vehicle.png,1,Food,3,1,stimuli/objects/relish.jpg,2.9453,,,,,,,,,,,,,,,,
1,"[0,0,0,0,0,0,0,0,0,0,0,1,1]",,,,,,,,,,,,,5,824852,2021-12-27_17h08.21.064,MemLear_ses-01_part-01_label-phase1,2020.1.3,Win32,60,,,2,1,1,0,15,15,15,1,stimuli/m_blue.jpg,stimuli/Food.png,stimuli/Gamestoy & entertainment.png,stimuli/Clothing.png,stimuli/Vehicle.png,1,Gamestoy & entertainment,2,1,stimuli/objects/toyanimal01.jpg,2.0036,,,,,,,,,,,,,,,,
0,"[0,0,0,0,0,0,0,0,0,0,0,1,1,1]",,,,,,,,,,,,,5,824852,2021-12-27_17h08.21.064,MemLear_ses-01_part-01_label-phase1,2020.1.3,Win32,60,,,1,0,1,0,16,16,16,1,stimuli/m_red.jpg,stimuli/Food.png,stimuli/Vehicle.png,stimuli/Clothing.png,stimuli/Gamestoy & entertainment.png,0,Gamestoy & entertainment,4,0,stimuli/objects/toyshape.jpg,1.2582,,,,,,,,,,,,,,,,
1,"[0,0,0,0,0,0,0,0,0,0,0,1,1,1]",,,,,,,,,,,,,5,824852,2021-12-27_17h08.21.064,MemLear_ses-01_part-01_label-phase1,2020.1.3,Win32,60,,,2,1,1,0,17,17,17,1,stimuli/m_blue.jpg,stimuli/Food.png,stimuli/Gamestoy & entertainment.png,stimuli/Vehicle.png,stimuli/Clothing.png,1,Gamestoy & entertainment,2,1,stimuli/objects/rattle.jpg,1.7316,,,,,,,,,,,,,,,,
0,"[0,0,0,0,0,0,0,0,0,0,0,1,1,1,1]",,,,,,,,,,,,,5,824852,2021-12-27_17h08.21.064,MemLear_ses-01_part-01_label-phase1,2020.1.3,Win32,60,,,2,0,1,0,18,18,18,1,stimuli/m_blue.jpg,stimuli/Clothing.png,stimuli/Food.png,stimuli/Gamestoy & entertainment.png,stimuli/Vehicle.png,0,Vehicle,4,0,stimuli/objects/cementtruck.jpg,0.5808,,,,,,,,,,,,,,,,
1,"[0,0,0,0,0,0,0,0,0,0,0,1,1,1,1]",,,,,,,,,,,,,5,824852,2021-12-27_17h08.21.064,MemLear_ses-01_part-01_label-phase1,2020.1.3,Win32,60,,,1,1,1,0,19,19,19,1,stimuli/m_red.jpg,stimuli/Vehicle.png,stimuli/Gamestoy & entertainment.png,stimuli/Clothing.png,stimuli/Food.png,0,Vehicle,1,0,stimuli/objects/scissorlift.jpg,2.1143,,,,,,,,,,,,,,,,
0,"[0,0,0,0,0,0,0,0,0,0,0,1,1,1,1]",,,,,,,,,,,,,5,824852,2021-12-27_17h08.21.064,MemLear_ses-01_part-01_label-phase1,2020.1.3,Win32,60,,,2,0,0,0,20,20,20,1,stimuli/m_blue.jpg,stimuli/Gamestoy & entertainment.png,stimuli/Food.png,stimuli/Vehicle.png,stimuli/Clothing.png,1,Gamestoy & entertainment,1,1,stimuli/objects/toydinosaur.jpg,1.6886,,,,,,,,,,,,,,,,
1,"[0,0,0,0,0,0,0,0,0,0,0,1,1,1,1,0]",,,,,,,,,,,,,5,824852,2021-12-27_17h08.21.064,MemLear_ses-01_part-01_label-phase1,2020.1.3,Win32,60,,,4,1,1,0,21,21,21,1,stimuli/m_blue.jpg,stimuli/Clothing.png,stimuli/Vehicle.png,stimuli/Food.png,stimuli/Gamestoy & entertainment.png,1,Gamestoy & entertainment,4,1,stimuli/objects/sandbagthrowgame.jpg,1.8845,,,,,,,,,,,,,,,,
0,"[0,0,0,0,0,0,0,0,0,0,0,1,1,1,1,0,1]",,,,,,,,,,,,,5,824852,2021-12-27_17h08.21.064,MemLear_ses-01_part-01_label-phase1,2020.1.3,Win32,60,,,2,0,1,0,22,22,22,1,stimuli/m_blue.jpg,stimuli/Food.png,stimuli/Gamestoy & entertainment.png,stimuli/Clothing.png,stimuli/Vehicle.png,0,Clothing,3,0,stimuli/objects/hikingshoe01.jpg,1.8623,,,,,,,,,,,,,,,,
1,"[0,0,0,0,0,0,0,0,0,0,0,1,1,1,1,0,1]",,,,,,,,,,,,,5,824852,2021-12-27_17h08.21.064,MemLear_ses-01_part-01_label-phase1,2020.1.3,Win32,60,,,4,1,1,0,23,23,23,1,stimuli/m_blue.jpg,stimuli/Food.png,stimuli/Clothing.png,stimuli/Vehicle.png,stimuli/Gamestoy & entertainment.png,1,Gamestoy & entertainment,4,1,stimuli/objects/beachpaddle01a.jpg,1.8768,,,,,,,,,,,,,,,,
1,"[0,0,0,0,0,0,0,0,0,0,0,1,1,1,1,0,1,1]",,,,,,,,,,,,,5,824852,2021-12-27_17h08.21.064,MemLear_ses-01_part-01_label-phase1,2020.1.3,Win32,60,,,1,1,1,0,24,24,24,1,stimuli/m_red.jpg,stimuli/Food.png,stimuli/Gamestoy & entertainment.png,stimuli/Clothing.png,stimuli/Vehicle.png,1,Food,1,1,stimuli/objects/apricot.jpg,0.7372,,,,,,,,,,,,,,,,
0,"[0,0,0,0,0,0,0,0,0,0,0,1,1,1,1,0,1,1,1]",,,,,,,,,,,,,5,824852,2021-12-27_17h08.21.064,MemLear_ses-01_part-01_label-phase1,2020.1.3,Win32,60,,,3,0,1,0,25,25,25,1,stimuli/m_blue.jpg,stimuli/Food.png,stimuli/Vehicle.png,stimuli/Gamestoy & entertainment.png,stimuli/Clothing.png,0,Food,1,0,stimuli/objects/croissant01.jpg,1.4566,,,,,,,,,,,,,,,,
1,"[0,0,0,0,0,0,0,0,0,0,0,1,1,1,1,0,1,1,1]",,,,,,,,,,,,,5,824852,2021-12-27_17h08.21.064,MemLear_ses-01_part-01_label-phase1,2020.1.3,Win32,60,,,2,1,1,0,26,26,26,1,stimuli/m_red.jpg,stimuli/Clothing.png,stimuli/Food.png,stimuli/Vehicle.png,stimuli/Gamestoy & entertainment.png,1,Food,2,1,stimuli/objects/icecreamcone01a.jpg,0.5454,,,,,,,,,,,,,,,,
,,,,,,,,,,,,,,5,824852,2021-12-27_17h08.21.064,MemLear_ses-01_part-01_label-phase1,2020.1.3,Win32,60,,,,,,,,,,,,,,,,,,,,,,n,33.1387,0,0,0,0,1,,,,,,,,,
,,,,,,,,,,,,,,5,824852,2021-12-27_17h08.21.064,MemLear_ses-01_part-01_label-phase1,2020.1.3,Win32,60,,,,,,,,,,,stimuli/m_black.jpg,stimuli/Electronic device & accessory.png,stimuli/Hand labour tool & accessory.png,stimuli/Kitchen & utensil.png,stimuli/Outdoor activity & sport item.png,,Electronic device & accessory,1,0,stimuli/objects/scanner.jpg,,,,,,,,,1,1,1.8743,0,0,0,0,1,0
,,,,,,,,,,,,,,5,824852,2021-12-27_17h08.21.064,MemLear_ses-01_part-01_label-phase1,2020.1.3,Win32,60,,,,,,,,,,,stimuli/m_black.jpg,stimuli/Hand labour tool & accessory.png,stimuli/Kitchen & utensil.png,stimuli/Electronic device & accessory.png,stimuli/Outdoor activity & sport item.png,,Outdoor activity & sport item,4,1,stimuli/objects/sportbag.jpg,,,,,,,,,3,0,2.5611,0,1,1,1,1,0
,,,,,,,,,,,,,,5,824852,2021-12-27_17h08.21.064,MemLear_ses-01_part-01_label-phase1,2020.1.3,Win32,60,,,,,,,,,,,stimuli/m_orange.jpg,stimuli/Outdoor activity & sport item.png,stimuli/Kitchen & utensil.png,stimuli/Hand labour tool & accessory.png,stimuli/Electronic device & accessory.png,,Outdoor activity & sport item,1,0,stimuli/objects/backpack01a.jpg,,,,,,,,,1,1,2.9778,0,2,2,2,1,1
,,,,,,,,,,,,,,5,824852,2021-12-27_17h08.21.064,MemLear_ses-01_part-01_label-phase1,2020.1.3,Win32,60,,,,,,,,,,,stimuli/m_black.jpg,stimuli/Kitchen & utensil.png,stimuli/Outdoor activity & sport item.png,stimuli/Electronic device & accessory.png,stimuli/Hand labour tool & accessory.png,,Outdoor activity & sport item,2,1,stimuli/objects/golfball.jpg,,,,,,,,,2,1,1.7618,0,3,3,3,1,0
,,,,,,,,,,,,,,5,824852,2021-12-27_17h08.21.064,MemLear_ses-01_part-01_label-phase1,2020.1.3,Win32,60,,,,,,,,,,,stimuli/m_orange.jpg,stimuli/Hand labour tool & accessory.png,stimuli/Electronic device & accessory.png,stimuli/Outdoor activity & sport item.png,stimuli/Kitchen & utensil.png,,Hand labour tool & accessory,1,1,stimuli/objects/lock03a.jpg,,,,,,,,,1,1,1.4944,0,4,4,4,1,1
,,,,,,,,,,,,,,5,824852,2021-12-27_17h08.21.064,MemLear_ses-01_part-01_label-phase1,2020.1.3,Win32,60,,,,,,,,,,,stimuli/m_orange.jpg,stimuli/Kitchen & utensil.png,stimuli/Hand labour tool & accessory.png,stimuli/Outdoor activity & sport item.png,stimuli/Electronic device & accessory.png,,Hand labour tool & accessory,2,1,stimuli/objects/puttyknife.jpg,,,,,,,,,2,1,2.2207,0,5,5,5,1,1
,,,,,,,,,,,,,,5,824852,2021-12-27_17h08.21.064,MemLear_ses-01_part-01_label-phase1,2020.1.3,Win32,60,,,,,,,,,,,stimuli/m_orange.jpg,stimuli/Outdoor activity & sport item.png,stimuli/Hand labour tool & accessory.png,stimuli/Kitchen & utensil.png,stimuli/Electronic device & accessory.png,,Hand labour tool & accessory,2,1,stimuli/objects/jumpingjack.jpg,,,,,,,,,2,1,0.6512,0,6,6,6,1,1
,,,,,,,,,,,,,,5,824852,2021-12-27_17h08.21.064,MemLear_ses-01_part-01_label-phase1,2020.1.3,Win32,60,,,,,,,,,,,stimuli/m_black.jpg,stimuli/Hand labour tool & accessory.png,stimuli/Electronic device & accessory.png,stimuli/Outdoor activity & sport item.png,stimuli/Kitchen & utensil.png,,Hand labour tool & accessory,1,0,stimuli/objects/tape02a.jpg,,,,,,,,,4,0,3.1531,0,7,7,7,1,0
,,,,,,,,,,,,,,5,824852,2021-12-27_17h08.21.064,MemLear_ses-01_part-01_label-phase1,2020.1.3,Win32,60,,,,,,,,,,,stimuli/m_orange.jpg,stimuli/Electronic device & accessory.png,stimuli/Kitchen & utensil.png,stimuli/Hand labour tool & accessory.png,stimuli/Outdoor activity & sport item.png,,Hand labour tool & accessory,3,1,stimuli/objects/mallet01b.jpg,,,,,,,,,3,1,1.0717,0,8,8,8,1,1
,,,,,,,,,,,,,,5,824852,2021-12-27_17h08.21.064,MemLear_ses-01_part-01_label-phase1,2020.1.3,Win32,60,,,,,,,,,,,stimuli/m_black.jpg,stimuli/Electronic device & accessory.png,stimuli/Kitchen & utensil.png,stimuli/Hand labour tool & accessory.png,stimuli/Outdoor activity & sport item.png,,Outdoor activity & sport item,4,1,stimuli/objects/swimgoggles.jpg,,,,,,,,,1,0,2.2742,0,9,9,9,1,0
,,,,,,,,,,,,,,5,824852,2021-12-27_17h08.21.064,MemLear_ses-01_part-01_label-phase1,2020.1.3,Win32,60,,,,,,,,,,,stimuli/m_black.jpg,stimuli/Outdoor activity & sport item.png,stimuli/Kitchen & utensil.png,stimuli/Hand labour tool & accessory.png,stimuli/Electronic device & accessory.png,,Outdoor activity & sport item,1,1,stimuli/objects/snowshoe.jpg,,,,,,,,,1,1,2.1647,0,10,10,10,1,0
,,,,,,,,,,,,,,5,824852,2021-12-27_17h08.21.064,MemLear_ses-01_part-01_label-phase1,2020.1.3,Win32,60,,,,,,,,,,,stimuli/m_orange.jpg,stimuli/Electronic device & accessory.png,stimuli/Hand labour tool & accessory.png,stimuli/Kitchen & utensil.png,stimuli/Outdoor activity & sport item.png,,Electronic device & accessory,1,0,stimuli/objects/avcable.jpg,,,,,,,,,2,0,0.7815,0,11,11,11,1,1
,,,,,,,,,,,,,,5,824852,2021-12-27_17h08.21.064,MemLear_ses-01_part-01_label-phase1,2020.1.3,Win32,60,,,,,,,,,,,stimuli/m_black.jpg,stimuli/Kitchen & utensil.png,stimuli/Electronic device & accessory.png,stimuli/Hand labour tool & accessory.png,stimuli/Outdoor activity & sport item.png,,Outdoor activity & sport item,4,1,stimuli/objects/lifesaver.jpg,,,,,,,,,4,1,2.9563,0,12,12,12,1,0
,,,,,,,,,,,,,,5,824852,2021-12-27_17h08.21.064,MemLear_ses-01_part-01_label-phase1,2020.1.3,Win32,60,,,,,,,,,,,stimuli/m_black.jpg,stimuli/Electronic device & accessory.png,stimuli/Outdoor activity & sport item.png,stimuli/Hand labour tool & accessory.png,stimuli/Kitchen & utensil.png,,Outdoor activity & sport item,2,1,stimuli/objects/skigoggles01.jpg,,,,,,,,,2,1,1.6354,0,13,13,13,1,0
,,,,,,,,,,,,,,5,824852,2021-12-27_17h08.21.064,MemLear_ses-01_part-01_label-phase1,2020.1.3,Win32,60,,,,,,,,,,,stimuli/m_orange.jpg,stimuli/Hand labour tool & accessory.png,stimuli/Outdoor activity & sport item.png,stimuli/Electronic device & accessory.png,stimuli/Kitchen & utensil.png,,Hand labour tool & accessory,1,1,stimuli/objects/bungeecord02.jpg,,,,,,,,,1,1,1.2629,0,14,14,14,1,1
,,,,,,,,,,,,,,5,824852,2021-12-27_17h08.21.064,MemLear_ses-01_part-01_label-phase1,2020.1.3,Win32,60,,,,,,,,,,,stimuli/m_black.jpg,stimuli/Outdoor activity & sport item.png,stimuli/Electronic device & accessory.png,stimuli/Hand labour tool & accessory.png,stimuli/Kitchen & utensil.png,,Outdoor activity & sport item,1,1,stimuli/objects/bikelock.jpg,,,,,,,,,2,0,1.5558,0,15,15,15,1,0
,,,,,,,,,,,,,,5,824852,2021-12-27_17h08.21.064,MemLear_ses-01_part-01_label-phase1,2020.1.3,Win32,60,,,,,,,,,,,stimuli/m_black.jpg,stimuli/Outdoor activity & sport item.png,stimuli/Kitchen & utensil.png,stimuli/Electronic device & accessory.png,stimuli/Hand labour tool & accessory.png,,Outdoor activity & sport item,1,1,stimuli/objects/hockeygoalieglove.jpg,,,,,,,,,3,0,2.4954,0,16,16,16,1,0
,,,,,,,,,,,,,,5,824852,2021-12-27_17h08.21.064,MemLear_ses-01_part-01_label-phase1,2020.1.3,Win32,60,,,,,,,,,,,stimuli/m_orange.jpg,stimuli/Outdoor activity & sport item.png,stimuli/Electronic device & accessory.png,stimuli/Hand labour tool & accessory.png,stimuli/Kitchen & utensil.png,,Hand labour tool & accessory,3,1,stimuli/objects/flashlight02b.jpg,,,,,,,,,3,1,1.6083,0,17,17,17,1,1
,,,,,,,,,,,,,,5,824852,2021-12-27_17h08.21.064,MemLear_ses-01_part-01_label-phase1,2020.1.3,Win32,60,,,,,,,,,,,stimuli/m_black.jpg,stimuli/Hand labour tool & accessory.png,stimuli/Electronic device & accessory.png,stimuli/Kitchen & utensil.png,stimuli/Outdoor activity & sport item.png,,Hand labour tool & accessory,1,0,stimuli/objects/bucket02.jpg,,,,,,,,,1,1,3.6126,0,18,18,18,1,0
,,,,,,,,,,,,,,5,824852,2021-12-27_17h08.21.064,MemLear_ses-01_part-01_label-phase1,2020.1.3,Win32,60,,,,,,,,,,,stimuli/m_black.jpg,stimuli/Kitchen & utensil.png,stimuli/Hand labour tool & accessory.png,stimuli/Outdoor activity & sport item.png,stimuli/Electronic device & accessory.png,,Outdoor activity & sport item,3,1,stimuli/objects/beachumbrella01.jpg,,,,,,,,,4,0,2.5554,0,19,19,19,1,0
,,,,,,,,,,,,,,5,824852,2021-12-27_17h08.21.064,MemLear_ses-01_part-01_label-phase1,2020.1.3,Win32,60,,,,,,,,,,,stimuli/m_orange.jpg,stimuli/Outdoor activity & sport item.png,stimuli/Kitchen & utensil.png,stimuli/Hand labour tool & accessory.png,stimuli/Electronic device & accessory.png,,Hand labour tool & accessory,3,1,stimuli/objects/pickaxe02.jpg,,,,,,,,,3,1,1.0461,0,20,20,20,1,1
,,,,,,,,,,,,,,5,824852,2021-12-27_17h08.21.064,MemLear_ses-01_part-01_label-phase1,2020.1.3,Win32,60,,,,,,,,,,,stimuli/m_orange.jpg,stimuli/Electronic device & accessory.png,stimuli/Kitchen & utensil.png,stimuli/Hand labour tool & accessory.png,stimuli/Outdoor activity & sport item.png,,Hand labour tool & accessory,3,1,stimuli/objects/file.jpg,,,,,,,,,3,1,2.5096,0,21,21,21,1,1
,,,,,,,,,,,,,,5,824852,2021-12-27_17h08.21.064,MemLear_ses-01_part-01_label-phase1,2020.1.3,Win32,60,,,,,,,,,,,stimuli/m_orange.jpg,stimuli/Electronic device & accessory.png,stimuli/Outdoor activity & sport item.png,stimuli/Kitchen & utensil.png,stimuli/Hand labour tool & accessory.png,,Hand labour tool & accessory,4,1,stimuli/objects/solderingwire.jpg,,,,,,,,,3,0,0.389,0,22,22,22,1,1
,,,,,,,,,,,,,,5,824852,2021-12-27_17h08.21.064,MemLear_ses-01_part-01_label-phase1,2020.1.3,Win32,60,,,,,,,,,,,stimuli/m_black.jpg,stimuli/Outdoor activity & sport item.png,stimuli/Hand labour tool & accessory.png,stimuli/Kitchen & utensil.png,stimuli/Electronic device & accessory.png,,Kitchen & utensil,3,0,stimuli/objects/teapot.jpg,,,,,,,,,4,0,1.9825,0,23,23,23,1,0
,,,,,,,,,,,,,,5,824852,2021-12-27_17h08.21.064,MemLear_ses-01_part-01_label-phase1,2020.1.3,Win32,60,,,,,,,,,,,stimuli/m_orange.jpg,stimuli/Kitchen & utensil.png,stimuli/Hand labour tool & accessory.png,stimuli/Outdoor activity & sport item.png,stimuli/Electronic device & accessory.png,,Hand labour tool & accessory,2,1,stimuli/objects/gardenshears01a.jpg,,,,,,,,,2,1,1.1245,0,24,24,24,1,1
,,,,,,,,,,,,,,5,824852,2021-12-27_17h08.21.064,MemLear_ses-01_part-01_label-phase1,2020.1.3,Win32,60,,,,,,,,,,,stimuli/m_black.jpg,stimuli/Kitchen & utensil.png,stimuli/Hand labour tool & accessory.png,stimuli/Electronic device & accessory.png,stimuli/Outdoor activity & sport item.png,,Hand labour tool & accessory,2,0,stimuli/objects/hoe.jpg,,,,,,,,,3,0,1.1783,0,25,25,25,1,0
,,,,,,,,,,,,,,5,824852,2021-12-27_17h08.21.064,MemLear_ses-01_part-01_label-phase1,2020.1.3,Win32,60,,,,,,,,,,,stimuli/m_orange.jpg,stimuli/Hand labour tool & accessory.png,stimuli/Outdoor activity & sport item.png,stimuli/Electronic device & accessory.png,stimuli/Kitchen & utensil.png,,Hand labour tool & accessory,1,1,stimuli/objects/pipewrench.jpg,,,,,,,,,1,1,0.9491,0,26,26,26,1,1
,,,,,,,,,,,,,,5,824852,2021-12-27_17h08.21.064,MemLear_ses-01_part-01_label-phase1,2020.1.3,Win32,60,,,,,,,,,,,stimuli/m_orange.jpg,stimuli/Kitchen & utensil.png,stimuli/Electronic device & accessory.png,stimuli/Hand labour tool & accessory.png,stimuli/Outdoor activity & sport item.png,,Hand labour tool & accessory,3,1,stimuli/objects/metalscissors.jpg,,,,,,,,,3,1,1.8817,0,27,27,27,1,1
,,,,,,,,,,,,,,5,824852,2021-12-27_17h08.21.064,MemLear_ses-01_part-01_label-phase1,2020.1.3,Win32,60,,,,,,,,,,,stimuli/m_black.jpg,stimuli/Kitchen & utensil.png,stimuli/Hand labour tool & accessory.png,stimuli/Outdoor activity & sport item.png,stimuli/Electronic device & accessory.png,,Outdoor activity & sport item,3,1,stimuli/objects/magneticcompass.jpg,,,,,,,,,4,0,2.5975,0,28,28,28,1,0
,,,,,,,,,,,,,,5,824852,2021-12-27_17h08.21.064,MemLear_ses-01_part-01_label-phase1,2020.1.3,Win32,60,,,,,,,,,,,stimuli/m_black.jpg,stimuli/Electronic device & accessory.png,stimuli/Outdoor activity & sport item.png,stimuli/Hand labour tool & accessory.png,stimuli/Kitchen & utensil.png,,Outdoor activity & sport item,2,1,stimuli/objects/weight01.jpg,,,,,,,,,1,0,1.3912,0,29,29,29,1,0
,,,,,,,,,,,,,,5,824852,2021-12-27_17h08.21.064,MemLear_ses-01_part-01_label-phase1,2020.1.3,Win32,60,,,,,,,,,,,stimuli/m_black.jpg,stimuli/Kitchen & utensil.png,stimuli/Hand labour tool & accessory.png,stimuli/Electronic device & accessory.png,stimuli/Outdoor activity & sport item.png,,Electronic device & accessory,3,0,stimuli/objects/chandelier.jpg,,,,,,,,,4,0,2.1399,0,30,30,30,1,0
,,,,,,,,,,,,,,5,824852,2021-12-27_17h08.21.064,MemLear_ses-01_part-01_label-phase1,2020.1.3,Win32,60,,,,,,,,,,,stimuli/m_orange.jpg,stimuli/Kitchen & utensil.png,stimuli/Outdoor activity & sport item.png,stimuli/Hand labour tool & accessory.png,stimuli/Electronic device & accessory.png,,Hand labour tool & accessory,3,1,stimuli/objects/painttray.jpg,,,,,,,,,3,1,0.7926,0,31,31,31,1,1
,,,,,,,,,,,,,,5,824852,2021-12-27_17h08.21.064,MemLear_ses-01_part-01_label-phase1,2020.1.3,Win32,60,,,,,,,,,,,stimuli/m_black.jpg,stimuli/Hand labour tool & accessory.png,stimuli/Electronic device & accessory.png,stimuli/Kitchen & utensil.png,stimuli/Outdoor activity & sport item.png,,Kitchen & utensil,3,0,stimuli/objects/fonduefork01.jpg,,,,,,,,,2,0,3.9116,0,32,32,32,1,0
,,,,,,,,,,,,,,5,824852,2021-12-27_17h08.21.064,MemLear_ses-01_part-01_label-phase1,2020.1.3,Win32,60,,,,,,,,,,,stimuli/m_orange.jpg,stimuli/Electronic device & accessory.png,stimuli/Kitchen & utensil.png,stimuli/Outdoor activity & sport item.png,stimuli/Hand labour tool & accessory.png,,Hand labour tool & accessory,4,1,stimuli/objects/cheeseknife01.jpg,,,,,,,,,4,1,1.4763,0,33,33,33,1,1
,,,,,,,,,,,,,,5,824852,2021-12-27_17h08.21.064,MemLear_ses-01_part-01_label-phase1,2020.1.3,Win32,60,,,,,,,,,,,stimuli/m_orange.jpg,stimuli/Outdoor activity & sport item.png,stimuli/Hand labour tool & accessory.png,stimuli/Electronic device & accessory.png,stimuli/Kitchen & utensil.png,,Hand labour tool & accessory,2,1,stimuli/objects/gavel.jpg,,,,,,,,,2,1,1.7079,0,34,34,34,1,1
,,,,,,,,,,,,,,5,824852,2021-12-27_17h08.21.064,MemLear_ses-01_part-01_label-phase1,2020.1.3,Win32,60,,,,,,,,,,,stimuli/m_black.jpg,stimuli/Electronic device & accessory.png,stimuli/Kitchen & utensil.png,stimuli/Outdoor activity & sport item.png,stimuli/Hand labour tool & accessory.png,,Outdoor activity & sport item,3,1,stimuli/objects/birdie.jpg,,,,,,,,,1,0,1.5415,0,35,35,35,1,0
,,,,,,,,,,,,,,5,824852,2021-12-27_17h08.21.064,MemLear_ses-01_part-01_label-phase1,2020.1.3,Win32,60,,,,,,,,,,,stimuli/m_black.jpg,stimuli/Kitchen & utensil.png,stimuli/Electronic device & accessory.png,stimuli/Outdoor activity & sport item.png,stimuli/Hand labour tool & accessory.png,,Outdoor activity & sport item,3,1,stimuli/objects/footballhelmet.jpg,,,,,,,,,3,1,1.7208,0,36,36,36,1,0
,,,,,,,,,,,,,,5,824852,2021-12-27_17h08.21.064,MemLear_ses-01_part-01_label-phase1,2020.1.3,Win32,60,,,,,,,,,,,stimuli/m_black.jpg,stimuli/Outdoor activity & sport item.png,stimuli/Hand labour tool & accessory.png,stimuli/Electronic device & accessory.png,stimuli/Kitchen & utensil.png,,Kitchen & utensil,4,0,stimuli/objects/tray.jpg,,,,,,,,,1,0,1.6478,0,37,37,37,1,0
,,,,,,,,,,,,,,5,824852,2021-12-27_17h08.21.064,MemLear_ses-01_part-01_label-phase1,2020.1.3,Win32,60,,,,,,,,,,,stimuli/m_black.jpg,stimuli/Electronic device & accessory.png,stimuli/Kitchen & utensil.png,stimuli/Hand labour tool & accessory.png,stimuli/Outdoor activity & sport item.png,,Outdoor activity & sport item,4,1,stimuli/objects/charcoalbarbecue.jpg,,,,,,,,,2,0,1.4265,0,38,38,38,1,0
,,,,,,,,,,,,,,5,824852,2021-12-27_17h08.21.064,MemLear_ses-01_part-01_label-phase1,2020.1.3,Win32,60,,,,,,,,,,,stimuli/m_orange.jpg,stimuli/Kitchen & utensil.png,stimuli/Electronic device & accessory.png,stimuli/Outdoor activity & sport item.png,stimuli/Hand labour tool & accessory.png,,Hand labour tool & accessory,4,1,stimuli/objects/jumpercables.jpg,,,,,,,,,4,1,1.4015,0,39,39,39,1,1
,,,,,,,,,,,,,,5,824852,2021-12-27_17h08.21.064,MemLear_ses-01_part-01_label-phase1,2020.1.3,Win32,60,,,,,,,,,,,stimuli/m_orange.jpg,stimuli/Kitchen & utensil.png,stimuli/Hand labour tool & accessory.png,stimuli/Outdoor activity & sport item.png,stimuli/Electronic device & accessory.png,,Hand labour tool & accessory,2,1,stimuli/objects/sledgehammer.jpg,,,,,,,,,2,1,2.9788,0,40,40,40,1,1
,,,,,,,,,,,,,,5,824852,2021-12-27_17h08.21.064,MemLear_ses-01_part-01_label-phase1,2020.1.3,Win32,60,,,,,,,,,,,stimuli/m_black.jpg,stimuli/Electronic device & accessory.png,stimuli/Hand labour tool & accessory.png,stimuli/Kitchen & utensil.png,stimuli/Outdoor activity & sport item.png,,Electronic device & accessory,1,0,stimuli/objects/cellphone.jpg,,,,,,,,,2,0,2.7973,0,41,41,41,1,0
,,,,,,,,,,,,,,5,824852,2021-12-27_17h08.21.064,MemLear_ses-01_part-01_label-phase1,2020.1.3,Win32,60,,,,,,,,,,,stimuli/m_orange.jpg,stimuli/Electronic device & accessory.png,stimuli/Outdoor activity & sport item.png,stimuli/Hand labour tool & accessory.png,stimuli/Kitchen & utensil.png,,Hand labour tool & accessory,3,1,stimuli/objects/squeegee01b.jpg,,,,,,,,,1,0,1.1756,0,42,42,42,1,1
,,,,,,,,,,,,,,5,824852,2021-12-27_17h08.21.064,MemLear_ses-01_part-01_label-phase1,2020.1.3,Win32,60,,,,,,,,,,,stimuli/m_orange.jpg,stimuli/Outdoor activity & sport item.png,stimuli/Electronic device & accessory.png,stimuli/Kitchen & utensil.png,stimuli/Hand labour tool & accessory.png,,Hand labour tool & accessory,4,1,stimuli/objects/loppingshears.jpg,,,,,,,,,3,0,2.4938,0,43,43,43,1,1
,,,,,,,,,,,,,,5,824852,2021-12-27_17h08.21.064,MemLear_ses-01_part-01_label-phase1,2020.1.3,Win32,60,,,,,,,,,,,stimuli/m_black.jpg,stimuli/Outdoor activity & sport item.png,stimuli/Electronic device & accessory.png,stimuli/Hand labour tool & accessory.png,stimuli/Kitchen & utensil.png,,Outdoor activity & sport item,1,1,stimuli/objects/handgripper.jpg,,,,,,,,,3,0,1.3504,0,44,44,44,1,0
,,,,,,,,,,,,,,5,824852,2021-12-27_17h08.21.064,MemLear_ses-01_part-01_label-phase1,2020.1.3,Win32,60,,,,,,,,,,,stimuli/m_orange.jpg,stimuli/Kitchen & utensil.png,stimuli/Outdoor activity & sport item.png,stimuli/Electronic device & accessory.png,stimuli/Hand labour tool & accessory.png,,Kitchen & utensil,1,0,stimuli/objects/oven.jpg,,,,,,,,,2,0,0.9853,0,45,45,45,1,1
,,,,,,,,,,,,,,5,824852,2021-12-27_17h08.21.064,MemLear_ses-01_part-01_label-phase1,2020.1.3,Win32,60,,,,,,,,,,,stimuli/m_black.jpg,stimuli/Hand labour tool & accessory.png,stimuli/Outdoor activity & sport item.png,stimuli/Electronic device & accessory.png,stimuli/Kitchen & utensil.png,,Outdoor activity & sport item,2,1,stimuli/objects/bikepump01.jpg,,,,,,,,,3,0,2.6419,0,46,46,46,1,0
,,,,,,,,,,,,,,5,824852,2021-12-27_17h08.21.064,MemLear_ses-01_part-01_label-phase1,2020.1.3,Win32,60,,,,,,,,,,,stimuli/m_orange.jpg,stimuli/Outdoor activity & sport item.png,stimuli/Electronic device & accessory.png,stimuli/Kitchen & utensil.png,stimuli/Hand labour tool & accessory.png,,Hand labour tool & accessory,4,1,stimuli/objects/bowrake.jpg,,,,,,,,,4,1,1.3462,0,47,47,47,1,1
,,,,,,,,,,,,,,5,824852,2021-12-27_17h08.21.064,MemLear_ses-01_part-01_label-phase1,2020.1.3,Win32,60,,,,,,,,,,,stimuli/m_orange.jpg,stimuli/Outdoor activity & sport item.png,stimuli/Kitchen & utensil.png,stimuli/Hand labour tool & accessory.png,stimuli/Electronic device & accessory.png,,Hand labour tool & accessory,3,1,stimuli/objects/leafblower01.jpg,,,,,,,,,3,1,2.2395,0,48,48,48,1,1
,,,,,,,,,,,,,,5,824852,2021-12-27_17h08.21.064,MemLear_ses-01_part-01_label-phase1,2020.1.3,Win32,60,,,,,,,,,,,stimuli/m_black.jpg,stimuli/Hand labour tool & accessory.png,stimuli/Outdoor activity & sport item.png,stimuli/Kitchen & utensil.png,stimuli/Electronic device & accessory.png,,Outdoor activity & sport item,2,1,stimuli/objects/cooler01.jpg,,,,,,,,,4,0,1.5471,0,49,49,49,1,0
,,,,,,,,,,,,,,5,824852,2021-12-27_17h08.21.064,MemLear_ses-01_part-01_label-phase1,2020.1.3,Win32,60,,,,,,,,,,,stimuli/m_orange.jpg,stimuli/Hand labour tool & accessory.png,stimuli/Kitchen & utensil.png,stimuli/Outdoor activity & sport item.png,stimuli/Electronic device & accessory.png,,Hand labour tool & accessory,1,1,stimuli/objects/pylon01.jpg,,,,,,,,,4,0,2.3254,0,50,50,50,1,1
,,,,,,,,,,,,,,5,824852,2021-12-27_17h08.21.064,MemLear_ses-01_part-01_label-phase1,2020.1.3,Win32,60,,,,,,,,,,,stimuli/m_black.jpg,stimuli/Hand labour tool & accessory.png,stimuli/Outdoor activity & sport item.png,stimuli/Kitchen & utensil.png,stimuli/Electronic device & accessory.png,,Electronic device & accessory,4,0,stimuli/objects/videocamera01a.jpg,,,,,,,,,,0,,0,51,51,51,1,0
,,,,,,,,,,,,,,5,824852,2021-12-27_17h08.21.064,MemLear_ses-01_part-01_label-phase1,2020.1.3,Win32,60,,,,,,,,,,,stimuli/m_orange.jpg,stimuli/Hand labour tool & accessory.png,stimuli/Electronic device & accessory.png,stimuli/Outdoor activity & sport item.png,stimuli/Kitchen & utensil.png,,Kitchen & utensil,4,0,stimuli/objects/grater01a.jpg,,,,,,,,,1,0,1.295,0,52,52,52,1,1
,,,,,,,,,,,,,,5,824852,2021-12-27_17h08.21.064,MemLear_ses-01_part-01_label-phase1,2020.1.3,Win32,60,,,,,,,,,,,stimuli/m_orange.jpg,stimuli/Hand labour tool & accessory.png,stimuli/Outdoor activity & sport item.png,stimuli/Electronic device & accessory.png,stimuli/Kitchen & utensil.png,,Hand labour tool & accessory,1,1,stimuli/objects/nailgun.jpg,,,,,,,,,1,1,1.0228,0,53,53,53,1,1
,,,,,,,,,,,,,,5,824852,2021-12-27_17h08.21.064,MemLear_ses-01_part-01_label-phase1,2020.1.3,Win32,60,,,,,,,,,,,stimuli/m_black.jpg,stimuli/Outdoor activity & sport item.png,stimuli/Kitchen & utensil.png,stimuli/Hand labour tool & accessory.png,stimuli/Electronic device & accessory.png,,Kitchen & utensil,2,0,stimuli/objects/blender.jpg,,,,,,,,,4,0,2.2582,0,54,54,54,1,0
,,,,,,,,,,,,,,5,824852,2021-12-27_17h08.21.064,MemLear_ses-01_part-01_label-phase1,2020.1.3,Win32,60,,,,,,,,,,,stimuli/m_orange.jpg,stimuli/Electronic device & accessory.png,stimuli/Hand labour tool & accessory.png,stimuli/Kitchen & utensil.png,stimuli/Outdoor activity & sport item.png,,Electronic device & accessory,1,0,stimuli/objects/carlighter02.jpg,,,,,,,,,3,0,2.1611,0,55,55,55,1,1
,,,,,,,,,,,,,,5,824852,2021-12-27_17h08.21.064,MemLear_ses-01_part-01_label-phase1,2020.1.3,Win32,60,,,,,,,,,,,stimuli/m_black.jpg,stimuli/Electronic device & accessory.png,stimuli/Kitchen & utensil.png,stimuli/Hand labour tool & accessory.png,stimuli/Outdoor activity & sport item.png,,Outdoor activity & sport item,4,1,stimuli/objects/tennisracket.jpg,,,,,,,,,1,0,1.3124,0,56,56,56,1,0
,,,,,,,,,,,,,,5,824852,2021-12-27_17h08.21.064,MemLear_ses-01_part-01_label-phase1,2020.1.3,Win32,60,,,,,,,,,,,stimuli/m_orange.jpg,stimuli/Electronic device & accessory.png,stimuli/Outdoor activity & sport item.png,stimuli/Hand labour tool & accessory.png,stimuli/Kitchen & utensil.png,,Hand labour tool & accessory,3,1,stimuli/objects/carjack.jpg,,,,,,,,,3,1,2.3416,0,57,57,57,1,1
,,,,,,,,,,,,,,5,824852,2021-12-27_17h08.21.064,MemLear_ses-01_part-01_label-phase1,2020.1.3,Win32,60,,,,,,,,,,,stimuli/m_black.jpg,stimuli/Hand labour tool & accessory.png,stimuli/Electronic device & accessory.png,stimuli/Outdoor activity & sport item.png,stimuli/Kitchen & utensil.png,,Hand labour tool & accessory,1,0,stimuli/objects/shopvac.jpg,,,,,,,,,2,0,2.5981,0,58,58,58,1,0
,,,,,,,,,,,,,,5,824852,2021-12-27_17h08.21.064,MemLear_ses-01_part-01_label-phase1,2020.1.3,Win32,60,,,,,,,,,,,stimuli/m_black.jpg,stimuli/Kitchen & utensil.png,stimuli/Electronic device & accessory.png,stimuli/Hand labour tool & accessory.png,stimuli/Outdoor activity & sport item.png,,Outdoor activity & sport item,4,1,stimuli/objects/exercisebench.jpg,,,,,,,,,2,0,0.6116,0,59,59,59,1,0
,,,,,,,,,,,,,,5,824852,2021-12-27_17h08.21.064,MemLear_ses-01_part-01_label-phase1,2020.1.3,Win32,60,,,,,,,,,,,stimuli/m_black.jpg,stimuli/Outdoor activity & sport item.png,stimuli/Hand labour tool & accessory.png,stimuli/Electronic device & accessory.png,stimuli/Kitchen & utensil.png,,Outdoor activity & sport item,1,1,stimuli/objects/punchingball.jpg,,,,,,,,,1,1,1.3097,0,60,60,60,1,0
,,,,,,,,,,,,,,5,824852,2021-12-27_17h08.21.064,MemLear_ses-01_part-01_label-phase1,2020.1.3,Win32,60,,,,,,,,,,,stimuli/m_orange.jpg,stimuli/Electronic device & accessory.png,stimuli/Hand labour tool & accessory.png,stimuli/Kitchen & utensil.png,stimuli/Outdoor activity & sport item.png,,Hand labour tool & accessory,2,1,stimuli/objects/solderingiron.jpg,,,,,,,,,2,1,0.7601,0,61,61,61,1,1
,,,,,,,,,,,,,,5,824852,2021-12-27_17h08.21.064,MemLear_ses-01_part-01_label-phase1,2020.1.3,Win32,60,,,,,,,,,,,stimuli/m_black.jpg,stimuli/Outdoor activity & sport item.png,stimuli/Electronic device & accessory.png,stimuli/Hand labour tool & accessory.png,stimuli/Kitchen & utensil.png,,Hand labour tool & accessory,3,0,stimuli/objects/wheel01.jpg,,,,,,,,,1,0,2.0075,0,62,62,62,1,0
,,,,,,,,,,,,,,5,824852,2021-12-27_17h08.21.064,MemLear_ses-01_part-01_label-phase1,2020.1.3,Win32,60,,,,,,,,,,,stimuli/m_orange.jpg,stimuli/Hand labour tool & accessory.png,stimuli/Kitchen & utensil.png,stimuli/Electronic device & accessory.png,stimuli/Outdoor activity & sport item.png,,Electronic device & accessory,3,0,stimuli/objects/monitor.jpg,,,,,,,,,1,0,1.9434,0,63,63,63,1,1
,,,,,,,,,,,,,,5,824852,2021-12-27_17h08.21.064,MemLear_ses-01_part-01_label-phase1,2020.1.3,Win32,60,,,,,,,,,,,stimuli/m_orange.jpg,stimuli/Kitchen & utensil.png,stimuli/Electronic device & accessory.png,stimuli/Hand labour tool & accessory.png,stimuli/Outdoor activity & sport item.png,,Hand labour tool & accessory,3,1,stimuli/objects/gastank.jpg,,,,,,,,,2,0,2.6643,0,64,64,64,1,1
,,,,,,,,,,,,,,5,824852,2021-12-27_17h08.21.064,MemLear_ses-01_part-01_label-phase1,2020.1.3,Win32,60,,,,,,,,,,,stimuli/m_orange.jpg,stimuli/Kitchen & utensil.png,stimuli/Outdoor activity & sport item.png,stimuli/Electronic device & accessory.png,stimuli/Hand labour tool & accessory.png,,Hand labour tool & accessory,4,1,stimuli/objects/staplegun.jpg,,,,,,,,,4,1,2.2502,0,65,65,65,1,1
,,,,,,,,,,,,,,5,824852,2021-12-27_17h08.21.064,MemLear_ses-01_part-01_label-phase1,2020.1.3,Win32,60,,,,,,,,,,,stimuli/m_black.jpg,stimuli/Kitchen & utensil.png,stimuli/Outdoor activity & sport item.png,stimuli/Electronic device & accessory.png,stimuli/Hand labour tool & accessory.png,,Hand labour tool & accessory,4,0,stimuli/objects/gluetube.jpg,,,,,,,,,3,0,1.9109,0,66,66,66,1,0
,,,,,,,,,,,,,,5,824852,2021-12-27_17h08.21.064,MemLear_ses-01_part-01_label-phase1,2020.1.3,Win32,60,,,,,,,,,,,stimuli/m_black.jpg,stimuli/Kitchen & utensil.png,stimuli/Outdoor activity & sport item.png,stimuli/Hand labour tool & accessory.png,stimuli/Electronic device & accessory.png,,Outdoor activity & sport item,2,1,stimuli/objects/basketballhoop01.jpg,,,,,,,,,3,0,3.7539,0,67,67,67,1,0
,,,,,,,,,,,,,,5,824852,2021-12-27_17h08.21.064,MemLear_ses-01_part-01_label-phase1,2020.1.3,Win32,60,,,,,,,,,,,stimuli/m_black.jpg,stimuli/Electronic device & accessory.png,stimuli/Hand labour tool & accessory.png,stimuli/Outdoor activity & sport item.png,stimuli/Kitchen & utensil.png,,Outdoor activity & sport item,3,1,stimuli/objects/umbrella04.jpg,,,,,,,,,2,0,1.1788,0,68,68,68,1,0
,,,,,,,,,,,,,,5,824852,2021-12-27_17h08.21.064,MemLear_ses-01_part-01_label-phase1,2020.1.3,Win32,60,,,,,,,,,,,stimuli/m_black.jpg,stimuli/Outdoor activity & sport item.png,stimuli/Electronic device & accessory.png,stimuli/Kitchen & utensil.png,stimuli/Hand labour tool & accessory.png,,Outdoor activity & sport item,1,1,stimuli/objects/reflector.jpg,,,,,,,,,,0,,0,69,69,69,1,0
,,,,,,,,,,,,,,5,824852,2021-12-27_17h08.21.064,MemLear_ses-01_part-01_label-phase1,2020.1.3,Win32,60,,,,,,,,,,,stimuli/m_orange.jpg,stimuli/Outdoor activity & sport item.png,stimuli/Hand labour tool & accessory.png,stimuli/Kitchen & utensil.png,stimuli/Electronic device & accessory.png,,Outdoor activity & sport item,1,0,stimuli/objects/tennisball01b.jpg,,,,,,,,,2,0,0.6821,0,70,70,70,1,1
,,,,,,,,,,,,,,5,824852,2021-12-27_17h08.21.064,MemLear_ses-01_part-01_label-phase1,2020.1.3,Win32,60,,,,,,,,,,,stimuli/m_orange.jpg,stimuli/Outdoor activity & sport item.png,stimuli/Kitchen & utensil.png,stimuli/Electronic device & accessory.png,stimuli/Hand labour tool & accessory.png,,Hand labour tool & accessory,4,1,stimuli/objects/adjustablewrench01b.jpg,,,,,,,,,4,1,1.4587,0,71,71,71,1,1
,,,,,,,,,,,,,,5,824852,2021-12-27_17h08.21.064,MemLear_ses-01_part-01_label-phase1,2020.1.3,Win32,60,,,,,,,,,,,stimuli/m_black.jpg,stimuli/Electronic device & accessory.png,stimuli/Hand labour tool & accessory.png,stimuli/Kitchen & utensil.png,stimuli/Outdoor activity & sport item.png,,Outdoor activity & sport item,4,1,stimuli/objects/swing.jpg,,,,,,,,,2,0,1.0465,0,72,72,72,1,0
,,,,,,,,,,,,,,5,824852,2021-12-27_17h08.21.064,MemLear_ses-01_part-01_label-phase1,2020.1.3,Win32,60,,,,,,,,,,,stimuli/m_black.jpg,stimuli/Hand labour tool & accessory.png,stimuli/Outdoor activity & sport item.png,stimuli/Electronic device & accessory.png,stimuli/Kitchen & utensil.png,,Outdoor activity & sport item,2,1,stimuli/objects/skipole.jpg,,,,,,,,,2,1,1.1774,0,73,73,73,1,0
,,,,,,,,,,,,,,5,824852,2021-12-27_17h08.21.064,MemLear_ses-01_part-01_label-phase1,2020.1.3,Win32,60,,,,,,,,,,,stimuli/m_black.jpg,stimuli/Hand labour tool & accessory.png,stimuli/Kitchen & utensil.png,stimuli/Outdoor activity & sport item.png,stimuli/Electronic device & accessory.png,,Outdoor activity & sport item,3,1,stimuli/objects/binoculars01b.jpg,,,,,,,,,3,1,1.0722,0,74,74,74,1,0
,,,,,,,,,,,,,,5,824852,2021-12-27_17h08.21.064,MemLear_ses-01_part-01_label-phase1,2020.1.3,Win32,60,,,,,,,,,,,stimuli/m_black.jpg,stimuli/Outdoor activity & sport item.png,stimuli/Hand labour tool & accessory.png,stimuli/Kitchen & utensil.png,stimuli/Electronic device & accessory.png,,Outdoor activity & sport item,1,1,stimuli/objects/anchor.jpg,,,,,,,,,1,1,1.649,0,75,75,75,1,0
,,,,,,,,,,,,,,5,824852,2021-12-27_17h08.21.064,MemLear_ses-01_part-01_label-phase1,2020.1.3,Win32,60,,,,,,,,,,,stimuli/m_black.jpg,stimuli/Kitchen & utensil.png,stimuli/Electronic device & accessory.png,stimuli/Outdoor activity & sport item.png,stimuli/Hand labour tool & accessory.png,,Outdoor activity & sport item,3,1,stimuli/objects/bikehelmet.jpg,,,,,,,,,3,1,2.0133,0,76,76,76,1,0
,,,,,,,,,,,,,,5,824852,2021-12-27_17h08.21.064,MemLear_ses-01_part-01_label-phase1,2020.1.3,Win32,60,,,,,,,,,,,stimuli/m_orange.jpg,stimuli/Hand labour tool & accessory.png,stimuli/Outdoor activity & sport item.png,stimuli/Kitchen & utensil.png,stimuli/Electronic device & accessory.png,,Electronic device & accessory,4,0,stimuli/objects/walkman.jpg,,,,,,,,,1,0,2.0817,0,77,77,77,1,1
,,,,,,,,,,,,,,5,824852,2021-12-27_17h08.21.064,MemLear_ses-01_part-01_label-phase1,2020.1.3,Win32,60,,,,,,,,,,,stimuli/m_black.jpg,stimuli/Outdoor activity & sport item.png,stimuli/Kitchen & utensil.png,stimuli/Hand labour tool & accessory.png,stimuli/Electronic device & accessory.png,,Outdoor activity & sport item,1,1,stimuli/objects/boogieboard.jpg,,,,,,,,,4,0,1.4731,0,78,78,78,1,0
,,,,,,,,,,,,,,5,824852,2021-12-27_17h08.21.064,MemLear_ses-01_part-01_label-phase1,2020.1.3,Win32,60,,,,,,,,,,,stimuli/m_black.jpg,stimuli/Outdoor activity & sport item.png,stimuli/Electronic device & accessory.png,stimuli/Kitchen & utensil.png,stimuli/Hand labour tool & accessory.png,,Outdoor activity & sport item,1,1,stimuli/objects/badmintonracket.jpg,,,,,,,,,,0,,0,79,79,79,1,0
,,,,,,,,,,,,,,5,824852,2021-12-27_17h08.21.064,MemLear_ses-01_part-01_label-phase1,2020.1.3,Win32,60,,,,,,,,,,,stimuli/m_black.jpg,stimuli/Hand labour tool & accessory.png,stimuli/Outdoor activity & sport item.png,stimuli/Electronic device & accessory.png,stimuli/Kitchen & utensil.png,,Outdoor activity & sport item,2,1,stimuli/objects/volleyball.jpg,,,,,,,,,2,1,0.4991,0,80,80,80,1,0
,,,,,,,,,,,,,,5,824852,2021-12-27_17h08.21.064,MemLear_ses-01_part-01_label-phase1,2020.1.3,Win32,60,,,,,,,,,,,stimuli/m_orange.jpg,stimuli/Outdoor activity & sport item.png,stimuli/Electronic device & accessory.png,stimuli/Hand labour tool & accessory.png,stimuli/Kitchen & utensil.png,,Kitchen & utensil,4,0,stimuli/objects/pot01.jpg,,,,,,,,,3,0,0.8953,0,81,81,81,1,1
,,,,,,,,,,,,,,5,824852,2021-12-27_17h08.21.064,MemLear_ses-01_part-01_label-phase1,2020.1.3,Win32,60,,,,,,,,,,,stimuli/m_orange.jpg,stimuli/Electronic device & accessory.png,stimuli/Kitchen & utensil.png,stimuli/Hand labour tool & accessory.png,stimuli/Outdoor activity & sport item.png,,Hand labour tool & accessory,3,1,stimuli/objects/cclamp.jpg,,,,,,,,,3,1,2.3373,0,82,82,82,1,1
,,,,,,,,,,,,,,5,824852,2021-12-27_17h08.21.064,MemLear_ses-01_part-01_label-phase1,2020.1.3,Win32,60,,,,,,,,,,,stimuli/m_black.jpg,stimuli/Electronic device & accessory.png,stimuli/Outdoor activity & sport item.png,stimuli/Kitchen & utensil.png,stimuli/Hand labour tool & accessory.png,,Outdoor activity & sport item,2,1,stimuli/objects/bicycle.jpg,,,,,,,,,2,1,3.2406,0,83,83,83,1,0
,,,,,,,,,,,,,,5,824852,2021-12-27_17h08.21.064,MemLear_ses-01_part-01_label-phase1,2020.1.3,Win32,60,,,,,,,,,,,stimuli/m_black.jpg,stimuli/Hand labour tool & accessory.png,stimuli/Electronic device & accessory.png,stimuli/Kitchen & utensil.png,stimuli/Outdoor activity & sport item.png,,Outdoor activity & sport item,4,1,stimuli/objects/golfbag.jpg,,,,,,,,,4,1,1.3727,0,84,84,84,1,0
,,,,,,,,,,,,,,5,824852,2021-12-27_17h08.21.064,MemLear_ses-01_part-01_label-phase1,2020.1.3,Win32,60,,,,,,,,,,,stimuli/m_orange.jpg,stimuli/Hand labour tool & accessory.png,stimuli/Electronic device & accessory.png,stimuli/Outdoor activity & sport item.png,stimuli/Kitchen & utensil.png,,Kitchen & utensil,4,0,stimuli/objects/cleaver01.jpg,,,,,,,,,1,0,1.1912,0,85,85,85,1,1
,,,,,,,,,,,,,,5,824852,2021-12-27_17h08.21.064,MemLear_ses-01_part-01_label-phase1,2020.1.3,Win32,60,,,,,,,,,,,stimuli/m_orange.jpg,stimuli/Kitchen & utensil.png,stimuli/Hand labour tool & accessory.png,stimuli/Electronic device & accessory.png,stimuli/Outdoor activity & sport item.png,,Kitchen & utensil,1,0,stimuli/objects/icebucket.jpg,,,,,,,,,1,1,1.7094,0,86,86,86,1,1
,,,,,,,,,,,,,,5,824852,2021-12-27_17h08.21.064,MemLear_ses-01_part-01_label-phase1,2020.1.3,Win32,60,,,,,,,,,,,stimuli/m_orange.jpg,stimuli/Kitchen & utensil.png,stimuli/Outdoor activity & sport item.png,stimuli/Electronic device & accessory.png,stimuli/Hand labour tool & accessory.png,,Hand labour tool & accessory,4,1,stimuli/objects/tablesaw.jpg,,,,,,,,,4,1,1.4949,0,87,87,87,1,1
,,,,,,,,,,,,,,5,824852,2021-12-27_17h08.21.064,MemLear_ses-01_part-01_label-phase1,2020.1.3,Win32,60,,,,,,,,,,,stimuli/m_black.jpg,stimuli/Kitchen & utensil.png,stimuli/Hand labour tool & accessory.png,stimuli/Outdoor activity & sport item.png,stimuli/Electronic device & accessory.png,,Outdoor activity & sport item,3,1,stimuli/objects/frisbee.jpg,,,,,,,,,1,0,2.2409,0,88,88,88,1,0
,,,,,,,,,,,,,,5,824852,2021-12-27_17h08.21.064,MemLear_ses-01_part-01_label-phase1,2020.1.3,Win32,60,,,,,,,,,,,stimuli/m_orange.jpg,stimuli/Hand labour tool & accessory.png,stimuli/Electronic device & accessory.png,stimuli/Kitchen & utensil.png,stimuli/Outdoor activity & sport item.png,,Kitchen & utensil,3,0,stimuli/objects/kitchenscale01a.jpg,,,,,,,,,4,0,1.589,0,89,89,89,1,1
,,,,,,,,,,,,,,5,824852,2021-12-27_17h08.21.064,MemLear_ses-01_part-01_label-phase1,2020.1.3,Win32,60,,,,,,,,,,,stimuli/m_black.jpg,stimuli/Electronic device & accessory.png,stimuli/Outdoor activity & sport item.png,stimuli/Kitchen & utensil.png,stimuli/Hand labour tool & accessory.png,,Electronic device & accessory,1,0,stimuli/objects/securitycamera.jpg,,,,,,,,,3,0,1.3733,0,90,90,90,1,0
,,,,,,,,,,,,,,5,824852,2021-12-27_17h08.21.064,MemLear_ses-01_part-01_label-phase1,2020.1.3,Win32,60,,,,,,,,,,,stimuli/m_orange.jpg,stimuli/Kitchen & utensil.png,stimuli/Outdoor activity & sport item.png,stimuli/Hand labour tool & accessory.png,stimuli/Electronic device & accessory.png,,Hand labour tool & accessory,3,1,stimuli/objects/measuringtape01.jpg,,,,,,,,,4,0,1.922,0,91,91,91,1,1
,,,,,,,,,,,,,,5,824852,2021-12-27_17h08.21.064,MemLear_ses-01_part-01_label-phase1,2020.1.3,Win32,60,,,,,,,,,,,stimuli/m_orange.jpg,stimuli/Hand labour tool & accessory.png,stimuli/Kitchen & utensil.png,stimuli/Outdoor activity & sport item.png,stimuli/Electronic device & accessory.png,,Hand labour tool & accessory,1,1,stimuli/objects/mitresaw.jpg,,,,,,,,,1,1,1.1398,0,92,92,92,1,1
,,,,,,,,,,,,,,5,824852,2021-12-27_17h08.21.064,MemLear_ses-01_part-01_label-phase1,2020.1.3,Win32,60,,,,,,,,,,,stimuli/m_orange.jpg,stimuli/Outdoor activity & sport item.png,stimuli/Hand labour tool & accessory.png,stimuli/Electronic device & accessory.png,stimuli/Kitchen & utensil.png,,Outdoor activity & sport item,1,0,stimuli/objects/propanetank01.jpg,,,,,,,,,2,0,1.74,0,93,93,93,1,1
,,,,,,,,,,,,,,5,824852,2021-12-27_17h08.21.064,MemLear_ses-01_part-01_label-phase1,2020.1.3,Win32,60,,,,,,,,,,,stimuli/m_black.jpg,stimuli/Outdoor activity & sport item.png,stimuli/Kitchen & utensil.png,stimuli/Electronic device & accessory.png,stimuli/Hand labour tool & accessory.png,,Kitchen & utensil,2,0,stimuli/objects/styrofoamcup.jpg,,,,,,,,,2,1,2.86,0,94,94,94,1,0
,,,,,,,,,,,,,,5,824852,2021-12-27_17h08.21.064,MemLear_ses-01_part-01_label-phase1,2020.1.3,Win32,60,,,,,,,,,,,stimuli/m_black.jpg,stimuli/Electronic device & accessory.png,stimuli/Hand labour tool & accessory.png,stimuli/Outdoor activity & sport item.png,stimuli/Kitchen & utensil.png,,Outdoor activity & sport item,3,1,stimuli/objects/exercisemachine.jpg,,,,,,,,,4,0,2.6136,0,95,95,95,1,0
,,,,,,,,,,,,,,5,824852,2021-12-27_17h08.21.064,MemLear_ses-01_part-01_label-phase1,2020.1.3,Win32,60,,,,,,,,,,,stimuli/m_orange.jpg,stimuli/Hand labour tool & accessory.png,stimuli/Electronic device & accessory.png,stimuli/Kitchen & utensil.png,stimuli/Outdoor activity & sport item.png,,Outdoor activity & sport item,4,0,stimuli/objects/surfboard.jpg,,,,,,,,,4,1,1.375,0,96,96,96,1,1
,,,,,,,,,,,,,,5,824852,2021-12-27_17h08.21.064,MemLear_ses-01_part-01_label-phase1,2020.1.3,Win32,60,,,,,,,,,,,stimuli/m_orange.jpg,stimuli/Electronic device & accessory.png,stimuli/Hand labour tool & accessory.png,stimuli/Outdoor activity & sport item.png,stimuli/Kitchen & utensil.png,,Hand labour tool & accessory,2,1,stimuli/objects/wirestripper.jpg,,,,,,,,,3,0,0.4089,0,97,97,97,1,1
,,,,,,,,,,,,,,5,824852,2021-12-27_17h08.21.064,MemLear_ses-01_part-01_label-phase1,2020.1.3,Win32,60,,,,,,,,,,,stimuli/m_black.jpg,stimuli/Hand labour tool & accessory.png,stimuli/Kitchen & utensil.png,stimuli/Outdoor activity & sport item.png,stimuli/Electronic device & accessory.png,,Outdoor activity & sport item,3,1,stimuli/objects/gymnasticring.jpg,,,,,,,,,1,0,0.8607,0,98,98,98,1,0
,,,,,,,,,,,,,,5,824852,2021-12-27_17h08.21.064,MemLear_ses-01_part-01_label-phase1,2020.1.3,Win32,60,,,,,,,,,,,stimuli/m_black.jpg,stimuli/Hand labour tool & accessory.png,stimuli/Electronic device & accessory.png,stimuli/Outdoor activity & sport item.png,stimuli/Kitchen & utensil.png,,Outdoor activity & sport item,3,1,stimuli/objects/bowlingball.jpg,,,,,,,,,3,1,1.0666,0,99,99,99,1,0
,,,,,,,,,,,,,,5,824852,2021-12-27_17h08.21.064,MemLear_ses-01_part-01_label-phase1,2020.1.3,Win32,60,,,,,,,,,,,stimuli/m_orange.jpg,stimuli/Electronic device & accessory.png,stimuli/Hand labour tool & accessory.png,stimuli/Outdoor activity & sport item.png,stimuli/Kitchen & utensil.png,,Outdoor activity & sport item,3,0,stimuli/objects/baseball01a.jpg,,,,,,,,,2,0,1.0056,0,100,100,100,1,1
,,,,,,,,,,,,,,5,824852,2021-12-27_17h08.21.064,MemLear_ses-01_part-01_label-phase1,2020.1.3,Win32,60,,,,,,,,,,,stimuli/m_black.jpg,stimuli/Hand labour tool & accessory.png,stimuli/Kitchen & utensil.png,stimuli/Electronic device & accessory.png,stimuli/Outdoor activity & sport item.png,,Electronic device & accessory,3,0,stimuli/objects/spotlight.jpg,,,,,,,,,4,0,1.4562,0,101,101,101,1,0
,,,,,,,,,,,,,,5,824852,2021-12-27_17h08.21.064,MemLear_ses-01_part-01_label-phase1,2020.1.3,Win32,60,,,,,,,,,,,stimuli/m_orange.jpg,stimuli/Outdoor activity & sport item.png,stimuli/Electronic device & accessory.png,stimuli/Hand labour tool & accessory.png,stimuli/Kitchen & utensil.png,,Hand labour tool & accessory,3,1,stimuli/objects/drillbit03a.jpg,,,,,,,,,4,0,2.3085,0,102,102,102,1,1
,,,,,,,,,,,,,,5,824852,2021-12-27_17h08.21.064,MemLear_ses-01_part-01_label-phase1,2020.1.3,Win32,60,,,,,,,,,,,stimuli/m_orange.jpg,stimuli/Electronic device & accessory.png,stimuli/Hand labour tool & accessory.png,stimuli/Outdoor activity & sport item.png,stimuli/Kitchen & utensil.png,,Hand labour tool & accessory,2,1,stimuli/objects/cuttingpliers02.jpg,,,,,,,,,2,1,1.111,0,103,103,103,1,1
,,,,,,,,,,,,,,5,824852,2021-12-27_17h08.21.064,MemLear_ses-01_part-01_label-phase1,2020.1.3,Win32,60,,,,,,,,,,,stimuli/m_orange.jpg,stimuli/Kitchen & utensil.png,stimuli/Electronic device & accessory.png,stimuli/Outdoor activity & sport item.png,stimuli/Hand labour tool & accessory.png,,Hand labour tool & accessory,4,1,stimuli/objects/metalbrush.jpg,,,,,,,,,4,1,1.4955,0,104,104,104,1,1
,,,,,,,,,,,,,,5,824852,2021-12-27_17h08.21.064,MemLear_ses-01_part-01_label-phase1,2020.1.3,Win32,60,,,,,,,,,,,stimuli/m_orange.jpg,stimuli/Kitchen & utensil.png,stimuli/Electronic device & accessory.png,stimuli/Outdoor activity & sport item.png,stimuli/Hand labour tool & accessory.png,,Hand labour tool & accessory,4,1,stimuli/objects/jackhammer.jpg,,,,,,,,,4,1,0.584,0,105,105,105,1,1
,,,,,,,,,,,,,,5,824852,2021-12-27_17h08.21.064,MemLear_ses-01_part-01_label-phase1,2020.1.3,Win32,60,,,,,,,,,,,stimuli/m_orange.jpg,stimuli/Outdoor activity & sport item.png,stimuli/Kitchen & utensil.png,stimuli/Electronic device & accessory.png,stimuli/Hand labour tool & accessory.png,,Outdoor activity & sport item,1,0,stimuli/objects/kneepad01c.jpg,,,,,,,,,4,0,0.5882,0,106,106,106,1,1
,,,,,,,,,,,,,,5,824852,2021-12-27_17h08.21.064,MemLear_ses-01_part-01_label-phase1,2020.1.3,Win32,60,,,,,,,,,,,stimuli/m_orange.jpg,stimuli/Hand labour tool & accessory.png,stimuli/Kitchen & utensil.png,stimuli/Outdoor activity & sport item.png,stimuli/Electronic device & accessory.png,,Hand labour tool & accessory,1,1,stimuli/objects/hammer01.jpg,,,,,,,,,1,1,1.2565,0,107,107,107,1,1
,,,,,,,,,,,,,,5,824852,2021-12-27_17h08.21.064,MemLear_ses-01_part-01_label-phase1,2020.1.3,Win32,60,,,,,,,,,,,stimuli/m_orange.jpg,stimuli/Kitchen & utensil.png,stimuli/Hand labour tool & accessory.png,stimuli/Electronic device & accessory.png,stimuli/Outdoor activity & sport item.png,,Electronic device & accessory,3,0,stimuli/objects/coffeemachine.jpg,,,,,,,,,2,0,0.9435,0,108,108,108,1,1
,,,,,,,,,,,,,,5,824852,2021-12-27_17h08.21.064,MemLear_ses-01_part-01_label-phase1,2020.1.3,Win32,60,,,,,,,,,,,stimuli/m_orange.jpg,stimuli/Electronic device & accessory.png,stimuli/Outdoor activity & sport item.png,stimuli/Kitchen & utensil.png,stimuli/Hand labour tool & accessory.png,,Electronic device & accessory,1,0,stimuli/objects/alarmsystem.jpg,,,,,,,,,3,0,1.7791,0,109,109,109,1,1
,,,,,,,,,,,,,,5,824852,2021-12-27_17h08.21.064,MemLear_ses-01_part-01_label-phase1,2020.1.3,Win32,60,,,,,,,,,,,stimuli/m_black.jpg,stimuli/Kitchen & utensil.png,stimuli/Outdoor activity & sport item.png,stimuli/Hand labour tool & accessory.png,stimuli/Electronic device & accessory.png,,Outdoor activity & sport item,2,1,stimuli/objects/podium.jpg,,,,,,,,,4,0,1.2745,0,110,110,110,1,0
,,,,,,,,,,,,,,5,824852,2021-12-27_17h08.21.064,MemLear_ses-01_part-01_label-phase1,2020.1.3,Win32,60,,,,,,,,,,,stimuli/m_orange.jpg,stimuli/Kitchen & utensil.png,stimuli/Electronic device & accessory.png,stimuli/Hand labour tool & accessory.png,stimuli/Outdoor activity & sport item.png,,Hand labour tool & accessory,3,1,stimuli/objects/hedgeshears.jpg,,,,,,,,,4,0,2.6311,0,111,111,111,1,1
,,,,,,,,,,,,,,5,824852,2021-12-27_17h08.21.064,MemLear_ses-01_part-01_label-phase1,2020.1.3,Win32,60,,,,,,,,,,,stimuli/m_black.jpg,stimuli/Kitchen & utensil.png,stimuli/Electronic device & accessory.png,stimuli/Outdoor activity & sport item.png,stimuli/Hand labour tool & accessory.png,,Outdoor activity & sport item,3,1,stimuli/objects/bikewheel.jpg,,,,,,,,,3,1,2.4571,0,112,112,112,1,0
,,,,,,,,,,,,,,5,824852,2021-12-27_17h08.21.064,MemLear_ses-01_part-01_label-phase1,2020.1.3,Win32,60,,,,,,,,,,,stimuli/m_orange.jpg,stimuli/Hand labour tool & accessory.png,stimuli/Kitchen & utensil.png,stimuli/Electronic device & accessory.png,stimuli/Outdoor activity & sport item.png,,Hand labour tool & accessory,1,1,stimuli/objects/stepladder.jpg,,,,,,,,,1,1,2.2407,0,113,113,113,1,1
,,,,,,,,,,,,,,5,824852,2021-12-27_17h08.21.064,MemLear_ses-01_part-01_label-phase1,2020.1.3,Win32,60,,,,,,,,,,,stimuli/m_black.jpg,stimuli/Kitchen & utensil.png,stimuli/Electronic device & accessory.png,stimuli/Hand labour tool & accessory.png,stimuli/Outdoor activity & sport item.png,,Outdoor activity & sport item,4,1,stimuli/objects/toyhockeystick01.jpg,,,,,,,,,4,1,2.7133,0,114,114,114,1,0
,,,,,,,,,,,,,,5,824852,2021-12-27_17h08.21.064,MemLear_ses-01_part-01_label-phase1,2020.1.3,Win32,60,,,,,,,,,,,stimuli/m_black.jpg,stimuli/Hand labour tool & accessory.png,stimuli/Kitchen & utensil.png,stimuli/Outdoor activity & sport item.png,stimuli/Electronic device & accessory.png,,Outdoor activity & sport item,3,1,stimuli/objects/snowboard.jpg,,,,,,,,,3,1,1.3788,0,115,115,115,1,0
,,,,,,,,,,,,,,5,824852,2021-12-27_17h08.21.064,MemLear_ses-01_part-01_label-phase1,2020.1.3,Win32,60,,,,,,,,,,,stimuli/m_orange.jpg,stimuli/Hand labour tool & accessory.png,stimuli/Outdoor activity & sport item.png,stimuli/Kitchen & utensil.png,stimuli/Electronic device & accessory.png,,Hand labour tool & accessory,1,1,stimuli/objects/caulking.jpg,,,,,,,,,1,1,0.8753,0,116,116,116,1,1
,,,,,,,,,,,,,,5,824852,2021-12-27_17h08.21.064,MemLear_ses-01_part-01_label-phase1,2020.1.3,Win32,60,,,,,,,,,,,stimuli/m_black.jpg,stimuli/Kitchen & utensil.png,stimuli/Outdoor activity & sport item.png,stimuli/Electronic device & accessory.png,stimuli/Hand labour tool & accessory.png,,Outdoor activity & sport item,2,1,stimuli/objects/exercisebike.jpg,,,,,,,,,4,0,3.0262,0,117,117,117,1,0
,,,,,,,,,,,,,,5,824852,2021-12-27_17h08.21.064,MemLear_ses-01_part-01_label-phase1,2020.1.3,Win32,60,,,,,,,,,,,stimuli/m_orange.jpg,stimuli/Hand labour tool & accessory.png,stimuli/Electronic device & accessory.png,stimuli/Kitchen & utensil.png,stimuli/Outdoor activity & sport item.png,,Hand labour tool & accessory,1,1,stimuli/objects/pliers02b.jpg,,,,,,,,,4,0,1.2769,0,118,118,118,1,1
,,,,,,,,,,,,,,5,824852,2021-12-27_17h08.21.064,MemLear_ses-01_part-01_label-phase1,2020.1.3,Win32,60,,,,,,,,,,,stimuli/m_black.jpg,stimuli/Electronic device & accessory.png,stimuli/Hand labour tool & accessory.png,stimuli/Outdoor activity & sport item.png,stimuli/Kitchen & utensil.png,,Kitchen & utensil,4,0,stimuli/objects/bowl02a.jpg,,,,,,,,,2,0,3.159,0,119,119,119,1,0
