﻿images,key,illustration_loop.thisRepN,illustration_loop.thisTrialN,illustration_loop.thisN,illustration_loop.thisIndex,image.started,image.stopped,participant,Expra Code,date,expName,psychopyVersion,frameRate,
slide 1.jpg,'space’,0,0,0,0,5.088538482988952,None,1,,2021_Nov_25_1245,MemLear_ses-01_part-02_label-nBack,2020.1.3,59.95882327519148,
slide 2.jpg,'l’,0,1,1,1,6.237881913984893,None,1,,2021_Nov_25_1245,MemLear_ses-01_part-02_label-nBack,2020.1.3,59.95882327519148,
slide 3.jpg,'l’,0,2,2,2,10.252218508976512,None,1,,2021_Nov_25_1245,MemLear_ses-01_part-02_label-nBack,2020.1.3,59.95882327519148,
slide 4.jpg,'l’,0,3,3,3,10.643892830994446,None,1,,2021_Nov_25_1245,MemLear_ses-01_part-02_label-nBack,2020.1.3,59.95882327519148,
slide 5.jpg,'d’,0,4,4,4,11.02911304999725,None,1,,2021_Nov_25_1245,MemLear_ses-01_part-02_label-nBack,2020.1.3,59.95882327519148,
slide 6.jpg,'l’,0,5,5,5,11.56871048299945,None,1,,2021_Nov_25_1245,MemLear_ses-01_part-02_label-nBack,2020.1.3,59.95882327519148,
