﻿images,keys,illustration_loop.thisRepN,illustration_loop.thisTrialN,illustration_loop.thisN,illustration_loop.thisIndex,image.started,image.stopped,participant,Expra Code,date,expName,psychopyVersion,frameRate,
slide 1.jpg,'space’,0,0,0,0,8.149373424996156,None,1,,2021_Nov_25_1246,MemLear_ses-01_part-02_label-nBack,2020.1.3,60.943976867022705,
slide 2.jpg,'l’,0,1,1,1,8.873948666994693,None,1,,2021_Nov_25_1246,MemLear_ses-01_part-02_label-nBack,2020.1.3,60.943976867022705,
slide 3.jpg,'l’,0,2,2,2,14.352988113998435,None,1,,2021_Nov_25_1246,MemLear_ses-01_part-02_label-nBack,2020.1.3,60.943976867022705,
slide 4.jpg,'l’,0,3,3,3,15.257366321980953,None,1,,2021_Nov_25_1246,MemLear_ses-01_part-02_label-nBack,2020.1.3,60.943976867022705,
