illustration_loop.thisRepN,illustration_loop.thisTrialN,illustration_loop.thisN,illustration_loop.thisIndex,illustration_loop.ran,images,key,participant,Expra Code,date,expName,psychopyVersion,OS,frameRate,key_resp_4.keys,key_resp_4.corr,n_back_loop.thisRepN,n_back_loop.thisTrialN,n_back_loop.thisN,n_back_loop.thisIndex,n_back_loop.ran,word,CORRanswer,trialtype,hit_NoHit,key_resp_4.rt
0,0,0,0,1,slide 1.jpg,'space’,991,,2021-12-02_11h36.02.921,MemLear_ses-01_part-02_label-nBack,2020.1.3,Win32,60,,,,,,,,,,,,
0,1,1,1,1,slide 2.jpg,'l’,991,,2021-12-02_11h36.02.921,MemLear_ses-01_part-02_label-nBack,2020.1.3,Win32,60,,,,,,,,,,,,
0,2,2,2,1,slide 3.jpg,'l’,991,,2021-12-02_11h36.02.921,MemLear_ses-01_part-02_label-nBack,2020.1.3,Win32,60,,,,,,,,,,,,
0,3,3,3,1,slide 4.jpg,'l’,991,,2021-12-02_11h36.02.921,MemLear_ses-01_part-02_label-nBack,2020.1.3,Win32,60,,,,,,,,,,,,
0,4,4,4,1,slide 5.jpg,'d’,991,,2021-12-02_11h36.02.921,MemLear_ses-01_part-02_label-nBack,2020.1.3,Win32,60,,,,,,,,,,,,
0,5,5,5,1,slide 6.jpg,'l’,991,,2021-12-02_11h36.02.921,MemLear_ses-01_part-02_label-nBack,2020.1.3,Win32,60,,,,,,,,,,,,
,,,,,,,991,,2021-12-02_11h36.02.921,MemLear_ses-01_part-02_label-nBack,2020.1.3,Win32,60,,0,0,0,0,0,1,bless,l,0,NoHit,
,,,,,,,991,,2021-12-02_11h36.02.921,MemLear_ses-01_part-02_label-nBack,2020.1.3,Win32,60,,0,0,1,1,1,1,nature,l,0,NoHit,
,,,,,,,991,,2021-12-02_11h36.02.921,MemLear_ses-01_part-02_label-nBack,2020.1.3,Win32,60,,0,0,2,2,2,1,carefree,l,0,NoHit,
,,,,,,,991,,2021-12-02_11h36.02.921,MemLear_ses-01_part-02_label-nBack,2020.1.3,Win32,60,"[""d""]",1,0,3,3,3,1,nature,d,1,Hit,[0.5737999999821142]
,,,,,,,991,,2021-12-02_11h36.02.921,MemLear_ses-01_part-02_label-nBack,2020.1.3,Win32,60,,0,0,4,4,4,1,easygoing,l,0,NoHit,
,,,,,,,991,,2021-12-02_11h36.02.921,MemLear_ses-01_part-02_label-nBack,2020.1.3,Win32,60,,0,0,5,5,5,1,pillow,l,0,NoHit,
,,,,,,,991,,2021-12-02_11h36.02.921,MemLear_ses-01_part-02_label-nBack,2020.1.3,Win32,60,"[""d""]",1,0,6,6,6,1,easygoing,d,1,Hit,[0.9485999999940304]
,,,,,,,991,,2021-12-02_11h36.02.921,MemLear_ses-01_part-02_label-nBack,2020.1.3,Win32,60,"[""l""]",1,0,7,7,7,1,gentle,l,0,NoHit,[0.9825999999940365]
,,,,,,,991,,2021-12-02_11h36.02.921,MemLear_ses-01_part-02_label-nBack,2020.1.3,Win32,60,"[""d""]",0,0,8,8,8,1,square,l,0,NoHit,[0.6253000000119187]
,,,,,,,991,,2021-12-02_11h36.02.921,MemLear_ses-01_part-02_label-nBack,2020.1.3,Win32,60,"[""d""]",1,0,9,9,9,1,gentle,d,1,Hit,[0.7757999999821266]
,,,,,,,991,,2021-12-02_11h36.02.921,MemLear_ses-01_part-02_label-nBack,2020.1.3,Win32,60,"[""l""]",1,0,10,10,10,1,carefree,l,0,NoHit,[1.215200000017873]
,,,,,,,991,,2021-12-02_11h36.02.921,MemLear_ses-01_part-02_label-nBack,2020.1.3,Win32,60,"[""l""]",1,0,11,11,11,1,tool,l,0,NoHit,[1.173599999994039]
,,,,,,,991,,2021-12-02_11h36.02.921,MemLear_ses-01_part-02_label-nBack,2020.1.3,Win32,60,"[""l""]",1,0,12,12,12,1,bored,l,0,NoHit,[0.7645000000000124]
,,,,,,,991,,2021-12-02_11h36.02.921,MemLear_ses-01_part-02_label-nBack,2020.1.3,Win32,60,"[""d""]",1,0,13,13,13,1,tool,d,1,Hit,[0.6747000000178787]
,,,,,,,991,,2021-12-02_11h36.02.921,MemLear_ses-01_part-02_label-nBack,2020.1.3,Win32,60,"[""l""]",1,0,14,14,14,1,home,l,0,NoHit,[1.3525000000000063]
,,,,,,,991,,2021-12-02_11h36.02.921,MemLear_ses-01_part-02_label-nBack,2020.1.3,Win32,60,,0,0,15,15,15,1,immature,l,0,NoHit,
,,,,,,,991,,2021-12-02_11h36.02.921,MemLear_ses-01_part-02_label-nBack,2020.1.3,Win32,60,"[""d""]",1,0,16,16,16,1,home,d,1,Hit,[0.5766000000238449]
,,,,,,,991,,2021-12-02_11h36.02.921,MemLear_ses-01_part-02_label-nBack,2020.1.3,Win32,60,"[""l""]",1,0,17,17,17,1,fault,l,0,NoHit,[0.6085999999940412]
,,,,,,,991,,2021-12-02_11h36.02.921,MemLear_ses-01_part-02_label-nBack,2020.1.3,Win32,60,"[""d""]",0,0,18,18,18,1,pillow,l,0,NoHit,[0.3821999999880745]
,,,,,,,991,,2021-12-02_11h36.02.921,MemLear_ses-01_part-02_label-nBack,2020.1.3,Win32,60,"[""l""]",1,0,19,19,19,1,violin,l,0,NoHit,[0.8661999999880834]
,,,,,,,991,,2021-12-02_11h36.02.921,MemLear_ses-01_part-02_label-nBack,2020.1.3,Win32,60,"[""l""]",0,0,20,20,20,1,violin,d,1,Hit,[0.6849000000059533]
,,,,,,,991,,2021-12-02_11h36.02.921,MemLear_ses-01_part-02_label-nBack,2020.1.3,Win32,60,"[""l""]",1,0,21,21,21,1,tense,l,0,NoHit,[0.865599999994032]
,,,,,,,991,,2021-12-02_11h36.02.921,MemLear_ses-01_part-02_label-nBack,2020.1.3,Win32,60,"[""l""]",1,0,22,22,22,1,confident,l,0,NoHit,[1.0122000000178701]
,,,,,,,991,,2021-12-02_11h36.02.921,MemLear_ses-01_part-02_label-nBack,2020.1.3,Win32,60,"[""l""]",1,0,23,23,23,1,bomb,l,0,NoHit,[0.7175999999940359]
,,,,,,,991,,2021-12-02_11h36.02.921,MemLear_ses-01_part-02_label-nBack,2020.1.3,Win32,60,"[""d""]",1,0,24,24,24,1,confident,d,1,Hit,[0.4324999999999761]
,,,,,,,991,,2021-12-02_11h36.02.921,MemLear_ses-01_part-02_label-nBack,2020.1.3,Win32,60,"[""l""]",1,0,25,25,25,1,butterfly,l,0,NoHit,[0.7240999999940527]
,,,,,,,991,,2021-12-02_11h36.02.921,MemLear_ses-01_part-02_label-nBack,2020.1.3,Win32,60,"[""l""]",1,0,26,26,26,1,cheer,l,0,NoHit,[0.7361000000238391]
,,,,,,,991,,2021-12-02_11h36.02.921,MemLear_ses-01_part-02_label-nBack,2020.1.3,Win32,60,"[""l""]",1,0,27,27,27,1,street,l,0,NoHit,[1.0493000000119252]
,,,,,,,991,,2021-12-02_11h36.02.921,MemLear_ses-01_part-02_label-nBack,2020.1.3,Win32,60,"[""d""]",1,0,28,28,28,1,cheer,d,1,Hit,[0.45029999998212134]
,,,,,,,991,,2021-12-02_11h36.02.921,MemLear_ses-01_part-02_label-nBack,2020.1.3,Win32,60,"[""l""]",1,0,29,29,29,1,taxi,l,0,NoHit,[0.4294999999999902]
,,,,,,,991,,2021-12-02_11h36.02.921,MemLear_ses-01_part-02_label-nBack,2020.1.3,Win32,60,"[""l""]",1,0,30,30,30,1,adventure,l,0,NoHit,[0.8288000000119382]
,,,,,,,991,,2021-12-02_11h36.02.921,MemLear_ses-01_part-02_label-nBack,2020.1.3,Win32,60,"[""l""]",1,0,31,31,31,1,crutch,l,0,NoHit,[0.7865999999940527]
,,,,,,,991,,2021-12-02_11h36.02.921,MemLear_ses-01_part-02_label-nBack,2020.1.3,Win32,60,"[""d""]",1,0,32,32,32,1,adventure,d,1,Hit,[0.3719999999999857]
,,,,,,,991,,2021-12-02_11h36.02.921,MemLear_ses-01_part-02_label-nBack,2020.1.3,Win32,60,"[""l""]",1,0,33,33,33,1,vest,l,0,NoHit,[0.3935999999940236]
,,,,,,,991,,2021-12-02_11h36.02.921,MemLear_ses-01_part-02_label-nBack,2020.1.3,Win32,60,"[""l""]",1,0,34,34,34,1,taxi,l,0,NoHit,[0.7787999999821125]
,,,,,,,991,,2021-12-02_11h36.02.921,MemLear_ses-01_part-02_label-nBack,2020.1.3,Win32,60,"[""l""]",1,0,35,35,35,1,brave,l,0,NoHit,[0.4670999999940477]
,,,,,,,991,,2021-12-02_11h36.02.921,MemLear_ses-01_part-02_label-nBack,2020.1.3,Win32,60,"[""l""]",1,0,36,36,36,1,square,l,0,NoHit,[0.5904000000059568]
,,,,,,,991,,2021-12-02_11h36.02.921,MemLear_ses-01_part-02_label-nBack,2020.1.3,Win32,60,"[""d""]",1,0,37,37,37,1,brave,d,1,Hit,[0.3499999999999943]
,,,,,,,991,,2021-12-02_11h36.02.921,MemLear_ses-01_part-02_label-nBack,2020.1.3,Win32,60,"[""l""]",1,0,38,38,38,1,unhappy,l,0,NoHit,[0.46049999999999613]
,,,,,,,991,,2021-12-02_11h36.02.921,MemLear_ses-01_part-02_label-nBack,2020.1.3,Win32,60,"[""l""]",1,0,39,39,39,1,deformed,l,0,NoHit,[0.5544000000059555]
,,,,,,,991,,2021-12-02_11h36.02.921,MemLear_ses-01_part-02_label-nBack,2020.1.3,Win32,60,"[""l""]",1,0,40,40,40,1,rifle,l,0,NoHit,[0.5527999999821134]
,,,,,,,991,,2021-12-02_11h36.02.921,MemLear_ses-01_part-02_label-nBack,2020.1.3,Win32,60,"[""d""]",1,0,41,41,41,1,deformed,d,1,Hit,[0.36040000000596706]
,,,,,,,991,,2021-12-02_11h36.02.921,MemLear_ses-01_part-02_label-nBack,2020.1.3,Win32,60,"[""l""]",1,0,42,42,42,1,tense,l,0,NoHit,[0.3347000000179037]
,,,,,,,991,,2021-12-02_11h36.02.921,MemLear_ses-01_part-02_label-nBack,2020.1.3,Win32,60,"[""l""]",1,0,43,43,43,1,inferior,l,0,NoHit,[0.7994999999999948]
,,,,,,,991,,2021-12-02_11h36.02.921,MemLear_ses-01_part-02_label-nBack,2020.1.3,Win32,60,"[""l""]",1,0,44,44,44,1,exercise,l,0,NoHit,[0.518299999982105]
,,,,,,,991,,2021-12-02_11h36.02.921,MemLear_ses-01_part-02_label-nBack,2020.1.3,Win32,60,"[""d""]",1,0,45,45,45,1,inferior,d,1,Hit,[0.6084000000059575]
,,,,,,,991,,2021-12-02_11h36.02.921,MemLear_ses-01_part-02_label-nBack,2020.1.3,Win32,60,"[""l""]",1,0,46,46,46,1,crutch,l,0,NoHit,[0.5609999999999786]
,,,,,,,991,,2021-12-02_11h36.02.921,MemLear_ses-01_part-02_label-nBack,2020.1.3,Win32,60,"[""l""]",1,0,47,47,47,1,obesity,l,0,NoHit,[0.7150000000000034]
,,,,,,,991,,2021-12-02_11h36.02.921,MemLear_ses-01_part-02_label-nBack,2020.1.3,Win32,60,"[""l""]",1,0,48,48,48,1,bless,l,0,NoHit,[0.6874000000059368]
,,,,,,,991,,2021-12-02_11h36.02.921,MemLear_ses-01_part-02_label-nBack,2020.1.3,Win32,60,"[""d""]",1,0,49,49,49,1,obesity,d,1,Hit,[0.7172999999821172]
,,,,,,,991,,2021-12-02_11h36.02.921,MemLear_ses-01_part-02_label-nBack,2020.1.3,Win32,60,"[""l""]",1,0,50,50,50,1,pistol,l,0,NoHit,[0.5337000000178875]
,,,,,,,991,,2021-12-02_11h36.02.921,MemLear_ses-01_part-02_label-nBack,2020.1.3,Win32,60,"[""l""]",1,0,51,51,51,1,bored,l,0,NoHit,[0.5915999999940595]
,,,,,,,991,,2021-12-02_11h36.02.921,MemLear_ses-01_part-02_label-nBack,2020.1.3,Win32,60,"[""l""]",1,0,52,52,52,1,pity,l,0,NoHit,[0.6062999999820988]
,,,,,,,991,,2021-12-02_11h36.02.921,MemLear_ses-01_part-02_label-nBack,2020.1.3,Win32,60,"[""l""]",1,0,53,53,53,1,politeness,l,0,NoHit,[0.7325999999940507]
,,,,,,,991,,2021-12-02_11h36.02.921,MemLear_ses-01_part-02_label-nBack,2020.1.3,Win32,60,"[""d""]",1,0,54,54,54,1,pity,d,1,Hit,[0.4657000000178755]
,,,,,,,991,,2021-12-02_11h36.02.921,MemLear_ses-01_part-02_label-nBack,2020.1.3,Win32,60,"[""l""]",1,0,55,55,55,1,beautiful,l,0,NoHit,[0.5027000000178816]
,,,,,,,991,,2021-12-02_11h36.02.921,MemLear_ses-01_part-02_label-nBack,2020.1.3,Win32,60,"[""l""]",1,0,56,56,56,1,street,l,0,NoHit,[0.4298000000119373]
,,,,,,,991,,2021-12-02_11h36.02.921,MemLear_ses-01_part-02_label-nBack,2020.1.3,Win32,60,"[""l""]",0,0,57,57,57,1,beautiful,d,1,Hit,[0.7043999999761752]
,,,,,,,991,,2021-12-02_11h36.02.921,MemLear_ses-01_part-02_label-nBack,2020.1.3,Win32,60,"[""l""]",1,0,58,58,58,1,aroused,l,0,NoHit,[1.0317999999820984]
,,,,,,,991,,2021-12-02_11h36.02.921,MemLear_ses-01_part-02_label-nBack,2020.1.3,Win32,60,"[""l""]",1,0,59,59,59,1,demon,l,0,NoHit,[0.73690000000596]
,,,,,,,991,,2021-12-02_11h36.02.921,MemLear_ses-01_part-02_label-nBack,2020.1.3,Win32,60,"[""d""]",1,0,60,60,60,1,aroused,d,1,Hit,[0.4410000000000025]
,,,,,,,991,,2021-12-02_11h36.02.921,MemLear_ses-01_part-02_label-nBack,2020.1.3,Win32,60,"[""l""]",1,0,61,61,61,1,cash,l,0,NoHit,[0.510699999988077]
,,,,,,,991,,2021-12-02_11h36.02.921,MemLear_ses-01_part-02_label-nBack,2020.1.3,Win32,60,"[""l""]",1,0,62,62,62,1,immature,l,0,NoHit,[0.60359999999406]
,,,,,,,991,,2021-12-02_11h36.02.921,MemLear_ses-01_part-02_label-nBack,2020.1.3,Win32,60,"[""l""]",1,0,63,63,63,1,cheer,l,0,NoHit,[0.7709999999999866]
,,,,,,,991,,2021-12-02_11h36.02.921,MemLear_ses-01_part-02_label-nBack,2020.1.3,Win32,60,"[""l""]",0,0,64,64,64,1,cheer,d,1,Hit,[0.7494000000059486]
,,,,,,,991,,2021-12-02_11h36.02.921,MemLear_ses-01_part-02_label-nBack,2020.1.3,Win32,60,"[""l""]",1,0,65,65,65,1,controlling,l,0,NoHit,[0.6584000000059689]
,,,,,,,991,,2021-12-02_11h36.02.921,MemLear_ses-01_part-02_label-nBack,2020.1.3,Win32,60,"[""l""]",1,0,66,66,66,1,messy,l,0,NoHit,[0.7986000000238391]
,,,,,,,991,,2021-12-02_11h36.02.921,MemLear_ses-01_part-02_label-nBack,2020.1.3,Win32,60,"[""l""]",1,0,67,67,67,1,cliff,l,0,NoHit,[0.594799999982115]
,,,,,,,991,,2021-12-02_11h36.02.921,MemLear_ses-01_part-02_label-nBack,2020.1.3,Win32,60,"[""l""]",1,0,68,68,68,1,butterfly,l,0,NoHit,[0.49890000000596046]
,,,,,,,991,,2021-12-02_11h36.02.921,MemLear_ses-01_part-02_label-nBack,2020.1.3,Win32,60,"[""d""]",1,0,69,69,69,1,cliff,d,1,Hit,[0.5680999999940468]
,,,,,,,991,,2021-12-02_11h36.02.921,MemLear_ses-01_part-02_label-nBack,2020.1.3,Win32,60,"[""l""]",1,0,70,70,70,1,erotic,l,0,NoHit,[0.30020000001786684]
,,,,,,,991,,2021-12-02_11h36.02.921,MemLear_ses-01_part-02_label-nBack,2020.1.3,Win32,60,"[""l""]",1,0,71,71,71,1,vest,l,0,NoHit,[0.3057000000178789]
,,,,,,,991,,2021-12-02_11h36.02.921,MemLear_ses-01_part-02_label-nBack,2020.1.3,Win32,60,"[""l""]",1,0,72,72,72,1,dazzle,l,0,NoHit,[0.554000000000002]
,,,,,,,991,,2021-12-02_11h36.02.921,MemLear_ses-01_part-02_label-nBack,2020.1.3,Win32,60,"[""l""]",1,0,73,73,73,1,disloyal,l,0,NoHit,[0.4908000000119159]
,,,,,,,991,,2021-12-02_11h36.02.921,MemLear_ses-01_part-02_label-nBack,2020.1.3,Win32,60,"[""l"",""d""]",0,0,74,74,74,1,dazzle,d,1,Hit,"[0.43940000000594637,1.4609999999999843]"
,,,,,,,991,,2021-12-02_11h36.02.921,MemLear_ses-01_part-02_label-nBack,2020.1.3,Win32,60,"[""l""]",1,0,75,75,75,1,defiant,l,0,NoHit,[0.9786999999880663]
,,,,,,,991,,2021-12-02_11h36.02.921,MemLear_ses-01_part-02_label-nBack,2020.1.3,Win32,60,"[""l""]",1,0,76,76,76,1,fault,l,0,NoHit,[1.2753000000119243]
,,,,,,,991,,2021-12-02_11h36.02.921,MemLear_ses-01_part-02_label-nBack,2020.1.3,Win32,60,"[""d""]",1,0,77,77,77,1,defiant,d,1,Hit,[0.5835999999940498]
,,,,,,,991,,2021-12-02_11h36.02.921,MemLear_ses-01_part-02_label-nBack,2020.1.3,Win32,60,"[""l""]",1,0,78,78,78,1,shotgun,l,0,NoHit,[0.4817000000178666]
,,,,,,,991,,2021-12-02_11h36.02.921,MemLear_ses-01_part-02_label-nBack,2020.1.3,Win32,60,"[""l""]",1,0,79,79,79,1,revolt,l,0,NoHit,[0.6879000000059534]
,,,,,,,991,,2021-12-02_11h36.02.921,MemLear_ses-01_part-02_label-nBack,2020.1.3,Win32,60,"[""l""]",1,0,80,80,80,1,unhappy,l,0,NoHit,[0.45880000001190524]
,,,,,,,991,,2021-12-02_11h36.02.921,MemLear_ses-01_part-02_label-nBack,2020.1.3,Win32,60,"[""d""]",1,0,81,81,81,1,revolt,d,1,Hit,[0.46469999998808476]
,,,,,,,991,,2021-12-02_11h36.02.921,MemLear_ses-01_part-02_label-nBack,2020.1.3,Win32,60,"[""l""]",1,0,82,82,82,1,car,l,0,NoHit,[0.5204999999999984]
,,,,,,,991,,2021-12-02_11h36.02.921,MemLear_ses-01_part-02_label-nBack,2020.1.3,Win32,60,"[""l""]",1,0,83,83,83,1,fight,l,0,NoHit,[0.567100000023828]
,,,,,,,991,,2021-12-02_11h36.02.921,MemLear_ses-01_part-02_label-nBack,2020.1.3,Win32,60,"[""l""]",1,0,84,84,84,1,obsession,l,0,NoHit,[0.6670999999940364]
,,,,,,,991,,2021-12-02_11h36.02.921,MemLear_ses-01_part-02_label-nBack,2020.1.3,Win32,60,"[""l""]",0,0,85,85,85,1,obsession,d,1,Hit,[0.7672999999821002]
,,,,,,,991,,2021-12-02_11h36.02.921,MemLear_ses-01_part-02_label-nBack,2020.1.3,Win32,60,"[""l""]",1,0,86,86,86,1,messy,l,0,NoHit,[0.9505000000000052]
,,,,,,,991,,2021-12-02_11h36.02.921,MemLear_ses-01_part-02_label-nBack,2020.1.3,Win32,60,"[""l""]",1,0,87,87,87,1,anger,l,0,NoHit,[1.0671000000238564]
,,,,,,,991,,2021-12-02_11h36.02.921,MemLear_ses-01_part-02_label-nBack,2020.1.3,Win32,60,"[""l""]",1,0,88,88,88,1,exercise,l,0,NoHit,[0.9173000000119202]
,,,,,,,991,,2021-12-02_11h36.02.921,MemLear_ses-01_part-02_label-nBack,2020.1.3,Win32,60,"[""d""]",1,0,89,89,89,1,anger,d,1,Hit,[0.8509000000059643]
,,,,,,,991,,2021-12-02_11h36.02.921,MemLear_ses-01_part-02_label-nBack,2020.1.3,Win32,60,"[""l""]",1,0,90,90,90,1,suspicious,l,0,NoHit,[0.5003000000119187]
,,,,,,,991,,2021-12-02_11h36.02.921,MemLear_ses-01_part-02_label-nBack,2020.1.3,Win32,60,"[""l""]",1,0,91,91,91,1,politeness,l,0,NoHit,[0.817699999988065]
,,,,,,,991,,2021-12-02_11h36.02.921,MemLear_ses-01_part-02_label-nBack,2020.1.3,Win32,60,"[""d""]",1,0,92,92,92,1,suspicious,d,1,Hit,[0.43329999998212543]
,,,,,,,991,,2021-12-02_11h36.02.921,MemLear_ses-01_part-02_label-nBack,2020.1.3,Win32,60,"[""l""]",1,0,93,93,93,1,shark,l,0,NoHit,[0.3505999999940457]
,,,,,,,991,,2021-12-02_11h36.02.921,MemLear_ses-01_part-02_label-nBack,2020.1.3,Win32,60,"[""l""]",1,0,94,94,94,1,detest,l,0,NoHit,[0.5838000000119052]
,,,,,,,991,,2021-12-02_11h36.02.921,MemLear_ses-01_part-02_label-nBack,2020.1.3,Win32,60,"[""d""]",1,0,95,95,95,1,shark,d,1,Hit,[0.45000000000001705]
,,,,,,,991,,2021-12-02_11h36.02.921,MemLear_ses-01_part-02_label-nBack,2020.1.3,Win32,60,"[""l""]",1,0,96,96,96,1,cash,l,0,NoHit,[0.35030000001191297]
,,,,,,,991,,2021-12-02_11h36.02.921,MemLear_ses-01_part-02_label-nBack,2020.1.3,Win32,60,"[""l""]",1,0,97,97,97,1,cancer,l,0,NoHit,[0.5837999999821193]
,,,,,,,991,,2021-12-02_11h36.02.921,MemLear_ses-01_part-02_label-nBack,2020.1.3,Win32,60,"[""l""]",1,0,98,98,98,1,pistol,l,0,NoHit,[0.6335999999940327]
,,,,,,,991,,2021-12-02_11h36.02.921,MemLear_ses-01_part-02_label-nBack,2020.1.3,Win32,60,"[""d""]",1,0,99,99,99,1,cancer,d,1,Hit,[0.6672999999821059]
